{
  event = "msg_showcmd",
  kind = { { 0, "~@k", 0 } }
}
{
  event = "msg_showcmd",
  kind = {}
}
{
  event = "msg_showcmd",
  kind = { { 0, "~@k", 0 } }
}
{
  event = "msg_showcmd",
  kind = {}
}
{
  event = "msg_showcmd",
  kind = { { 0, "~@k", 0 } }
}
{
  event = "msg_showcmd",
  kind = {}
}
{
  event = "msg_showcmd",
  kind = { { 0, "~@k", 0 } }
}
{
  event = "msg_showcmd",
  kind = {}
}
{
  event = "msg_showcmd",
  kind = { { 0, "~@k", 0 } }
}
{
  event = "msg_showcmd",
  kind = {}
}
{
  event = "msg_showcmd",
  kind = { { 0, "~@k", 0 } }
}
{
  event = "msg_showcmd",
  kind = {}
}
{
  event = "msg_showcmd",
  kind = { { 0, "~@k", 0 } }
}
{
  event = "msg_showcmd",
  kind = {}
}
{
  event = "msg_showcmd",
  kind = { { 0, "~@k", 0 } }
}
{
  event = "msg_showcmd",
  kind = {}
}
{
  event = "msg_showcmd",
  kind = { { 0, "~@k", 0 } }
}
{
  event = "msg_showcmd",
  kind = {}
}
{
  event = "msg_showcmd",
  kind = { { 0, "~@k", 0 } }
}
{
  event = "msg_showcmd",
  kind = {}
}
{
  event = "msg_showcmd",
  kind = { { 0, "~@k", 0 } }
}
{
  event = "msg_showcmd",
  kind = {}
}
{
  event = "msg_showcmd",
  kind = { { 0, "~@k", 0 } }
}
{
  event = "msg_showcmd",
  kind = {}
}
{
  event = "msg_showcmd",
  kind = { { 0, "~@k", 0 } }
}
{
  event = "msg_showcmd",
  kind = {}
}
{
  event = "msg_showcmd",
  kind = { { 0, "~@k", 0 } }
}
{
  event = "msg_showcmd",
  kind = {}
}
{
  event = "msg_showcmd",
  kind = { { 0, "~@k", 0 } }
}
{
  event = "msg_showcmd",
  kind = {}
}
{
  event = "msg_showcmd",
  kind = { { 0, "~@k", 0 } }
}
{
  event = "msg_showcmd",
  kind = {}
}
{
  event = "msg_showcmd",
  kind = { { 0, "~@k", 0 } }
}
{
  event = "msg_showcmd",
  kind = {}
}
{
  event = "msg_showcmd",
  kind = { { 0, "~@k", 0 } }
}
{
  event = "msg_showcmd",
  kind = {}
}
{
  event = "msg_showcmd",
  kind = { { 0, "~@k", 0 } }
}
{
  event = "msg_showcmd",
  kind = {}
}
{
  event = "msg_showcmd",
  kind = { { 0, "~@k", 0 } }
}
{
  event = "msg_showcmd",
  kind = {}
}
{
  event = "msg_showcmd",
  kind = { { 0, "~@k", 0 } }
}
{
  event = "msg_showcmd",
  kind = {}
}
{
  event = "msg_showcmd",
  kind = { { 0, "~@k", 0 } }
}
{
  event = "msg_showcmd",
  kind = {}
}
{
  event = "msg_showcmd",
  kind = { { 0, "~@k", 0 } }
}
{
  event = "msg_showcmd",
  kind = {}
}
{
  event = "msg_showcmd",
  kind = { { 0, "~@k", 0 } }
}
{
  event = "msg_showcmd",
  kind = {}
}
{
  event = "msg_showcmd",
  kind = { { 0, "~@k", 0 } }
}
{
  event = "msg_showcmd",
  kind = {}
}
{
  event = "msg_showcmd",
  kind = { { 0, "~@k", 0 } }
}
{
  event = "msg_showcmd",
  kind = {}
}
{
  event = "msg_showcmd",
  kind = { { 0, "~@k", 0 } }
}
{
  event = "msg_showcmd",
  kind = {}
}
{
  event = "msg_showcmd",
  kind = { { 0, "~@k", 0 } }
}
{
  event = "msg_showcmd",
  kind = {}
}
{
  event = "msg_showcmd",
  kind = { { 0, "~@k", 0 } }
}
{
  event = "msg_showcmd",
  kind = {}
}
{
  event = "msg_showcmd",
  kind = { { 0, "~@k", 0 } }
}
{
  event = "msg_showcmd",
  kind = {}
}
{
  event = "msg_showcmd",
  kind = { { 0, "~@k", 0 } }
}
{
  event = "msg_showcmd",
  kind = {}
}
{
  event = "msg_showcmd",
  kind = { { 0, "~@k", 0 } }
}
{
  event = "msg_showcmd",
  kind = {}
}
{
  event = "msg_showcmd",
  kind = { { 0, "~@k", 0 } }
}
{
  event = "msg_showcmd",
  kind = {}
}
{
  event = "msg_showcmd",
  kind = { { 0, "~@k", 0 } }
}
{
  event = "msg_showcmd",
  kind = {}
}
{
  event = "msg_showcmd",
  kind = { { 0, "~@k", 0 } }
}
{
  event = "msg_showcmd",
  kind = {}
}
{
  event = "msg_showcmd",
  kind = { { 0, "~@k", 0 } }
}
{
  event = "msg_showcmd",
  kind = {}
}
{
  event = "msg_showcmd",
  kind = { { 0, "~@k", 0 } }
}
{
  event = "msg_showcmd",
  kind = {}
}
{
  event = "msg_showcmd",
  kind = { { 0, "~@k", 0 } }
}
{
  event = "msg_showcmd",
  kind = {}
}
{
  event = "msg_showcmd",
  kind = { { 0, "~@k", 0 } }
}
{
  event = "msg_showcmd",
  kind = {}
}
{
  event = "msg_showcmd",
  kind = { { 0, "~@k", 0 } }
}
{
  event = "msg_showcmd",
  kind = {}
}
{
  event = "msg_showcmd",
  kind = { { 0, "~@k", 0 } }
}
{
  event = "msg_showcmd",
  kind = {}
}
{
  event = "msg_showcmd",
  kind = { { 0, "~@k", 0 } }
}
{
  event = "msg_showcmd",
  kind = {}
}
{
  event = "msg_showcmd",
  kind = { { 0, "~@k", 0 } }
}
{
  event = "msg_showcmd",
  kind = {}
}
{
  event = "msg_showcmd",
  kind = { { 0, "~@k", 0 } }
}
{
  event = "msg_showcmd",
  kind = {}
}
{
  event = "msg_showcmd",
  kind = { { 0, "~@k", 0 } }
}
{
  event = "msg_showcmd",
  kind = {}
}
{
  event = "msg_showcmd",
  kind = { { 0, "~@k", 0 } }
}
{
  event = "msg_showcmd",
  kind = {}
}
{
  event = "msg_showcmd",
  kind = { { 0, "~@k", 0 } }
}
{
  event = "msg_showcmd",
  kind = {}
}
{
  event = "msg_showcmd",
  kind = { { 0, "~@k", 0 } }
}
{
  event = "msg_showcmd",
  kind = {}
}
{
  event = "msg_showcmd",
  kind = { { 0, "~@k", 0 } }
}
{
  event = "msg_showcmd",
  kind = {}
}
{
  event = "msg_showcmd",
  kind = { { 0, "~@k", 0 } }
}
{
  event = "msg_showcmd",
  kind = {}
}
{
  event = "msg_showcmd",
  kind = { { 0, "~@k", 0 } }
}
{
  event = "msg_showcmd",
  kind = {}
}
{
  event = "msg_showcmd",
  kind = { { 0, "~@k", 0 } }
}
{
  event = "msg_showcmd",
  kind = {}
}
{
  event = "msg_showcmd",
  kind = { { 0, "~@k", 0 } }
}
{
  event = "msg_showcmd",
  kind = {}
}
{
  event = "msg_showcmd",
  kind = { { 0, "~@k", 0 } }
}
{
  event = "msg_showcmd",
  kind = {}
}
{
  event = "msg_showcmd",
  kind = { { 0, "~@k", 0 } }
}
{
  event = "msg_showcmd",
  kind = {}
}
{
  event = "msg_showcmd",
  kind = { { 0, "~@k", 0 } }
}
{
  event = "msg_showcmd",
  kind = {}
}
{
  event = "msg_showcmd",
  kind = { { 0, "~@k", 0 } }
}
{
  event = "msg_showcmd",
  kind = {}
}
{
  event = "msg_showcmd",
  kind = { { 0, "~@k", 0 } }
}
{
  event = "msg_showcmd",
  kind = {}
}
{
  event = "msg_showcmd",
  kind = { { 0, "~@k", 0 } }
}
{
  event = "msg_showcmd",
  kind = {}
}
{
  event = "msg_showcmd",
  kind = { { 0, "~@k", 0 } }
}
{
  event = "msg_showcmd",
  kind = {}
}
{
  event = "msg_showcmd",
  kind = { { 0, "~@k", 0 } }
}
{
  event = "msg_showcmd",
  kind = {}
}
{
  event = "msg_showcmd",
  kind = { { 0, "~@k", 0 } }
}
{
  event = "msg_showcmd",
  kind = {}
}
{
  event = "msg_showcmd",
  kind = { { 0, "~@k", 0 } }
}
{
  event = "msg_showcmd",
  kind = {}
}
{
  event = "msg_showcmd",
  kind = { { 0, "~@k", 0 } }
}
{
  event = "msg_showcmd",
  kind = {}
}
{
  event = "msg_showcmd",
  kind = { { 0, "~@k", 0 } }
}
{
  event = "msg_showcmd",
  kind = {}
}
{
  event = "msg_showcmd",
  kind = { { 0, "~@k", 0 } }
}
{
  event = "msg_showcmd",
  kind = {}
}
{
  event = "msg_showcmd",
  kind = { { 0, "~@k", 0 } }
}
{
  event = "msg_showcmd",
  kind = {}
}
{
  event = "msg_showcmd",
  kind = { { 0, "~@k", 0 } }
}
{
  event = "msg_showcmd",
  kind = {}
}
{
  event = "msg_showcmd",
  kind = { { 0, "~@k", 0 } }
}
{
  event = "msg_showcmd",
  kind = {}
}
{
  event = "msg_showcmd",
  kind = { { 0, "~@k", 0 } }
}
{
  event = "msg_showcmd",
  kind = {}
}
{
  event = "msg_showcmd",
  kind = { { 0, "~@k", 0 } }
}
{
  event = "msg_showcmd",
  kind = {}
}
{
  event = "msg_showcmd",
  kind = { { 0, "~@k", 0 } }
}
{
  event = "msg_showcmd",
  kind = {}
}
{
  event = "msg_showcmd",
  kind = { { 0, "~@k", 0 } }
}
{
  event = "msg_showcmd",
  kind = {}
}
{
  event = "msg_showcmd",
  kind = { { 0, "~@k", 0 } }
}
{
  event = "msg_showcmd",
  kind = {}
}
{
  event = "msg_showcmd",
  kind = { { 0, "~@k", 0 } }
}
{
  event = "msg_showcmd",
  kind = {}
}
{
  event = "msg_showcmd",
  kind = { { 0, "~@k", 0 } }
}
{
  event = "msg_showcmd",
  kind = {}
}
{
  event = "msg_showcmd",
  kind = { { 0, "~@k", 0 } }
}
{
  event = "msg_showcmd",
  kind = {}
}
{
  event = "msg_showcmd",
  kind = { { 0, "~@k", 0 } }
}
{
  event = "msg_showcmd",
  kind = {}
}
{
  event = "msg_showcmd",
  kind = { { 0, "~@k", 0 } }
}
{
  event = "msg_showcmd",
  kind = {}
}
{
  event = "msg_showcmd",
  kind = { { 0, "~@k", 0 } }
}
{
  event = "msg_showcmd",
  kind = {}
}
{
  event = "msg_showcmd",
  kind = { { 0, "~@k", 0 } }
}
{
  event = "msg_showcmd",
  kind = {}
}
{
  event = "msg_showcmd",
  kind = { { 0, "~@k", 0 } }
}
{
  event = "msg_showcmd",
  kind = {}
}
{
  event = "msg_showcmd",
  kind = { { 0, "~@k", 0 } }
}
{
  event = "msg_showcmd",
  kind = {}
}
{
  event = "msg_showcmd",
  kind = { { 0, "~@k", 0 } }
}
{
  event = "msg_showcmd",
  kind = {}
}
{
  event = "msg_showcmd",
  kind = { { 0, "~@k", 0 } }
}
{
  event = "msg_showcmd",
  kind = {}
}
{
  event = "msg_showcmd",
  kind = { { 0, "~@k", 0 } }
}
{
  event = "msg_showcmd",
  kind = {}
}
{
  event = "msg_showcmd",
  kind = { { 0, "~@k", 0 } }
}
{
  event = "msg_showcmd",
  kind = {}
}
{
  event = "msg_showcmd",
  kind = { { 0, "~@k", 0 } }
}
{
  event = "msg_showcmd",
  kind = {}
}
{
  event = "msg_showcmd",
  kind = { { 0, "~@k", 0 } }
}
{
  event = "msg_showcmd",
  kind = {}
}
{
  event = "msg_showcmd",
  kind = { { 0, "~@k", 0 } }
}
{
  event = "msg_showcmd",
  kind = {}
}
{
  event = "msg_showcmd",
  kind = { { 0, "~@k", 0 } }
}
{
  event = "msg_showcmd",
  kind = {}
}
{
  event = "msg_showcmd",
  kind = { { 0, "~@k", 0 } }
}
{
  event = "msg_showcmd",
  kind = {}
}
{
  event = "msg_showcmd",
  kind = { { 0, "~@k", 0 } }
}
{
  event = "msg_showcmd",
  kind = {}
}
{
  event = "msg_showcmd",
  kind = { { 0, "~@k", 0 } }
}
{
  event = "msg_showcmd",
  kind = {}
}
{
  event = "msg_showcmd",
  kind = { { 0, "~@k", 0 } }
}
{
  event = "msg_showcmd",
  kind = {}
}
{
  event = "msg_showcmd",
  kind = { { 0, "~@k", 0 } }
}
{
  event = "msg_showcmd",
  kind = {}
}
{
  event = "msg_showcmd",
  kind = { { 0, "~@k", 0 } }
}
{
  event = "msg_showcmd",
  kind = {}
}
{
  event = "msg_showcmd",
  kind = { { 0, "~@k", 0 } }
}
{
  event = "msg_showcmd",
  kind = {}
}
{
  event = "msg_showcmd",
  kind = { { 0, "~@k", 0 } }
}
{
  event = "msg_showcmd",
  kind = {}
}
{
  event = "msg_showcmd",
  kind = { { 0, "~@k", 0 } }
}
{
  event = "msg_showcmd",
  kind = {}
}
{
  event = "msg_showcmd",
  kind = { { 0, "~@k", 0 } }
}
{
  event = "msg_showcmd",
  kind = {}
}
{
  event = "msg_showcmd",
  kind = { { 0, "~@k", 0 } }
}
{
  event = "msg_showcmd",
  kind = {}
}
{
  event = "msg_showcmd",
  kind = { { 0, "~@k", 0 } }
}
{
  event = "msg_showcmd",
  kind = {}
}
{
  event = "msg_showcmd",
  kind = { { 0, "~@k", 0 } }
}
{
  event = "msg_showcmd",
  kind = {}
}
{
  event = "msg_showcmd",
  kind = { { 0, "~@k", 0 } }
}
{
  event = "msg_showcmd",
  kind = {}
}
{
  event = "msg_showcmd",
  kind = { { 0, "~@k", 0 } }
}
{
  event = "msg_showcmd",
  kind = {}
}
{
  event = "msg_showcmd",
  kind = { { 0, "~@k", 0 } }
}
{
  event = "msg_showcmd",
  kind = {}
}
{
  event = "msg_showcmd",
  kind = { { 0, "~@k", 0 } }
}
{
  event = "msg_showcmd",
  kind = {}
}
{
  event = "msg_showcmd",
  kind = { { 0, "~@k", 0 } }
}
{
  event = "msg_showcmd",
  kind = {}
}
{
  event = "msg_showcmd",
  kind = { { 0, "~@k", 0 } }
}
{
  event = "msg_showcmd",
  kind = {}
}
{
  event = "msg_showcmd",
  kind = { { 0, "~@k", 0 } }
}
{
  event = "msg_showcmd",
  kind = {}
}
{
  event = "msg_showcmd",
  kind = { { 0, "~@k", 0 } }
}
{
  event = "msg_showcmd",
  kind = {}
}
{
  event = "msg_showcmd",
  kind = { { 0, "~@k", 0 } }
}
{
  event = "msg_showcmd",
  kind = {}
}
{
  event = "msg_showcmd",
  kind = { { 0, "~@k", 0 } }
}
{
  event = "msg_showcmd",
  kind = {}
}
{
  event = "msg_showcmd",
  kind = { { 0, "~@k", 0 } }
}
{
  event = "msg_showcmd",
  kind = {}
}
{
  event = "msg_showcmd",
  kind = { { 0, "~@k", 0 } }
}
{
  event = "msg_showcmd",
  kind = {}
}
{
  event = "msg_showcmd",
  kind = { { 0, "~@k", 0 } }
}
{
  event = "msg_showcmd",
  kind = {}
}
{
  event = "msg_showcmd",
  kind = { { 0, "~@k", 0 } }
}
{
  event = "msg_showcmd",
  kind = {}
}
{
  event = "msg_showcmd",
  kind = { { 0, "~@k", 0 } }
}
{
  event = "msg_showcmd",
  kind = {}
}
{
  event = "msg_showcmd",
  kind = { { 0, "~@k", 0 } }
}
{
  event = "msg_showcmd",
  kind = {}
}
{
  event = "msg_showcmd",
  kind = { { 0, "~@k", 0 } }
}
{
  event = "msg_showcmd",
  kind = {}
}
{
  event = "msg_showcmd",
  kind = { { 0, "~@k", 0 } }
}
{
  event = "msg_showcmd",
  kind = {}
}
{
  event = "msg_showcmd",
  kind = { { 0, "~@k", 0 } }
}
{
  event = "msg_showcmd",
  kind = {}
}
{
  event = "msg_showcmd",
  kind = { { 0, "~@k", 0 } }
}
{
  event = "msg_showcmd",
  kind = {}
}
{
  event = "msg_showcmd",
  kind = { { 0, "~@k", 0 } }
}
{
  event = "msg_showcmd",
  kind = {}
}
{
  event = "msg_showcmd",
  kind = { { 0, "~@k", 0 } }
}
{
  event = "msg_showcmd",
  kind = {}
}
{
  event = "msg_showcmd",
  kind = { { 0, "~@k", 0 } }
}
{
  event = "msg_showcmd",
  kind = {}
}
{
  event = "msg_showcmd",
  kind = { { 0, "~@k", 0 } }
}
{
  event = "msg_showcmd",
  kind = {}
}
{
  event = "msg_showcmd",
  kind = { { 0, "~@k", 0 } }
}
{
  event = "msg_showcmd",
  kind = {}
}
{
  event = "msg_showcmd",
  kind = { { 0, "~@k", 0 } }
}
{
  event = "msg_showcmd",
  kind = {}
}
{
  event = "msg_showcmd",
  kind = { { 0, "~@k", 0 } }
}
{
  event = "msg_showcmd",
  kind = {}
}
{
  event = "msg_showcmd",
  kind = { { 0, "~@k", 0 } }
}
{
  event = "msg_showcmd",
  kind = {}
}
{
  event = "msg_showcmd",
  kind = { { 0, "~@k", 0 } }
}
{
  event = "msg_showcmd",
  kind = {}
}
{
  event = "msg_showcmd",
  kind = { { 0, "~@k", 0 } }
}
{
  event = "msg_showcmd",
  kind = {}
}
{
  event = "msg_showcmd",
  kind = { { 0, "~@k", 0 } }
}
{
  event = "msg_showcmd",
  kind = {}
}
{
  event = "msg_showcmd",
  kind = { { 0, "~@k", 0 } }
}
{
  event = "msg_showcmd",
  kind = {}
}
{
  event = "msg_showcmd",
  kind = { { 0, ":", 0 } }
}
{ 0, ":", "", 0, 1, 0,
  event = "cmdline_show",
  kind = { { 0, "" } }
}
{ 1, ":", "", 0, 1, 0,
  event = "cmdline_show",
  kind = { { 0, "D" } }
}
{ 2, ":", "", 0, 1, 0,
  event = "cmdline_show",
  kind = { { 0, "Di" } }
}
{ 3, ":", "", 0, 1, 0,
  event = "cmdline_show",
  kind = { { 0, "Dif" } }
}
{ -1, 0, 0, -1,
  event = "popupmenu_show",
  kind = { { "DiffviewClose", "", "", "" }, { "DiffviewFileHistory", "", "", "" }, { "DiffviewFocusFiles", "", "", "" }, { "DiffviewLog", "", "", "" }, { "DiffviewOpen", "", "", "" }, { "DiffviewRefresh", "", "", "" }, { "DiffviewToggleFiles", "", "", "" } }
}
{ 3, ":", "", 0, 1, 0,
  event = "cmdline_show",
  kind = { { 0, "Dif" } }
}
{
  event = "popupmenu_select",
  kind = 0
}
{ 3, ":", "", 0, 1, 0,
  event = "cmdline_show",
  kind = { { 0, "Dif" } }
}
{ 13, ":", "", 0, 1, 0,
  event = "cmdline_show",
  kind = { { 0, "DiffviewClose" } }
}
{
  event = "popupmenu_select",
  kind = 1
}
{ 19, ":", "", 0, 1, 0,
  event = "cmdline_show",
  kind = { { 0, "DiffviewFileHistory" } }
}
{
  event = "popupmenu_hide"
}
{ false,
  event = "cmdline_hide",
  kind = 1
}
{
  event = "msg_showcmd",
  kind = {}
}
{
  event = "msg_showcmd",
  kind = { { 0, ":", 0 } }
}
{ 0, ":", "", 0, 1, 0,
  event = "cmdline_show",
  kind = { { 0, "" } }
}
{ 19, ":", "", 0, 1, 0,
  event = "cmdline_show",
  kind = { { 0, "DiffviewFileHistory" } }
}
{ false,
  event = "cmdline_hide",
  kind = 1
}
{
  event = "msg_showcmd",
  kind = {}
}
{
  event = "msg_showcmd",
  kind = { { 0, ":", 0 } }
}
{ 0, ":", "", 0, 1, 0,
  event = "cmdline_show",
  kind = { { 0, "" } }
}
{ 1, ":", "", 0, 1, 0,
  event = "cmdline_show",
  kind = { { 0, "D" } }
}
{ 2, ":", "", 0, 1, 0,
  event = "cmdline_show",
  kind = { { 0, "Di" } }
}
{ 3, ":", "", 0, 1, 0,
  event = "cmdline_show",
  kind = { { 0, "Dif" } }
}
{ 4, ":", "", 0, 1, 0,
  event = "cmdline_show",
  kind = { { 0, "Diff" } }
}
{ -1, 0, 0, -1,
  event = "popupmenu_show",
  kind = { { "DiffviewClose", "", "", "" }, { "DiffviewFileHistory", "", "", "" }, { "DiffviewFocusFiles", "", "", "" }, { "DiffviewLog", "", "", "" }, { "DiffviewOpen", "", "", "" }, { "DiffviewRefresh", "", "", "" }, { "DiffviewToggleFiles", "", "", "" } }
}
{ 4, ":", "", 0, 1, 0,
  event = "cmdline_show",
  kind = { { 0, "Diff" } }
}
{
  event = "popupmenu_select",
  kind = 0
}
{ 4, ":", "", 0, 1, 0,
  event = "cmdline_show",
  kind = { { 0, "Diff" } }
}
{ 13, ":", "", 0, 1, 0,
  event = "cmdline_show",
  kind = { { 0, "DiffviewClose" } }
}
{
  event = "popupmenu_select",
  kind = 1
}
{ 19, ":", "", 0, 1, 0,
  event = "cmdline_show",
  kind = { { 0, "DiffviewFileHistory" } }
}
{
  event = "popupmenu_select",
  kind = 2
}
{ 18, ":", "", 0, 1, 0,
  event = "cmdline_show",
  kind = { { 0, "DiffviewFocusFiles" } }
}
{
  event = "popupmenu_select",
  kind = 3
}
{ 11, ":", "", 0, 1, 0,
  event = "cmdline_show",
  kind = { { 0, "DiffviewLog" } }
}
{
  event = "popupmenu_select",
  kind = 4
}
{ 12, ":", "", 0, 1, 0,
  event = "cmdline_show",
  kind = { { 0, "DiffviewOpen" } }
}
{
  event = "popupmenu_select",
  kind = 3
}
{ 11, ":", "", 0, 1, 0,
  event = "cmdline_show",
  kind = { { 0, "DiffviewLog" } }
}
{
  event = "popupmenu_select",
  kind = 2
}
{ 18, ":", "", 0, 1, 0,
  event = "cmdline_show",
  kind = { { 0, "DiffviewFocusFiles" } }
}
{
  event = "popupmenu_select",
  kind = 1
}
{ 19, ":", "", 0, 1, 0,
  event = "cmdline_show",
  kind = { { 0, "DiffviewFileHistory" } }
}
{
  event = "popupmenu_select",
  kind = 0
}
{ 13, ":", "", 0, 1, 0,
  event = "cmdline_show",
  kind = { { 0, "DiffviewClose" } }
}
{
  event = "popupmenu_hide"
}
{ false,
  event = "cmdline_hide",
  kind = 1
}
{
  event = "msg_showcmd",
  kind = {}
}
{ { { 375, "Error executing Lua callback: vim/_editor.lua:447: nvim_exec2(), line 1: Vim(tabclose):E445: Other window contains changes\nstack traceback:\n\t[C]: in function 'nvim_exec2'\n\tvim/_editor.lua:447: in function 'cmd'\n\t...nvim-data/lazy/diffview.nvim/lua/diffview/scene/view.lua:84: in function 'close'\n\t...nvim/lua/diffview/scene/views/standard/standard_view.lua:48: in function 'close'\n\t.../diffview/scene/views/file_history/file_history_view.lua:76: in function 'close'\n\t...Local/nvim-data/lazy/diffview.nvim/lua/diffview/init.lua:155: in function 'close'\n\t...a/Local/nvim-data/lazy/diffview.nvim/plugin/diffview.lua:38: in function <...a/Local/nvim-data/lazy/diffview.nvim/plugin/diffview.lua:37>", 6 } }, false, true,
  event = "msg_show",
  kind = "lua_error"
}
{
  event = "msg_showcmd",
  kind = { { 0, "^W^W", 0 } }
}
{
  event = "msg_showcmd",
  kind = {}
}
{
  event = "msg_showcmd",
  kind = { { 0, ":", 0 } }
}
{
  event = "msg_clear"
}
{ 0, ":", "", 0, 1, 0,
  event = "cmdline_show",
  kind = { { 0, "" } }
}
{ 1, ":", "", 0, 1, 0,
  event = "cmdline_show",
  kind = { { 0, "q" } }
}
{ false,
  event = "cmdline_hide",
  kind = 1
}
{
  event = "msg_showcmd",
  kind = {}
}
{
  event = "msg_showcmd",
  kind = { { 0, "~@k", 0 } }
}
{
  event = "msg_showcmd",
  kind = {}
}
{
  event = "msg_showcmd",
  kind = { { 0, "~@k", 0 } }
}
{
  event = "msg_showcmd",
  kind = {}
}
{
  event = "msg_showcmd",
  kind = { { 0, "~@k", 0 } }
}
{
  event = "msg_showcmd",
  kind = {}
}
{
  event = "msg_showcmd",
  kind = { { 0, "~@k", 0 } }
}
{
  event = "msg_showcmd",
  kind = {}
}
{
  event = "msg_showcmd",
  kind = { { 0, "~@k", 0 } }
}
{
  event = "msg_showcmd",
  kind = {}
}
{
  event = "msg_showcmd",
  kind = { { 0, "~@k", 0 } }
}
{
  event = "msg_showcmd",
  kind = {}
}
{
  event = "msg_showcmd",
  kind = { { 0, "~@k", 0 } }
}
{
  event = "msg_showcmd",
  kind = {}
}
{
  event = "msg_showcmd",
  kind = { { 0, "~@k", 0 } }
}
{
  event = "msg_showcmd",
  kind = {}
}
{
  event = "msg_showcmd",
  kind = { { 0, "~@k", 0 } }
}
{
  event = "msg_showcmd",
  kind = {}
}
{
  event = "msg_showcmd",
  kind = { { 0, "~@k", 0 } }
}
{
  event = "msg_showcmd",
  kind = {}
}
{
  event = "msg_showcmd",
  kind = { { 0, "~@k", 0 } }
}
{
  event = "msg_showcmd",
  kind = {}
}
{
  event = "msg_showcmd",
  kind = { { 0, "~@k", 0 } }
}
{
  event = "msg_showcmd",
  kind = {}
}
{
  event = "msg_showcmd",
  kind = { { 0, "~@k", 0 } }
}
{
  event = "msg_showcmd",
  kind = {}
}
{
  event = "msg_showcmd",
  kind = { { 0, "~@k", 0 } }
}
{
  event = "msg_showcmd",
  kind = {}
}
{
  event = "msg_showcmd",
  kind = { { 0, "~@k", 0 } }
}
{
  event = "msg_showcmd",
  kind = {}
}
{
  event = "msg_showcmd",
  kind = { { 0, "~@k", 0 } }
}
{
  event = "msg_showcmd",
  kind = {}
}
{
  event = "msg_showcmd",
  kind = { { 0, "~@k", 0 } }
}
{
  event = "msg_showcmd",
  kind = {}
}
{
  event = "msg_showcmd",
  kind = { { 0, "~@k", 0 } }
}
{
  event = "msg_showcmd",
  kind = {}
}
{
  event = "msg_showcmd",
  kind = { { 0, "~@k", 0 } }
}
{
  event = "msg_showcmd",
  kind = {}
}
{
  event = "msg_showcmd",
  kind = { { 0, "~@k", 0 } }
}
{
  event = "msg_showcmd",
  kind = {}
}
{
  event = "msg_showcmd",
  kind = { { 0, "~@k", 0 } }
}
{
  event = "msg_showcmd",
  kind = {}
}
{
  event = "msg_showcmd",
  kind = { { 0, "~@k", 0 } }
}
{
  event = "msg_showcmd",
  kind = {}
}
{
  event = "msg_showcmd",
  kind = { { 0, "~@k", 0 } }
}
{
  event = "msg_showcmd",
  kind = {}
}
{
  event = "msg_showcmd",
  kind = { { 0, "~@k", 0 } }
}
{
  event = "msg_showcmd",
  kind = {}
}
{
  event = "msg_showcmd",
  kind = { { 0, "~@k", 0 } }
}
{
  event = "msg_showcmd",
  kind = {}
}
{
  event = "msg_showcmd",
  kind = { { 0, "~@k", 0 } }
}
{
  event = "msg_showcmd",
  kind = {}
}
{
  event = "msg_showcmd",
  kind = { { 0, "~@k", 0 } }
}
{
  event = "msg_showcmd",
  kind = {}
}
{
  event = "msg_showcmd",
  kind = { { 0, "~@k", 0 } }
}
{
  event = "msg_showcmd",
  kind = {}
}
{
  event = "msg_showcmd",
  kind = { { 0, "~@k", 0 } }
}
{
  event = "msg_showcmd",
  kind = {}
}
{
  event = "msg_showcmd",
  kind = { { 0, "~@k", 0 } }
}
{
  event = "msg_showcmd",
  kind = {}
}
{
  event = "msg_showcmd",
  kind = { { 0, "~@k", 0 } }
}
{
  event = "msg_showcmd",
  kind = {}
}
{
  event = "msg_showcmd",
  kind = { { 0, "~@k", 0 } }
}
{
  event = "msg_showcmd",
  kind = {}
}
{
  event = "msg_showcmd",
  kind = { { 0, "~@k", 0 } }
}
{
  event = "msg_showcmd",
  kind = {}
}
{
  event = "msg_showcmd",
  kind = { { 0, "~@k", 0 } }
}
{
  event = "msg_showcmd",
  kind = {}
}
{
  event = "msg_showcmd",
  kind = { { 0, "~@k", 0 } }
}
{
  event = "msg_showcmd",
  kind = {}
}
{
  event = "msg_showcmd",
  kind = { { 0, "~@k", 0 } }
}
{
  event = "msg_showcmd",
  kind = {}
}
{
  event = "msg_showcmd",
  kind = { { 0, "~@k", 0 } }
}
{
  event = "msg_showcmd",
  kind = {}
}
{
  event = "msg_showcmd",
  kind = { { 0, "~@k", 0 } }
}
{
  event = "msg_showcmd",
  kind = {}
}
{
  event = "msg_showcmd",
  kind = { { 0, "~@k", 0 } }
}
{
  event = "msg_showcmd",
  kind = {}
}
{
  event = "msg_showcmd",
  kind = { { 0, "~@k", 0 } }
}
{
  event = "msg_showcmd",
  kind = {}
}
{
  event = "msg_showcmd",
  kind = { { 0, "G", 0 } }
}
{
  event = "msg_showcmd",
  kind = {}
}
{
  event = "msg_showcmd",
  kind = { { 0, "gg", 0 } }
}
{
  event = "msg_showcmd",
  kind = {}
}
{
  event = "msg_showcmd",
  kind = { { 0, "~@k", 0 } }
}
{
  event = "msg_showcmd",
  kind = {}
}
{
  event = "msg_showcmd",
  kind = { { 0, "~@k", 0 } }
}
{
  event = "msg_showcmd",
  kind = {}
}
{
  event = "msg_showcmd",
  kind = { { 0, "~@k", 0 } }
}
{
  event = "msg_showcmd",
  kind = {}
}
{
  event = "msg_showcmd",
  kind = { { 0, "~@k", 0 } }
}
{
  event = "msg_showcmd",
  kind = {}
}
{
  event = "msg_showcmd",
  kind = { { 0, "~@k", 0 } }
}
{
  event = "msg_showcmd",
  kind = {}
}
{
  event = "msg_showcmd",
  kind = { { 0, "~@k", 0 } }
}
{
  event = "msg_showcmd",
  kind = {}
}
{
  event = "msg_showcmd",
  kind = { { 0, "~@k", 0 } }
}
{
  event = "msg_showcmd",
  kind = {}
}
{
  event = "msg_showcmd",
  kind = { { 0, "~@k", 0 } }
}
{
  event = "msg_showcmd",
  kind = {}
}
{
  event = "msg_showcmd",
  kind = { { 0, "~@k", 0 } }
}
{
  event = "msg_showcmd",
  kind = {}
}
{
  event = "msg_showcmd",
  kind = { { 0, "~@k", 0 } }
}
{
  event = "msg_showcmd",
  kind = {}
}
{
  event = "msg_showcmd",
  kind = { { 0, "~@k", 0 } }
}
{
  event = "msg_showcmd",
  kind = {}
}
{
  event = "msg_showcmd",
  kind = { { 0, "~@k", 0 } }
}
{
  event = "msg_showcmd",
  kind = {}
}
{
  event = "msg_showcmd",
  kind = { { 0, "~@k", 0 } }
}
{
  event = "msg_showcmd",
  kind = {}
}
{
  event = "msg_showcmd",
  kind = { { 0, "~@k", 0 } }
}
{
  event = "msg_showcmd",
  kind = {}
}
{
  event = "msg_showcmd",
  kind = { { 0, "~@k", 0 } }
}
{
  event = "msg_showcmd",
  kind = {}
}
{
  event = "msg_showcmd",
  kind = { { 0, "~@k", 0 } }
}
{
  event = "msg_showcmd",
  kind = {}
}
{
  event = "msg_showcmd",
  kind = { { 0, "~@k", 0 } }
}
{
  event = "msg_showcmd",
  kind = {}
}
{
  event = "msg_showcmd",
  kind = { { 0, "~@k", 0 } }
}
{
  event = "msg_showcmd",
  kind = {}
}
{
  event = "msg_showcmd",
  kind = { { 0, "i", 0 } }
}
{
  event = "msg_showcmd",
  kind = {}
}
{
  event = "msg_showcmd",
  kind = { { 0, "^D", 0 } }
}
{
  event = "msg_showcmd",
  kind = {}
}
{ { { 0, '"~\\AppData\\Local\\nvim\\lua\\configs\\noice.lua" ', 0 } }, false, false,
  event = "msg_show",
  kind = "bufwrite"
}
{ { { 0, '"~\\AppData\\Local\\nvim\\lua\\configs\\noice.lua" 88L, 1930B written', 0 } }, true, true,
  event = "msg_show",
  kind = "bufwrite"
}
{ { { 0, '"~\\AppData\\Local\\nvim\\lua\\configs\\noice.lua" ', 0 } }, true, false,
  event = "msg_show",
  kind = "bufwrite"
}
{ { { 0, '"~\\AppData\\Local\\nvim\\lua\\configs\\noice.lua" 88L, 1930B written', 0 } }, true, true,
  event = "msg_show",
  kind = "bufwrite"
}
{ { { 0, '"~\\AppData\\Local\\nvim\\lua\\configs\\noice.lua" ', 0 } }, true, false,
  event = "msg_show",
  kind = "bufwrite"
}
{ { { 0, '"~\\AppData\\Local\\nvim\\lua\\configs\\noice.lua" 88L, 1930B written', 0 } }, true, true,
  event = "msg_show",
  kind = "bufwrite"
}
{
  event = "msg_showcmd",
  kind = { { 0, "gg", 0 } }
}
{
  event = "msg_showcmd",
  kind = {}
}
{ { { 0, '"~\\AppData\\Local\\nvim\\lua\\configs\\noice.lua" ', 0 } }, true, false,
  event = "msg_show",
  kind = "bufwrite"
}
{ { { 0, '"~\\AppData\\Local\\nvim\\lua\\configs\\noice.lua" 88L, 1930B written', 0 } }, true, true,
  event = "msg_show",
  kind = "bufwrite"
}
{
  event = "msg_showcmd",
  kind = { { 0, "<20>", 0 } }
}
{
  event = "msg_showcmd",
  kind = { { 0, "<20>l", 0 } }
}
{
  event = "msg_showcmd",
  kind = { { 0, "<20>lg", 0 } }
}
{
  event = "msg_showcmd",
  kind = {}
}
{
  event = "msg_showcmd",
  kind = { { 0, "q", 0 } }
}
{
  event = "msg_showcmd",
  kind = { { 0, "q:", 0 } }
}
{
  event = "msg_showcmd",
  kind = {}
}
{
  event = "msg_clear"
}
{ false,
  event = "cmdline_hide",
  kind = 1
}
{
  event = "msg_showcmd",
  kind = { { 0, ":q", 0 } }
}
{
  event = "msg_showcmd",
  kind = { { 0, ":qa", 0 } }
}
{
  event = "msg_showmode",
  kind = { { 60, "recording @a", 11 } }
}
{
  event = "msg_showcmd",
  kind = {}
}
{
  event = "msg_showmode",
  kind = { { 60, "recording @a", 11 } }
}
{
  event = "msg_showmode",
  kind = { { 60, "recording @a", 11 } }
}
{
  event = "msg_showmode",
  kind = { { 60, "recording @a", 11 } }
}
{
  event = "msg_showmode",
  kind = { { 60, "recording @a", 11 } }
}
{
  event = "msg_showcmd",
  kind = { { 0, "!", 0 } }
}
{
  event = "msg_showmode",
  kind = { { 60, "recording @a", 11 } }
}
{
  event = "msg_showmode",
  kind = { { 60, "recording @a", 11 } }
}
{
  event = "msg_showcmd",
  kind = { { 0, "!^M", 0 } }
}
{
  event = "msg_showcmd",
  kind = {}
}
{ false,
  event = "cmdline_hide",
  kind = 1
}
{ 2, ":", "", 0, 1, 0,
  event = "cmdline_show",
  kind = { { 0, ".!" } }
}
{
  event = "msg_showmode",
  kind = { { 60, "recording @a", 11 } }
}
{
  event = "msg_showmode",
  kind = { { 60, "recording @a", 11 } }
}
{
  event = "msg_showmode",
  kind = { { 60, "recording @a", 11 } }
}
{
  event = "msg_showmode",
  kind = { { 60, "recording @a", 11 } }
}
{ true,
  event = "cmdline_hide",
  kind = 1
}
{
  event = "msg_showmode",
  kind = { { 60, "recording @a", 11 } }
}
{
  event = "msg_showmode",
  kind = { { 60, "recording @a", 11 } }
}
{
  event = "msg_showmode",
  kind = { { 60, "recording @a", 11 } }
}
{
  event = "msg_showmode",
  kind = { { 60, "recording @a", 11 } }
}
{
  event = "msg_showmode",
  kind = { { 60, "recording @a", 11 } }
}
{
  event = "msg_showmode",
  kind = { { 60, "recording @a", 11 } }
}
{
  event = "msg_showmode",
  kind = { { 60, "recording @a", 11 } }
}
{
  event = "msg_showmode",
  kind = { { 60, "recording @a", 11 } }
}
{
  event = "msg_showmode",
  kind = { { 60, "recording @a", 11 } }
}
{
  event = "msg_showmode",
  kind = { { 60, "recording @a", 11 } }
}
{
  event = "msg_showmode",
  kind = { { 60, "recording @a", 11 } }
}
{
  event = "msg_showmode",
  kind = { { 60, "recording @a", 11 } }
}
{
  event = "msg_showmode",
  kind = { { 60, "recording @a", 11 } }
}
{
  event = "msg_showmode",
  kind = { { 60, "recording @a", 11 } }
}
{
  event = "msg_showmode",
  kind = { { 60, "recording @a", 11 } }
}
{
  event = "msg_showmode",
  kind = { { 60, "recording @a", 11 } }
}
{
  event = "msg_showcmd",
  kind = { { 0, ":", 0 } }
}
{ 0, ":", "", 0, 1, 0,
  event = "cmdline_show",
  kind = { { 0, "" } }
}
{
  event = "msg_showmode",
  kind = { { 60, "recording @a", 11 } }
}
{
  event = "msg_showmode",
  kind = { { 60, "recording @a", 11 } }
}
{
  event = "msg_showmode",
  kind = { { 60, "recording @a", 11 } }
}
{
  event = "msg_showmode",
  kind = { { 60, "recording @a", 11 } }
}
{ 1, ":", "", 0, 1, 0,
  event = "cmdline_show",
  kind = { { 0, "q" } }
}
{
  event = "msg_showmode",
  kind = { { 60, "recording @a", 11 } }
}
{ 2, ":", "", 0, 1, 0,
  event = "cmdline_show",
  kind = { { 0, "qa" } }
}
{
  event = "msg_showmode",
  kind = { { 60, "recording @a", 11 } }
}
{ 3, ":", "", 0, 1, 0,
  event = "cmdline_show",
  kind = { { 0, "qa!" } }
}
{
  event = "msg_showmode",
  kind = { { 60, "recording @a", 11 } }
}
{ false,
  event = "cmdline_hide",
  kind = 1
}
{
  event = "msg_showcmd",
  kind = { { 0, "~@k", 0 } }
}
{
  event = "msg_showcmd",
  kind = {}
}
{
  event = "msg_showcmd",
  kind = { { 0, "~@k", 0 } }
}
{
  event = "msg_showcmd",
  kind = {}
}
{
  event = "msg_showcmd",
  kind = { { 0, "~@k", 0 } }
}
{
  event = "msg_showcmd",
  kind = {}
}
{
  event = "msg_showcmd",
  kind = { { 0, "~@k", 0 } }
}
{
  event = "msg_showcmd",
  kind = {}
}
{
  event = "msg_showcmd",
  kind = { { 0, "~@k", 0 } }
}
{
  event = "msg_showcmd",
  kind = {}
}
{
  event = "msg_showcmd",
  kind = { { 0, "~@k", 0 } }
}
{
  event = "msg_showcmd",
  kind = {}
}
{
  event = "msg_showcmd",
  kind = { { 0, "~@k", 0 } }
}
{
  event = "msg_showcmd",
  kind = {}
}
{
  event = "msg_showcmd",
  kind = { { 0, "~@k", 0 } }
}
{
  event = "msg_showcmd",
  kind = {}
}
{
  event = "msg_showcmd",
  kind = { { 0, "~@k", 0 } }
}
{
  event = "msg_showcmd",
  kind = {}
}
{
  event = "msg_showcmd",
  kind = { { 0, "~@k", 0 } }
}
{
  event = "msg_showcmd",
  kind = {}
}
{
  event = "msg_showcmd",
  kind = { { 0, "~@k", 0 } }
}
{
  event = "msg_showcmd",
  kind = {}
}
{
  event = "msg_showcmd",
  kind = { { 0, "~@k", 0 } }
}
{
  event = "msg_showcmd",
  kind = {}
}
{
  event = "msg_showcmd",
  kind = { { 0, "~@k", 0 } }
}
{
  event = "msg_showcmd",
  kind = {}
}
{
  event = "msg_showcmd",
  kind = { { 0, "~@k", 0 } }
}
{
  event = "msg_showcmd",
  kind = {}
}
{
  event = "msg_showcmd",
  kind = { { 0, "~@k", 0 } }
}
{
  event = "msg_showcmd",
  kind = {}
}
{
  event = "msg_showcmd",
  kind = { { 0, "~@k", 0 } }
}
{
  event = "msg_showcmd",
  kind = {}
}
{
  event = "msg_showcmd",
  kind = { { 0, "~@@", 0 } }
}
{
  event = "msg_showcmd",
  kind = {}
}
{
  event = "msg_showcmd",
  kind = { { 0, "v", 0 } }
}
{
  event = "msg_showcmd",
  kind = { { 0, "1", 0 } }
}
{
  event = "msg_showcmd",
  kind = { { 0, "1", 0 } }
}
{
  event = "msg_showcmd",
  kind = { { 0, "1", 0 } }
}
{
  event = "msg_showcmd",
  kind = { { 0, "1", 0 } }
}
{
  event = "msg_showcmd",
  kind = { { 0, "1", 0 } }
}
{
  event = "msg_showcmd",
  kind = { { 0, "1", 0 } }
}
{
  event = "msg_showcmd",
  kind = { { 0, "1", 0 } }
}
{
  event = "msg_showcmd",
  kind = { { 0, "1", 0 } }
}
{
  event = "msg_showcmd",
  kind = { { 0, "1", 0 } }
}
{
  event = "msg_showcmd",
  kind = { { 0, "T", 0 } }
}
{
  event = "msg_showcmd",
  kind = { { 0, "T,", 0 } }
}
{
  event = "msg_showcmd",
  kind = { { 0, "32-33", 0 } }
}
{
  event = "msg_showcmd",
  kind = { { 0, "32-33", 0 } }
}
{
  event = "msg_showcmd",
  kind = { { 0, "32-33", 0 } }
}
{
  event = "msg_showcmd",
  kind = { { 0, "32-33", 0 } }
}
{
  event = "msg_showcmd",
  kind = { { 0, "32-33", 0 } }
}
{
  event = "msg_showcmd",
  kind = { { 0, "32-33", 0 } }
}
{
  event = "msg_showcmd",
  kind = { { 0, "32-33", 0 } }
}
{
  event = "msg_showcmd",
  kind = { { 0, "32-33", 0 } }
}
{
  event = "msg_showcmd",
  kind = { { 0, "32-33", 0 } }
}
{
  event = "msg_showcmd",
  kind = { { 0, "32-33", 0 } }
}
{
  event = "msg_showcmd",
  kind = { { 0, "32-33", 0 } }
}
{
  event = "msg_showcmd",
  kind = { { 0, "32-33", 0 } }
}
{
  event = "msg_showcmd",
  kind = { { 0, "32-33", 0 } }
}
{
  event = "msg_showcmd",
  kind = { { 0, "32-33", 0 } }
}
{
  event = "msg_showcmd",
  kind = { { 0, "32-33", 0 } }
}
{
  event = "msg_showcmd",
  kind = { { 0, "32-33", 0 } }
}
{
  event = "msg_showcmd",
  kind = { { 0, "^[", 0 } }
}
{
  event = "msg_showcmd",
  kind = {}
}
{
  event = "msg_showcmd",
  kind = { { 0, "u", 0 } }
}
{ { { 0, "19 changes; before #236  04:32:46", 0 } }, false, true,
  event = "msg_show",
  kind = "undo"
}
{
  event = "msg_showcmd",
  kind = {}
}
{
  event = "msg_showcmd",
  kind = { { 0, "u", 0 } }
}
{ { { 0, "8 changes; before #235  04:32:43", 0 } }, true, true,
  event = "msg_show",
  kind = "undo"
}
{
  event = "msg_showcmd",
  kind = {}
}
{ { { 0, '"lua\\configs\\noice_config.lua" ', 0 } }, true, false,
  event = "msg_show",
  kind = "bufwrite"
}
{ { { 0, '"lua\\configs\\noice_config.lua" 172L, 5942B written', 0 } }, true, true,
  event = "msg_show",
  kind = "bufwrite"
}
{
  event = "msg_showcmd",
  kind = { { 0, "~@k", 0 } }
}
{
  event = "msg_showcmd",
  kind = {}
}
{
  event = "msg_showcmd",
  kind = { { 0, "~@k", 0 } }
}
{
  event = "msg_showcmd",
  kind = {}
}
{
  event = "msg_showcmd",
  kind = { { 0, "~@k", 0 } }
}
{
  event = "msg_showcmd",
  kind = {}
}
{
  event = "msg_showcmd",
  kind = { { 0, "~@k", 0 } }
}
{
  event = "msg_showcmd",
  kind = {}
}
{
  event = "msg_showcmd",
  kind = { { 0, "~@k", 0 } }
}
{
  event = "msg_showcmd",
  kind = {}
}
{
  event = "msg_showcmd",
  kind = { { 0, "~@k", 0 } }
}
{
  event = "msg_showcmd",
  kind = {}
}
{
  event = "msg_showcmd",
  kind = { { 0, "~@k", 0 } }
}
{
  event = "msg_showcmd",
  kind = {}
}
{
  event = "msg_showcmd",
  kind = { { 0, "~@k", 0 } }
}
{
  event = "msg_showcmd",
  kind = {}
}
{
  event = "msg_showcmd",
  kind = { { 0, "~@k", 0 } }
}
{
  event = "msg_showcmd",
  kind = {}
}
{
  event = "msg_showcmd",
  kind = { { 0, "~@k", 0 } }
}
{
  event = "msg_showcmd",
  kind = {}
}
{
  event = "msg_showcmd",
  kind = { { 0, "~@k", 0 } }
}
{
  event = "msg_showcmd",
  kind = {}
}
{
  event = "msg_showcmd",
  kind = { { 0, "~@k", 0 } }
}
{
  event = "msg_showcmd",
  kind = {}
}
{
  event = "msg_showcmd",
  kind = { { 0, "~@k", 0 } }
}
{
  event = "msg_showcmd",
  kind = {}
}
{
  event = "msg_showcmd",
  kind = { { 0, "~@k", 0 } }
}
{
  event = "msg_showcmd",
  kind = {}
}
{
  event = "msg_showcmd",
  kind = { { 0, "~@k", 0 } }
}
{
  event = "msg_showcmd",
  kind = {}
}
{
  event = "msg_showcmd",
  kind = { { 0, "~@k", 0 } }
}
{
  event = "msg_showcmd",
  kind = {}
}
{
  event = "msg_showcmd",
  kind = { { 0, "~@k", 0 } }
}
{
  event = "msg_showcmd",
  kind = {}
}
{
  event = "msg_showcmd",
  kind = { { 0, "~@k", 0 } }
}
{
  event = "msg_showcmd",
  kind = {}
}
{
  event = "msg_showcmd",
  kind = { { 0, "~@k", 0 } }
}
{
  event = "msg_showcmd",
  kind = {}
}
{
  event = "msg_showcmd",
  kind = { { 0, "~@k", 0 } }
}
{
  event = "msg_showcmd",
  kind = {}
}
{
  event = "msg_showcmd",
  kind = { { 0, "~@k", 0 } }
}
{
  event = "msg_showcmd",
  kind = {}
}
{
  event = "msg_showcmd",
  kind = { { 0, "~@k", 0 } }
}
{
  event = "msg_showcmd",
  kind = {}
}
{
  event = "msg_showcmd",
  kind = { { 0, "~@k", 0 } }
}
{
  event = "msg_showcmd",
  kind = {}
}
{
  event = "msg_showcmd",
  kind = { { 0, "~@k", 0 } }
}
{
  event = "msg_showcmd",
  kind = {}
}
{
  event = "msg_showcmd",
  kind = { { 0, "~@k", 0 } }
}
{
  event = "msg_showcmd",
  kind = {}
}
{
  event = "msg_showcmd",
  kind = { { 0, "~@k", 0 } }
}
{
  event = "msg_showcmd",
  kind = {}
}
{
  event = "msg_showcmd",
  kind = { { 0, "~@k", 0 } }
}
{
  event = "msg_showcmd",
  kind = {}
}
{
  event = "msg_showcmd",
  kind = { { 0, "~@k", 0 } }
}
{
  event = "msg_showcmd",
  kind = {}
}
{
  event = "msg_showcmd",
  kind = { { 0, "~@k", 0 } }
}
{
  event = "msg_showcmd",
  kind = {}
}
{
  event = "msg_showcmd",
  kind = { { 0, "~@k", 0 } }
}
{
  event = "msg_showcmd",
  kind = {}
}
{
  event = "msg_showcmd",
  kind = { { 0, "~@k", 0 } }
}
{
  event = "msg_showcmd",
  kind = {}
}
{
  event = "msg_showcmd",
  kind = { { 0, "~@k", 0 } }
}
{
  event = "msg_showcmd",
  kind = {}
}
{
  event = "msg_showcmd",
  kind = { { 0, "~@k", 0 } }
}
{
  event = "msg_showcmd",
  kind = {}
}
{
  event = "msg_showcmd",
  kind = { { 0, "~@k", 0 } }
}
{
  event = "msg_showcmd",
  kind = {}
}
{
  event = "msg_showcmd",
  kind = { { 0, "~@k", 0 } }
}
{
  event = "msg_showcmd",
  kind = {}
}
{
  event = "msg_showcmd",
  kind = { { 0, "~@k", 0 } }
}
{
  event = "msg_showcmd",
  kind = {}
}
{
  event = "msg_showcmd",
  kind = { { 0, "$", 0 } }
}
{
  event = "msg_showcmd",
  kind = {}
}
{
  event = "msg_showcmd",
  kind = { { 0, "v", 0 } }
}
{
  event = "msg_showcmd",
  kind = { { 0, "1", 0 } }
}
{
  event = "msg_showcmd",
  kind = {}
}
{
  event = "msg_showcmd",
  kind = { { 0, "T", 0 } }
}
{
  event = "msg_showcmd",
  kind = { { 0, "T,", 0 } }
}
{
  event = "msg_showcmd",
  kind = { { 0, "32-33", 0 } }
}
{
  event = "msg_showcmd",
  kind = { { 0, "32-33", 0 } }
}
{
  event = "msg_showcmd",
  kind = { { 0, "32-33", 0 } }
}
{
  event = "msg_showcmd",
  kind = { { 0, "32-33", 0 } }
}
{
  event = "msg_showcmd",
  kind = { { 0, "32-33", 0 } }
}
{
  event = "msg_showcmd",
  kind = { { 0, "32-33", 0 } }
}
{
  event = "msg_showcmd",
  kind = { { 0, "32-33", 0 } }
}
{
  event = "msg_showcmd",
  kind = { { 0, "32-33", 0 } }
}
{
  event = "msg_showcmd",
  kind = { { 0, "32-33", 0 } }
}
{
  event = "msg_showcmd",
  kind = { { 0, "32-33", 0 } }
}
{
  event = "msg_showcmd",
  kind = { { 0, "32-33", 0 } }
}
{
  event = "msg_showcmd",
  kind = { { 0, "32-33", 0 } }
}
{
  event = "msg_showcmd",
  kind = { { 0, "32-33", 0 } }
}
{
  event = "msg_showcmd",
  kind = { { 0, "32-33", 0 } }
}
{
  event = "msg_showcmd",
  kind = { { 0, "32-33", 0 } }
}
{
  event = "msg_showcmd",
  kind = { { 0, "32-33", 0 } }
}
{
  event = "msg_showcmd",
  kind = { { 0, "32-33", 0 } }
}
{
  event = "msg_showcmd",
  kind = { { 0, "d", 0 } }
}
{
  event = "msg_showcmd",
  kind = {}
}
{
  event = "msg_showcmd",
  kind = { { 0, ":", 0 } }
}
{
  event = "msg_clear"
}
{ 0, ":", "", 0, 1, 0,
  event = "cmdline_show",
  kind = { { 0, "" } }
}
{ 1, ":", "", 0, 1, 0,
  event = "cmdline_show",
  kind = { { 0, "w" } }
}
{ false,
  event = "cmdline_hide",
  kind = 1
}
{ { { 0, '"lua\\configs\\noice_config.lua" ', 0 } }, false, false,
  event = "msg_show",
  kind = "bufwrite"
}
{ { { 0, '"lua\\configs\\noice_config.lua" 172L, 5909B written', 0 } }, true, true,
  event = "msg_show",
  kind = "bufwrite"
}
{
  event = "msg_showcmd",
  kind = {}
}
{
  event = "msg_showcmd",
  kind = { { 0, "~@k", 0 } }
}
{
  event = "msg_showcmd",
  kind = {}
}
{
  event = "msg_showcmd",
  kind = { { 0, "^W^W", 0 } }
}
{
  event = "msg_showcmd",
  kind = {}
}
{
  event = "msg_showcmd",
  kind = { { 0, "~@k", 0 } }
}
{
  event = "msg_showcmd",
  kind = {}
}
{
  event = "msg_showcmd",
  kind = { { 0, "~@k", 0 } }
}
{
  event = "msg_showcmd",
  kind = {}
}
{
  event = "msg_showcmd",
  kind = { { 0, "~@k", 0 } }
}
{
  event = "msg_showcmd",
  kind = {}
}
{
  event = "msg_showcmd",
  kind = { { 0, "~@k", 0 } }
}
{
  event = "msg_showcmd",
  kind = {}
}
{
  event = "msg_showcmd",
  kind = { { 0, "~@k", 0 } }
}
{
  event = "msg_showcmd",
  kind = {}
}
{
  event = "msg_showcmd",
  kind = { { 0, "~@k", 0 } }
}
{
  event = "msg_showcmd",
  kind = {}
}
{
  event = "msg_showcmd",
  kind = { { 0, "~@k", 0 } }
}
{
  event = "msg_showcmd",
  kind = {}
}
{
  event = "msg_showcmd",
  kind = { { 0, "~@k", 0 } }
}
{
  event = "msg_showcmd",
  kind = {}
}
{
  event = "msg_showcmd",
  kind = { { 0, "~@k", 0 } }
}
{
  event = "msg_showcmd",
  kind = {}
}
{
  event = "msg_showcmd",
  kind = { { 0, "~@k", 0 } }
}
{
  event = "msg_showcmd",
  kind = {}
}
{
  event = "msg_showcmd",
  kind = { { 0, "k", 0 } }
}
{
  event = "msg_showcmd",
  kind = {}
}
{
  event = "msg_showcmd",
  kind = { { 0, "k", 0 } }
}
{
  event = "msg_showcmd",
  kind = {}
}
{
  event = "msg_showcmd",
  kind = { { 0, "k", 0 } }
}
{
  event = "msg_showcmd",
  kind = {}
}
{
  event = "msg_showcmd",
  kind = { { 0, "j", 0 } }
}
{
  event = "msg_showcmd",
  kind = {}
}
{
  event = "msg_showcmd",
  kind = { { 0, "j", 0 } }
}
{
  event = "msg_showcmd",
  kind = {}
}
{
  event = "msg_showcmd",
  kind = { { 0, "j", 0 } }
}
{
  event = "msg_showcmd",
  kind = {}
}
{
  event = "msg_showcmd",
  kind = { { 0, "j", 0 } }
}
{
  event = "msg_showcmd",
  kind = {}
}
{
  event = "msg_showcmd",
  kind = { { 0, "j", 0 } }
}
{
  event = "msg_showcmd",
  kind = {}
}
{
  event = "msg_showcmd",
  kind = { { 0, "j", 0 } }
}
{
  event = "msg_showcmd",
  kind = {}
}
{
  event = "msg_showcmd",
  kind = { { 0, "j", 0 } }
}
{
  event = "msg_showcmd",
  kind = {}
}
{
  event = "msg_showcmd",
  kind = { { 0, "j", 0 } }
}
{
  event = "msg_showcmd",
  kind = {}
}
{
  event = "msg_showcmd",
  kind = { { 0, "j", 0 } }
}
{
  event = "msg_showcmd",
  kind = {}
}
{
  event = "msg_showcmd",
  kind = { { 0, "j", 0 } }
}
{
  event = "msg_showcmd",
  kind = {}
}
{
  event = "msg_showcmd",
  kind = { { 0, "j", 0 } }
}
{
  event = "msg_showcmd",
  kind = {}
}
{
  event = "msg_showcmd",
  kind = { { 0, "j", 0 } }
}
{
  event = "msg_showcmd",
  kind = {}
}
{
  event = "msg_showcmd",
  kind = { { 0, "j", 0 } }
}
{
  event = "msg_showcmd",
  kind = {}
}
{
  event = "msg_showcmd",
  kind = { { 0, "j", 0 } }
}
{
  event = "msg_showcmd",
  kind = {}
}
{
  event = "msg_showcmd",
  kind = { { 0, "j", 0 } }
}
{
  event = "msg_showcmd",
  kind = {}
}
{
  event = "msg_showcmd",
  kind = { { 0, "j", 0 } }
}
{
  event = "msg_showcmd",
  kind = {}
}
{
  event = "msg_showcmd",
  kind = { { 0, "j", 0 } }
}
{
  event = "msg_showcmd",
  kind = {}
}
{
  event = "msg_showcmd",
  kind = { { 0, "j", 0 } }
}
{
  event = "msg_showcmd",
  kind = {}
}
{
  event = "msg_showcmd",
  kind = { { 0, "j", 0 } }
}
{
  event = "msg_showcmd",
  kind = {}
}
{
  event = "msg_showcmd",
  kind = { { 0, "j", 0 } }
}
{
  event = "msg_showcmd",
  kind = {}
}
{
  event = "msg_showcmd",
  kind = { { 0, "j", 0 } }
}
{
  event = "msg_showcmd",
  kind = {}
}
{
  event = "msg_showcmd",
  kind = { { 0, "j", 0 } }
}
{
  event = "msg_showcmd",
  kind = {}
}
{
  event = "msg_showcmd",
  kind = { { 0, "j", 0 } }
}
{
  event = "msg_showcmd",
  kind = {}
}
{
  event = "msg_showcmd",
  kind = { { 0, "j", 0 } }
}
{
  event = "msg_showcmd",
  kind = {}
}
{
  event = "msg_showcmd",
  kind = { { 0, "j", 0 } }
}
{
  event = "msg_showcmd",
  kind = {}
}
{
  event = "msg_showcmd",
  kind = { { 0, "j", 0 } }
}
{
  event = "msg_showcmd",
  kind = {}
}
{
  event = "msg_showcmd",
  kind = { { 0, "j", 0 } }
}
{
  event = "msg_showcmd",
  kind = {}
}
{
  event = "msg_showcmd",
  kind = { { 0, "j", 0 } }
}
{
  event = "msg_showcmd",
  kind = {}
}
{
  event = "msg_showcmd",
  kind = { { 0, "j", 0 } }
}
{
  event = "msg_showcmd",
  kind = {}
}
{
  event = "msg_showcmd",
  kind = { { 0, "j", 0 } }
}
{
  event = "msg_showcmd",
  kind = {}
}
{
  event = "msg_showcmd",
  kind = { { 0, "j", 0 } }
}
{
  event = "msg_showcmd",
  kind = {}
}
{
  event = "msg_showcmd",
  kind = { { 0, "j", 0 } }
}
{
  event = "msg_showcmd",
  kind = {}
}
{
  event = "msg_showcmd",
  kind = { { 0, "j", 0 } }
}
{
  event = "msg_showcmd",
  kind = {}
}
{
  event = "msg_showcmd",
  kind = { { 0, "j", 0 } }
}
{
  event = "msg_showcmd",
  kind = {}
}
{
  event = "msg_showcmd",
  kind = { { 0, "j", 0 } }
}
{
  event = "msg_showcmd",
  kind = {}
}
{
  event = "msg_showcmd",
  kind = { { 0, "j", 0 } }
}
{
  event = "msg_showcmd",
  kind = {}
}
{
  event = "msg_showcmd",
  kind = { { 0, "k", 0 } }
}
{
  event = "msg_showcmd",
  kind = {}
}
{
  event = "msg_showcmd",
  kind = { { 0, "k", 0 } }
}
{
  event = "msg_showcmd",
  kind = {}
}
{
  event = "msg_showcmd",
  kind = { { 0, "V", 0 } }
}
{
  event = "msg_showcmd",
  kind = { { 0, "1", 0 } }
}
{
  event = "msg_showcmd",
  kind = { { 0, "1", 0 } }
}
{
  event = "msg_showcmd",
  kind = {}
}
{
  event = "msg_showcmd",
  kind = { { 0, "y", 0 } }
}
{
  event = "msg_showcmd",
  kind = {}
}
{
  event = "msg_showcmd",
  kind = { { 0, "p", 0 } }
}
{
  event = "msg_showcmd",
  kind = {}
}
{
  event = "msg_showcmd",
  kind = { { 0, "w", 0 } }
}
{
  event = "msg_showcmd",
  kind = {}
}
{
  event = "msg_showcmd",
  kind = { { 0, "w", 0 } }
}
{
  event = "msg_showcmd",
  kind = {}
}
{
  event = "msg_showcmd",
  kind = { { 0, "w", 0 } }
}
{
  event = "msg_showcmd",
  kind = {}
}
{
  event = "msg_showcmd",
  kind = { { 0, "w", 0 } }
}
{
  event = "msg_showcmd",
  kind = {}
}
{
  event = "msg_showcmd",
  kind = { { 0, "w", 0 } }
}
{
  event = "msg_showcmd",
  kind = {}
}
{
  event = "msg_showcmd",
  kind = { { 0, "w", 0 } }
}
{
  event = "msg_showcmd",
  kind = {}
}
{
  event = "msg_showcmd",
  kind = { { 0, "w", 0 } }
}
{
  event = "msg_showcmd",
  kind = {}
}
{
  event = "msg_showcmd",
  kind = { { 0, "i", 0 } }
}
{
  event = "msg_showcmd",
  kind = {}
}
{
  event = "msg_showcmd",
  kind = { { 0, "j", 0 } }
}
{
  event = "msg_showcmd",
  kind = {}
}
{
  event = "msg_showcmd",
  kind = { { 0, "^B", 0 } }
}
{
  event = "msg_showcmd",
  kind = {}
}
{
  event = "msg_showcmd",
  kind = { { 0, "^F", 0 } }
}
{
  event = "msg_showcmd",
  kind = {}
}
{
  event = "msg_showcmd",
  kind = { { 0, "j", 0 } }
}
{
  event = "msg_showcmd",
  kind = {}
}
{
  event = "msg_showcmd",
  kind = { { 0, "j", 0 } }
}
{
  event = "msg_showcmd",
  kind = {}
}
{
  event = "msg_showcmd",
  kind = { { 0, "j", 0 } }
}
{
  event = "msg_showcmd",
  kind = {}
}
{
  event = "msg_showcmd",
  kind = { { 0, "~@k", 0 } }
}
{
  event = "msg_showcmd",
  kind = {}
}
{
  event = "msg_showcmd",
  kind = { { 0, "~@k", 0 } }
}
{
  event = "msg_showcmd",
  kind = {}
}
{
  event = "msg_showcmd",
  kind = { { 0, "~@k", 0 } }
}
{
  event = "msg_showcmd",
  kind = {}
}
{
  event = "msg_showcmd",
  kind = { { 0, "~@k", 0 } }
}
{
  event = "msg_showcmd",
  kind = {}
}
{
  event = "msg_showcmd",
  kind = { { 0, "~@k", 0 } }
}
{
  event = "msg_showcmd",
  kind = {}
}
{
  event = "msg_showcmd",
  kind = { { 0, "~@k", 0 } }
}
{
  event = "msg_showcmd",
  kind = {}
}
{
  event = "msg_showcmd",
  kind = { { 0, "~@k", 0 } }
}
{
  event = "msg_showcmd",
  kind = {}
}
{
  event = "msg_showcmd",
  kind = { { 0, "~@k", 0 } }
}
{
  event = "msg_showcmd",
  kind = {}
}
{
  event = "msg_showcmd",
  kind = { { 0, "~@k", 0 } }
}
{
  event = "msg_showcmd",
  kind = {}
}
{
  event = "msg_showcmd",
  kind = { { 0, "~@k", 0 } }
}
{
  event = "msg_showcmd",
  kind = {}
}
{
  event = "msg_showcmd",
  kind = { { 0, "~@k", 0 } }
}
{
  event = "msg_showcmd",
  kind = {}
}
{
  event = "msg_showcmd",
  kind = { { 0, "~@k", 0 } }
}
{
  event = "msg_showcmd",
  kind = {}
}
{
  event = "msg_showcmd",
  kind = { { 0, "~@k", 0 } }
}
{
  event = "msg_showcmd",
  kind = {}
}
{
  event = "msg_showcmd",
  kind = { { 0, "~@k", 0 } }
}
{
  event = "msg_showcmd",
  kind = {}
}
{
  event = "msg_showcmd",
  kind = { { 0, "~@k", 0 } }
}
{
  event = "msg_showcmd",
  kind = {}
}
{
  event = "msg_showcmd",
  kind = { { 0, "~@k", 0 } }
}
{
  event = "msg_showcmd",
  kind = {}
}
{
  event = "msg_showcmd",
  kind = { { 0, "~@k", 0 } }
}
{
  event = "msg_showcmd",
  kind = {}
}
{
  event = "msg_showcmd",
  kind = { { 0, "~@k", 0 } }
}
{
  event = "msg_showcmd",
  kind = {}
}
{
  event = "msg_showcmd",
  kind = { { 0, "~@k", 0 } }
}
{
  event = "msg_showcmd",
  kind = {}
}
{
  event = "msg_showcmd",
  kind = { { 0, "~@k", 0 } }
}
{
  event = "msg_showcmd",
  kind = {}
}
{
  event = "msg_showcmd",
  kind = { { 0, "~@k", 0 } }
}
{
  event = "msg_showcmd",
  kind = {}
}
{
  event = "msg_showcmd",
  kind = { { 0, "~@k", 0 } }
}
{
  event = "msg_showcmd",
  kind = {}
}
{
  event = "msg_showcmd",
  kind = { { 0, "~@k", 0 } }
}
{
  event = "msg_showcmd",
  kind = {}
}
{
  event = "msg_showcmd",
  kind = { { 0, "~@k", 0 } }
}
{
  event = "msg_showcmd",
  kind = {}
}
{
  event = "msg_showcmd",
  kind = { { 0, "~@k", 0 } }
}
{
  event = "msg_showcmd",
  kind = {}
}
{
  event = "msg_showcmd",
  kind = { { 0, "~@k", 0 } }
}
{
  event = "msg_showcmd",
  kind = {}
}
{
  event = "msg_showcmd",
  kind = { { 0, "~@k", 0 } }
}
{
  event = "msg_showcmd",
  kind = {}
}
{
  event = "msg_showcmd",
  kind = { { 0, "~@k", 0 } }
}
{
  event = "msg_showcmd",
  kind = {}
}
{
  event = "msg_showcmd",
  kind = { { 0, "~@k", 0 } }
}
{
  event = "msg_showcmd",
  kind = {}
}
{
  event = "msg_showcmd",
  kind = { { 0, "~@k", 0 } }
}
{
  event = "msg_showcmd",
  kind = {}
}
{
  event = "msg_showcmd",
  kind = { { 0, "~@k", 0 } }
}
{
  event = "msg_showcmd",
  kind = {}
}
{
  event = "msg_showcmd",
  kind = { { 0, "~@k", 0 } }
}
{
  event = "msg_showcmd",
  kind = {}
}
{
  event = "msg_showcmd",
  kind = { { 0, "~@k", 0 } }
}
{
  event = "msg_showcmd",
  kind = {}
}
{
  event = "msg_showcmd",
  kind = { { 0, "~@k", 0 } }
}
{
  event = "msg_showcmd",
  kind = {}
}
{
  event = "msg_showcmd",
  kind = { { 0, "~@k", 0 } }
}
{
  event = "msg_showcmd",
  kind = {}
}
{
  event = "msg_showcmd",
  kind = { { 0, "~@k", 0 } }
}
{
  event = "msg_showcmd",
  kind = {}
}
{
  event = "msg_showcmd",
  kind = { { 0, "~@k", 0 } }
}
{
  event = "msg_showcmd",
  kind = {}
}
{
  event = "msg_showcmd",
  kind = { { 0, "~@k", 0 } }
}
{
  event = "msg_showcmd",
  kind = {}
}
{
  event = "msg_showcmd",
  kind = { { 0, "~@k", 0 } }
}
{
  event = "msg_showcmd",
  kind = {}
}
{
  event = "msg_showcmd",
  kind = { { 0, "~@k", 0 } }
}
{
  event = "msg_showcmd",
  kind = {}
}
{
  event = "msg_showcmd",
  kind = { { 0, "~@k", 0 } }
}
{
  event = "msg_showcmd",
  kind = {}
}
{
  event = "msg_showcmd",
  kind = { { 0, "~@k", 0 } }
}
{
  event = "msg_showcmd",
  kind = {}
}
{
  event = "msg_showcmd",
  kind = { { 0, "~@k", 0 } }
}
{
  event = "msg_showcmd",
  kind = {}
}
{
  event = "msg_showcmd",
  kind = { { 0, "~@k", 0 } }
}
{
  event = "msg_showcmd",
  kind = {}
}
{
  event = "msg_showcmd",
  kind = { { 0, "~@k", 0 } }
}
{
  event = "msg_showcmd",
  kind = {}
}
{
  event = "msg_showcmd",
  kind = { { 0, "~@k", 0 } }
}
{
  event = "msg_showcmd",
  kind = {}
}
{
  event = "msg_showcmd",
  kind = { { 0, "~@k", 0 } }
}
{
  event = "msg_showcmd",
  kind = {}
}
{
  event = "msg_showcmd",
  kind = { { 0, "~@k", 0 } }
}
{
  event = "msg_showcmd",
  kind = {}
}
{
  event = "msg_showcmd",
  kind = { { 0, "~@k", 0 } }
}
{
  event = "msg_showcmd",
  kind = {}
}
{
  event = "msg_showcmd",
  kind = { { 0, "~@k", 0 } }
}
{
  event = "msg_showcmd",
  kind = {}
}
{
  event = "msg_showcmd",
  kind = { { 0, "~@k", 0 } }
}
{
  event = "msg_showcmd",
  kind = {}
}
{
  event = "msg_showcmd",
  kind = { { 0, "~@k", 0 } }
}
{
  event = "msg_showcmd",
  kind = {}
}
{
  event = "msg_showcmd",
  kind = { { 0, "~@k", 0 } }
}
{
  event = "msg_showcmd",
  kind = {}
}
{
  event = "msg_showcmd",
  kind = { { 0, "~@k", 0 } }
}
{
  event = "msg_showcmd",
  kind = {}
}
{
  event = "msg_showcmd",
  kind = { { 0, "~@k", 0 } }
}
{
  event = "msg_showcmd",
  kind = {}
}
{
  event = "msg_showcmd",
  kind = { { 0, "~@k", 0 } }
}
{
  event = "msg_showcmd",
  kind = {}
}
{
  event = "msg_showcmd",
  kind = { { 0, "~@k", 0 } }
}
{
  event = "msg_showcmd",
  kind = {}
}
{
  event = "msg_showcmd",
  kind = { { 0, "~@k", 0 } }
}
{
  event = "msg_showcmd",
  kind = {}
}
{
  event = "msg_showcmd",
  kind = { { 0, "~@k", 0 } }
}
{
  event = "msg_showcmd",
  kind = {}
}
{
  event = "msg_showcmd",
  kind = { { 0, "~@k", 0 } }
}
{
  event = "msg_showcmd",
  kind = {}
}
{
  event = "msg_showcmd",
  kind = { { 0, "~@k", 0 } }
}
{
  event = "msg_showcmd",
  kind = {}
}
{
  event = "msg_showcmd",
  kind = { { 0, "~@k", 0 } }
}
{
  event = "msg_showcmd",
  kind = {}
}
{
  event = "msg_showcmd",
  kind = { { 0, "~@k", 0 } }
}
{
  event = "msg_showcmd",
  kind = {}
}
{
  event = "msg_showcmd",
  kind = { { 0, "~@k", 0 } }
}
{
  event = "msg_showcmd",
  kind = {}
}
{
  event = "msg_showcmd",
  kind = { { 0, "~@k", 0 } }
}
{
  event = "msg_showcmd",
  kind = {}
}
{
  event = "msg_showcmd",
  kind = { { 0, "~@k", 0 } }
}
{
  event = "msg_showcmd",
  kind = {}
}
{
  event = "msg_showcmd",
  kind = { { 0, "~@k", 0 } }
}
{
  event = "msg_showcmd",
  kind = {}
}
{
  event = "msg_showcmd",
  kind = { { 0, "~@k", 0 } }
}
{
  event = "msg_showcmd",
  kind = {}
}
{
  event = "msg_showcmd",
  kind = { { 0, "~@k", 0 } }
}
{
  event = "msg_showcmd",
  kind = {}
}
{
  event = "msg_showcmd",
  kind = { { 0, "~@k", 0 } }
}
{
  event = "msg_showcmd",
  kind = {}
}
{
  event = "msg_showcmd",
  kind = { { 0, ":", 0 } }
}
{
  event = "msg_clear"
}
{ 0, ":", "", 0, 1, 0,
  event = "cmdline_show",
  kind = { { 0, "" } }
}
{ 1, ":", "", 0, 1, 0,
  event = "cmdline_show",
  kind = { { 0, "w" } }
}
{ false,
  event = "cmdline_hide",
  kind = 1
}
{ { { 0, '"lua\\mappings\\editing_mappings.lua" ', 0 } }, false, false,
  event = "msg_show",
  kind = "bufwrite"
}
{ { { 0, '"lua\\mappings\\editing_mappings.lua" 40L, 1551B written', 0 } }, true, true,
  event = "msg_show",
  kind = "bufwrite"
}
{
  event = "msg_showcmd",
  kind = {}
}
{ false,
  event = "cmdline_hide",
  kind = 1
}
{
  event = "msg_showcmd",
  kind = { { 0, "~@k", 0 } }
}
{
  event = "msg_showcmd",
  kind = {}
}
{
  event = "msg_showcmd",
  kind = { { 0, "~@k", 0 } }
}
{
  event = "msg_showcmd",
  kind = {}
}
{
  event = "msg_showcmd",
  kind = { { 0, "~@k", 0 } }
}
{
  event = "msg_showcmd",
  kind = {}
}
{
  event = "msg_showcmd",
  kind = { { 0, "~@k", 0 } }
}
{
  event = "msg_showcmd",
  kind = {}
}
{
  event = "msg_showcmd",
  kind = { { 0, "~@k", 0 } }
}
{
  event = "msg_showcmd",
  kind = {}
}
{
  event = "msg_showcmd",
  kind = { { 0, "~@k", 0 } }
}
{
  event = "msg_showcmd",
  kind = {}
}
{
  event = "msg_showcmd",
  kind = { { 0, "~@k", 0 } }
}
{
  event = "msg_showcmd",
  kind = {}
}
{
  event = "msg_showcmd",
  kind = { { 0, "~@k", 0 } }
}
{
  event = "msg_showcmd",
  kind = {}
}
{
  event = "msg_showcmd",
  kind = { { 0, "~@k", 0 } }
}
{
  event = "msg_showcmd",
  kind = {}
}
{
  event = "msg_showcmd",
  kind = { { 0, "~@k", 0 } }
}
{
  event = "msg_showcmd",
  kind = {}
}
{
  event = "msg_showcmd",
  kind = { { 0, "~@k", 0 } }
}
{
  event = "msg_showcmd",
  kind = {}
}
{
  event = "msg_showcmd",
  kind = { { 0, "~@k", 0 } }
}
{
  event = "msg_showcmd",
  kind = {}
}
{
  event = "msg_showcmd",
  kind = { { 0, "~@k", 0 } }
}
{
  event = "msg_showcmd",
  kind = {}
}
{
  event = "msg_showcmd",
  kind = { { 0, "~@k", 0 } }
}
{
  event = "msg_showcmd",
  kind = {}
}
{
  event = "msg_showcmd",
  kind = { { 0, "~@k", 0 } }
}
{
  event = "msg_showcmd",
  kind = {}
}
{
  event = "msg_showcmd",
  kind = { { 0, "~@k", 0 } }
}
{
  event = "msg_showcmd",
  kind = {}
}
{
  event = "msg_showcmd",
  kind = { { 0, "~@k", 0 } }
}
{
  event = "msg_showcmd",
  kind = {}
}
{
  event = "msg_showcmd",
  kind = { { 0, "~@k", 0 } }
}
{
  event = "msg_showcmd",
  kind = {}
}
{
  event = "msg_showcmd",
  kind = { { 0, "~@k", 0 } }
}
{
  event = "msg_showcmd",
  kind = {}
}
{
  event = "msg_showcmd",
  kind = { { 0, "~@k", 0 } }
}
{
  event = "msg_showcmd",
  kind = {}
}
{
  event = "msg_showcmd",
  kind = { { 0, "~@k", 0 } }
}
{
  event = "msg_showcmd",
  kind = {}
}
{
  event = "msg_showcmd",
  kind = { { 0, "i", 0 } }
}
{
  event = "msg_showcmd",
  kind = {}
}
{
  event = "msg_showcmd",
  kind = { { 0, "6", 0 } }
}
{
  event = "msg_showcmd",
  kind = { { 0, "6", 0 } }
}
{
  event = "msg_showcmd",
  kind = { { 0, "6", 0 } }
}
{
  event = "msg_showcmd",
  kind = { { 0, "6", 0 } }
}
{
  event = "msg_showcmd",
  kind = { { 0, "6", 0 } }
}
{
  event = "msg_showcmd",
  kind = { { 0, "6", 0 } }
}
{
  event = "msg_showcmd",
  kind = { { 0, "6", 0 } }
}
{
  event = "msg_showcmd",
  kind = { { 0, "6", 0 } }
}
{
  event = "msg_showcmd",
  kind = { { 0, "6", 0 } }
}
{
  event = "msg_showcmd",
  kind = { { 0, "6", 0 } }
}
{
  event = "msg_showcmd",
  kind = { { 0, "6", 0 } }
}
{
  event = "msg_showcmd",
  kind = { { 0, "6", 0 } }
}
{
  event = "msg_showcmd",
  kind = { { 0, "6", 0 } }
}
{
  event = "msg_showcmd",
  kind = { { 0, "6", 0 } }
}
{
  event = "msg_showcmd",
  kind = { { 0, "6", 0 } }
}
{
  event = "msg_showcmd",
  kind = { { 0, "6", 0 } }
}
{
  event = "msg_showcmd",
  kind = { { 0, "6", 0 } }
}
{
  event = "msg_showcmd",
  kind = { { 0, "6", 0 } }
}
{
  event = "msg_showcmd",
  kind = { { 0, "6", 0 } }
}
{
  event = "msg_showcmd",
  kind = { { 0, "6", 0 } }
}
{
  event = "msg_showcmd",
  kind = { { 0, "6", 0 } }
}
{
  event = "msg_showcmd",
  kind = { { 0, "6", 0 } }
}
{
  event = "msg_showcmd",
  kind = { { 0, "6", 0 } }
}
{
  event = "msg_showcmd",
  kind = { { 0, "6", 0 } }
}
{
  event = "msg_showcmd",
  kind = { { 0, "6", 0 } }
}
{
  event = "msg_showcmd",
  kind = { { 0, "6", 0 } }
}
{
  event = "msg_showcmd",
  kind = { { 0, "6", 0 } }
}
{
  event = "msg_showcmd",
  kind = { { 0, "6", 0 } }
}
{
  event = "msg_showcmd",
  kind = { { 0, "6", 0 } }
}
{
  event = "msg_showcmd",
  kind = { { 0, "6", 0 } }
}
{
  event = "msg_showcmd",
  kind = { { 0, "6", 0 } }
}
{
  event = "msg_showcmd",
  kind = { { 0, "6", 0 } }
}
{
  event = "msg_showcmd",
  kind = { { 0, "6", 0 } }
}
{
  event = "msg_showcmd",
  kind = { { 0, "6", 0 } }
}
{
  event = "msg_showcmd",
  kind = { { 0, "6", 0 } }
}
{
  event = "msg_showcmd",
  kind = { { 0, "6", 0 } }
}
{
  event = "msg_showcmd",
  kind = { { 0, "6", 0 } }
}
{
  event = "msg_showcmd",
  kind = { { 0, "6", 0 } }
}
{
  event = "msg_showcmd",
  kind = { { 0, "6", 0 } }
}
{
  event = "msg_showcmd",
  kind = { { 0, "6", 0 } }
}
{
  event = "msg_showcmd",
  kind = { { 0, "6", 0 } }
}
{
  event = "msg_showcmd",
  kind = { { 0, "6", 0 } }
}
{
  event = "msg_showcmd",
  kind = { { 0, "6", 0 } }
}
{
  event = "msg_showcmd",
  kind = { { 0, "6", 0 } }
}
{
  event = "msg_showcmd",
  kind = { { 0, "~@k", 0 } }
}
{
  event = "msg_showcmd",
  kind = { { 0, "7", 0 } }
}
{
  event = "msg_showcmd",
  kind = { { 0, "7", 0 } }
}
{
  event = "msg_showcmd",
  kind = { { 0, "7", 0 } }
}
{
  event = "msg_showcmd",
  kind = { { 0, "7", 0 } }
}
{
  event = "msg_showcmd",
  kind = { { 0, "7", 0 } }
}
{
  event = "msg_showcmd",
  kind = { { 0, "7", 0 } }
}
{
  event = "msg_showcmd",
  kind = { { 0, "7", 0 } }
}
{
  event = "msg_showcmd",
  kind = { { 0, "~@k", 0 } }
}
{
  event = "msg_showcmd",
  kind = { { 0, "8", 0 } }
}
{
  event = "msg_showcmd",
  kind = { { 0, "~@k", 0 } }
}
{
  event = "msg_showcmd",
  kind = { { 0, "9", 0 } }
}
{
  event = "msg_showcmd",
  kind = { { 0, "~@k", 0 } }
}
{
  event = "msg_showcmd",
  kind = { { 0, "10", 0 } }
}
{
  event = "msg_showcmd",
  kind = { { 0, "~@k", 0 } }
}
{
  event = "msg_showcmd",
  kind = { { 0, "11", 0 } }
}
{
  event = "msg_showcmd",
  kind = { { 0, "~@k", 0 } }
}
{
  event = "msg_showcmd",
  kind = { { 0, "12", 0 } }
}
{
  event = "msg_showcmd",
  kind = { { 0, "~@k", 0 } }
}
{
  event = "msg_showcmd",
  kind = { { 0, "13", 0 } }
}
{
  event = "msg_showcmd",
  kind = { { 0, "~@k", 0 } }
}
{
  event = "msg_showcmd",
  kind = { { 0, "14", 0 } }
}
{
  event = "msg_showcmd",
  kind = { { 0, "~@k", 0 } }
}
{
  event = "msg_showcmd",
  kind = { { 0, "15", 0 } }
}
{
  event = "msg_showcmd",
  kind = { { 0, "~@k", 0 } }
}
{
  event = "msg_showcmd",
  kind = { { 0, "16", 0 } }
}
{
  event = "msg_showcmd",
  kind = { { 0, "~@k", 0 } }
}
{
  event = "msg_showcmd",
  kind = { { 0, "17", 0 } }
}
{
  event = "msg_showcmd",
  kind = { { 0, "~@k", 0 } }
}
{
  event = "msg_showcmd",
  kind = { { 0, "18", 0 } }
}
{
  event = "msg_showcmd",
  kind = { { 0, "~@k", 0 } }
}
{
  event = "msg_showcmd",
  kind = { { 0, "19", 0 } }
}
{
  event = "msg_showcmd",
  kind = { { 0, "~@k", 0 } }
}
{
  event = "msg_showcmd",
  kind = { { 0, "20", 0 } }
}
{
  event = "msg_showcmd",
  kind = { { 0, "~@k", 0 } }
}
{
  event = "msg_showcmd",
  kind = { { 0, "21", 0 } }
}
{
  event = "msg_showcmd",
  kind = { { 0, "~@k", 0 } }
}
{
  event = "msg_showcmd",
  kind = { { 0, "22", 0 } }
}
{
  event = "msg_showcmd",
  kind = { { 0, "~@k", 0 } }
}
{
  event = "msg_showcmd",
  kind = { { 0, "23", 0 } }
}
{
  event = "msg_showcmd",
  kind = { { 0, "23", 0 } }
}
{
  event = "msg_showcmd",
  kind = { { 0, "23", 0 } }
}
{
  event = "msg_showcmd",
  kind = { { 0, "~@k", 0 } }
}
{
  event = "msg_showcmd",
  kind = { { 0, "24", 0 } }
}
{
  event = "msg_showcmd",
  kind = { { 0, "24", 0 } }
}
{
  event = "msg_showcmd",
  kind = { { 0, "24", 0 } }
}
{
  event = "msg_showcmd",
  kind = { { 0, "24", 0 } }
}
{
  event = "msg_showcmd",
  kind = { { 0, "24", 0 } }
}
{
  event = "msg_showcmd",
  kind = { { 0, "24", 0 } }
}
{
  event = "msg_showcmd",
  kind = { { 0, "24", 0 } }
}
{
  event = "msg_showcmd",
  kind = { { 0, "~@k", 0 } }
}
{
  event = "msg_showcmd",
  kind = { { 0, "25", 0 } }
}
{
  event = "msg_showcmd",
  kind = { { 0, "25", 0 } }
}
{
  event = "msg_showcmd",
  kind = { { 0, "25", 0 } }
}
{
  event = "msg_showcmd",
  kind = { { 0, "25", 0 } }
}
{
  event = "msg_showcmd",
  kind = { { 0, "25", 0 } }
}
{
  event = "msg_showcmd",
  kind = { { 0, "~@k", 0 } }
}
{
  event = "msg_showcmd",
  kind = { { 0, "26", 0 } }
}
{
  event = "msg_showcmd",
  kind = { { 0, "26", 0 } }
}
{
  event = "msg_showcmd",
  kind = { { 0, "26", 0 } }
}
{
  event = "msg_showcmd",
  kind = { { 0, "26", 0 } }
}
{
  event = "msg_showcmd",
  kind = { { 0, "26", 0 } }
}
{
  event = "msg_showcmd",
  kind = { { 0, "~@k", 0 } }
}
{
  event = "msg_showcmd",
  kind = { { 0, "27", 0 } }
}
{
  event = "msg_showcmd",
  kind = { { 0, "27", 0 } }
}
{
  event = "msg_showcmd",
  kind = { { 0, "27", 0 } }
}
{
  event = "msg_showcmd",
  kind = { { 0, "27", 0 } }
}
{
  event = "msg_showcmd",
  kind = { { 0, "27", 0 } }
}
{
  event = "msg_showcmd",
  kind = { { 0, "27", 0 } }
}
{
  event = "msg_showcmd",
  kind = { { 0, "~@k", 0 } }
}
{
  event = "msg_showcmd",
  kind = { { 0, "28", 0 } }
}
{
  event = "msg_showcmd",
  kind = { { 0, "28", 0 } }
}
{
  event = "msg_showcmd",
  kind = { { 0, "28", 0 } }
}
{
  event = "msg_showcmd",
  kind = { { 0, "28", 0 } }
}
{
  event = "msg_showcmd",
  kind = { { 0, "28", 0 } }
}
{
  event = "msg_showcmd",
  kind = { { 0, "28", 0 } }
}
{
  event = "msg_showcmd",
  kind = { { 0, "28", 0 } }
}
{
  event = "msg_showcmd",
  kind = { { 0, "28", 0 } }
}
{
  event = "msg_showcmd",
  kind = { { 0, "28", 0 } }
}
{
  event = "msg_showcmd",
  kind = { { 0, "~@k", 0 } }
}
{
  event = "msg_showcmd",
  kind = { { 0, "27", 0 } }
}
{
  event = "msg_showcmd",
  kind = { { 0, "27", 0 } }
}
{
  event = "msg_showcmd",
  kind = { { 0, "27", 0 } }
}
{
  event = "msg_showcmd",
  kind = { { 0, "27", 0 } }
}
{
  event = "msg_showcmd",
  kind = { { 0, "27", 0 } }
}
{
  event = "msg_showcmd",
  kind = { { 0, "27", 0 } }
}
{
  event = "msg_showcmd",
  kind = { { 0, "27", 0 } }
}
{
  event = "msg_showcmd",
  kind = { { 0, "27", 0 } }
}
{
  event = "msg_showcmd",
  kind = { { 0, "^[", 0 } }
}
{
  event = "msg_showcmd",
  kind = {}
}
{
  event = "msg_showcmd",
  kind = { { 0, "~@k", 0 } }
}
{
  event = "msg_showcmd",
  kind = {}
}
{
  event = "msg_showcmd",
  kind = { { 0, "~@k", 0 } }
}
{
  event = "msg_showcmd",
  kind = {}
}
{
  event = "msg_showcmd",
  kind = { { 0, "~@k", 0 } }
}
{
  event = "msg_showcmd",
  kind = {}
}
{
  event = "msg_showcmd",
  kind = { { 0, "~@k", 0 } }
}
{
  event = "msg_showcmd",
  kind = {}
}
{
  event = "msg_showcmd",
  kind = { { 0, "~@k", 0 } }
}
{
  event = "msg_showcmd",
  kind = {}
}
{
  event = "msg_showcmd",
  kind = { { 0, "~@k", 0 } }
}
{
  event = "msg_showcmd",
  kind = {}
}
{
  event = "msg_showcmd",
  kind = { { 0, "~@k", 0 } }
}
{
  event = "msg_showcmd",
  kind = {}
}
{
  event = "msg_showcmd",
  kind = { { 0, "~@k", 0 } }
}
{
  event = "msg_showcmd",
  kind = {}
}
{
  event = "msg_showcmd",
  kind = { { 0, "u", 0 } }
}
{ { { 0, "1 change; before #111  30 seconds ago", 0 } }, false, true,
  event = "msg_show",
  kind = "undo"
}
{
  event = "msg_showcmd",
  kind = {}
}
{
  event = "msg_showcmd",
  kind = { { 0, "i", 0 } }
}
{
  event = "msg_showcmd",
  kind = {}
}
{
  event = "msg_showcmd",
  kind = { { 0, "6", 0 } }
}
{
  event = "msg_showcmd",
  kind = { { 0, "6", 0 } }
}
{
  event = "msg_showcmd",
  kind = { { 0, "6", 0 } }
}
{
  event = "msg_showcmd",
  kind = { { 0, "6", 0 } }
}
{
  event = "msg_showcmd",
  kind = { { 0, "6", 0 } }
}
{
  event = "msg_showcmd",
  kind = { { 0, "6", 0 } }
}
{
  event = "msg_showcmd",
  kind = { { 0, "6", 0 } }
}
{
  event = "msg_showcmd",
  kind = { { 0, "6", 0 } }
}
{
  event = "msg_showcmd",
  kind = { { 0, "6", 0 } }
}
{
  event = "msg_showcmd",
  kind = { { 0, "6", 0 } }
}
{
  event = "msg_showcmd",
  kind = { { 0, "6", 0 } }
}
{
  event = "msg_showcmd",
  kind = { { 0, "6", 0 } }
}
{
  event = "msg_showcmd",
  kind = { { 0, "6", 0 } }
}
{
  event = "msg_showcmd",
  kind = { { 0, "6", 0 } }
}
{
  event = "msg_showcmd",
  kind = { { 0, "6", 0 } }
}
{
  event = "msg_showcmd",
  kind = { { 0, "6", 0 } }
}
{
  event = "msg_showcmd",
  kind = { { 0, "6", 0 } }
}
{
  event = "msg_showcmd",
  kind = { { 0, "6", 0 } }
}
{
  event = "msg_showcmd",
  kind = { { 0, "6", 0 } }
}
{
  event = "msg_showcmd",
  kind = { { 0, "6", 0 } }
}
{
  event = "msg_showcmd",
  kind = { { 0, "6", 0 } }
}
{
  event = "msg_showcmd",
  kind = { { 0, "6", 0 } }
}
{
  event = "msg_showcmd",
  kind = { { 0, "6", 0 } }
}
{
  event = "msg_showcmd",
  kind = { { 0, "6", 0 } }
}
{
  event = "msg_showcmd",
  kind = { { 0, "6", 0 } }
}
{
  event = "msg_showcmd",
  kind = { { 0, "6", 0 } }
}
{
  event = "msg_showcmd",
  kind = { { 0, "6", 0 } }
}
{
  event = "msg_showcmd",
  kind = { { 0, "6", 0 } }
}
{
  event = "msg_showcmd",
  kind = { { 0, "6", 0 } }
}
{
  event = "msg_showcmd",
  kind = { { 0, "6", 0 } }
}
{
  event = "msg_showcmd",
  kind = { { 0, "6", 0 } }
}
{
  event = "msg_showcmd",
  kind = { { 0, "6", 0 } }
}
{
  event = "msg_showcmd",
  kind = { { 0, "6", 0 } }
}
{
  event = "msg_showcmd",
  kind = { { 0, "6", 0 } }
}
{
  event = "msg_showcmd",
  kind = { { 0, "6", 0 } }
}
{
  event = "msg_showcmd",
  kind = { { 0, "6", 0 } }
}
{
  event = "msg_showcmd",
  kind = { { 0, "6", 0 } }
}
{
  event = "msg_showcmd",
  kind = { { 0, "6", 0 } }
}
{
  event = "msg_showcmd",
  kind = { { 0, "6", 0 } }
}
{
  event = "msg_showcmd",
  kind = { { 0, "6", 0 } }
}
{
  event = "msg_showcmd",
  kind = { { 0, "6", 0 } }
}
{
  event = "msg_showcmd",
  kind = { { 0, "6", 0 } }
}
{
  event = "msg_showcmd",
  kind = { { 0, "6", 0 } }
}
{
  event = "msg_showcmd",
  kind = { { 0, "6", 0 } }
}
{
  event = "msg_showcmd",
  kind = { { 0, "6", 0 } }
}
{
  event = "msg_showcmd",
  kind = { { 0, "6", 0 } }
}
{
  event = "msg_showcmd",
  kind = { { 0, "6", 0 } }
}
{
  event = "msg_showcmd",
  kind = { { 0, "6", 0 } }
}
{
  event = "msg_showcmd",
  kind = { { 0, "6", 0 } }
}
{
  event = "msg_showcmd",
  kind = { { 0, "6", 0 } }
}
{
  event = "msg_showcmd",
  kind = { { 0, "6", 0 } }
}
{
  event = "msg_showcmd",
  kind = { { 0, "6", 0 } }
}
{
  event = "msg_showcmd",
  kind = { { 0, "6", 0 } }
}
{
  event = "msg_showcmd",
  kind = { { 0, "6", 0 } }
}
{
  event = "msg_showcmd",
  kind = { { 0, "6", 0 } }
}
{
  event = "msg_showcmd",
  kind = { { 0, "6", 0 } }
}
{
  event = "msg_showcmd",
  kind = { { 0, "6", 0 } }
}
{
  event = "msg_showcmd",
  kind = { { 0, "6", 0 } }
}
{
  event = "msg_showcmd",
  kind = { { 0, "<20>", 0 } }
}
{
  event = "msg_showcmd",
  kind = {}
}
{
  event = "msg_showcmd",
  kind = { { 0, "u", 0 } }
}
{ { { 0, "1 change; before #114  2 seconds ago", 0 } }, true, true,
  event = "msg_show",
  kind = "undo"
}
{
  event = "msg_showcmd",
  kind = {}
}
{
  event = "msg_showcmd",
  kind = { { 0, "u", 0 } }
}
{ { { 0, "1 change; before #113  19 seconds ago", 0 } }, true, true,
  event = "msg_show",
  kind = "undo"
}
{
  event = "msg_showcmd",
  kind = {}
}
{
  event = "msg_showcmd",
  kind = { { 0, "u", 0 } }
}
{ { { 0, "2 fewer lines; before #112  21 seconds ago", 0 } }, true, true,
  event = "msg_show",
  kind = "undo"
}
{
  event = "msg_showcmd",
  kind = {}
}
{
  event = "msg_showcmd",
  kind = { { 0, "u", 0 } }
}
{ { { 0, "7 changes; before #110  01:54:12", 0 } }, true, true,
  event = "msg_show",
  kind = "undo"
}
{
  event = "msg_showcmd",
  kind = {}
}
{
  event = "msg_showcmd",
  kind = { { 0, "u", 0 } }
}
{ { { 0, "1 change; before #109  01:54:06", 0 } }, true, true,
  event = "msg_show",
  kind = "undo"
}
{
  event = "msg_showcmd",
  kind = {}
}
{
  event = "msg_showcmd",
  kind = { { 0, "u", 0 } }
}
{ { { 0, "1 change; before #108  01:54:04", 0 } }, true, true,
  event = "msg_show",
  kind = "undo"
}
{
  event = "msg_showcmd",
  kind = {}
}
{
  event = "msg_showcmd",
  kind = { { 0, "u", 0 } }
}
{ { { 0, "1 change; before #107  01:54:04", 0 } }, true, true,
  event = "msg_show",
  kind = "undo"
}
{
  event = "msg_showcmd",
  kind = {}
}
{
  event = "msg_showcmd",
  kind = { { 0, "u", 0 } }
}
{ { { 0, "1 line less; before #106  01:54:03", 0 } }, true, true,
  event = "msg_show",
  kind = "undo"
}
{
  event = "msg_showcmd",
  kind = {}
}
{
  event = "msg_showcmd",
  kind = { { 0, "u", 0 } }
}
{ { { 0, "7 changes; before #105  01:53:02", 0 } }, true, true,
  event = "msg_show",
  kind = "undo"
}
{
  event = "msg_showcmd",
  kind = {}
}
{
  event = "msg_showcmd",
  kind = { { 0, "u", 0 } }
}
{ { { 0, "7 changes; before #104  01:53:01", 0 } }, true, true,
  event = "msg_show",
  kind = "undo"
}
{
  event = "msg_showcmd",
  kind = {}
}
{
  event = "msg_showcmd",
  kind = { { 0, "u", 0 } }
}
{ { { 0, "1 more line; before #103  01:53:01", 0 } }, true, true,
  event = "msg_show",
  kind = "undo"
}
{
  event = "msg_showcmd",
  kind = {}
}
{
  event = "msg_showcmd",
  kind = { { 0, "u", 0 } }
}
{ { { 0, "1 more line; before #102  01:53:00", 0 } }, true, true,
  event = "msg_show",
  kind = "undo"
}
{
  event = "msg_showcmd",
  kind = {}
}
{
  event = "msg_showcmd",
  kind = { { 0, "u", 0 } }
}
{ { { 0, "1 more line; before #101  01:53:00", 0 } }, true, true,
  event = "msg_show",
  kind = "undo"
}
{
  event = "msg_showcmd",
  kind = {}
}
{
  event = "msg_showcmd",
  kind = { { 0, "u", 0 } }
}
{ { { 0, "8 changes; before #100  01:52:36", 0 } }, true, true,
  event = "msg_show",
  kind = "undo"
}
{
  event = "msg_showcmd",
  kind = {}
}
{
  event = "msg_showcmd",
  kind = { { 0, "u", 0 } }
}
{ { { 0, "1 more line; before #99  01:52:34", 0 } }, true, true,
  event = "msg_show",
  kind = "undo"
}
{
  event = "msg_showcmd",
  kind = {}
}
{
  event = "msg_showcmd",
  kind = { { 0, "u", 0 } }
}
{ { { 0, "1 more line; before #98  01:52:32", 0 } }, true, true,
  event = "msg_show",
  kind = "undo"
}
{
  event = "msg_showcmd",
  kind = {}
}
{
  event = "msg_showcmd",
  kind = { { 0, "u", 0 } }
}
{ { { 0, "8 changes; before #97  01:51:20", 0 } }, true, true,
  event = "msg_show",
  kind = "undo"
}
{
  event = "msg_showcmd",
  kind = {}
}
{
  event = "msg_showcmd",
  kind = { { 0, "u", 0 } }
}
{ { { 0, "8 changes; before #96  01:51:16", 0 } }, true, true,
  event = "msg_show",
  kind = "undo"
}
{
  event = "msg_showcmd",
  kind = {}
}
{
  event = "msg_showcmd",
  kind = { { 0, "u", 0 } }
}
{ { { 0, "9 changes; before #95  01:48:37", 0 } }, true, true,
  event = "msg_show",
  kind = "undo"
}
{
  event = "msg_showcmd",
  kind = {}
}
{
  event = "msg_showcmd",
  kind = { { 0, "u", 0 } }
}
{ { { 0, "1 change; before #94  01:48:35", 0 } }, true, true,
  event = "msg_show",
  kind = "undo"
}
{
  event = "msg_showcmd",
  kind = {}
}
{
  event = "msg_showcmd",
  kind = { { 0, "u", 0 } }
}
{ { { 0, "8 changes; before #93  01:48:31", 0 } }, true, true,
  event = "msg_show",
  kind = "undo"
}
{
  event = "msg_showcmd",
  kind = {}
}
{
  event = "msg_showcmd",
  kind = { { 0, "u", 0 } }
}
{ { { 0, "8 changes; before #92  01:48:29", 0 } }, true, true,
  event = "msg_show",
  kind = "undo"
}
{
  event = "msg_showcmd",
  kind = {}
}
{
  event = "msg_showcmd",
  kind = { { 0, "u", 0 } }
}
{ { { 0, "1 change; before #91  01:48:26", 0 } }, true, true,
  event = "msg_show",
  kind = "undo"
}
{
  event = "msg_showcmd",
  kind = {}
}
{
  event = "msg_showcmd",
  kind = { { 0, "u", 0 } }
}
{ { { 0, "1 change; before #90  01:48:24", 0 } }, true, true,
  event = "msg_show",
  kind = "undo"
}
{
  event = "msg_showcmd",
  kind = {}
}
{
  event = "msg_showcmd",
  kind = { { 0, "u", 0 } }
}
{ { { 0, "8 changes; before #89  01:48:19", 0 } }, true, true,
  event = "msg_show",
  kind = "undo"
}
{
  event = "msg_showcmd",
  kind = {}
}
{
  event = "msg_showcmd",
  kind = { { 0, "u", 0 } }
}
{ { { 0, "1 change; before #88  01:48:17", 0 } }, true, true,
  event = "msg_show",
  kind = "undo"
}
{
  event = "msg_showcmd",
  kind = {}
}
{
  event = "msg_showcmd",
  kind = { { 0, "u", 0 } }
}
{ { { 0, "1 change; before #87  01:48:08", 0 } }, true, true,
  event = "msg_show",
  kind = "undo"
}
{
  event = "msg_showcmd",
  kind = {}
}
{
  event = "msg_showcmd",
  kind = { { 0, "^R", 0 } }
}
{ { { 0, "1 change; after #87  01:48:08", 0 } }, true, true,
  event = "msg_show",
  kind = "undo"
}
{
  event = "msg_showcmd",
  kind = {}
}
{
  event = "msg_showcmd",
  kind = { { 0, "^R", 0 } }
}
{ { { 0, "1 change; after #88  01:48:17", 0 } }, true, true,
  event = "msg_show",
  kind = "undo"
}
{
  event = "msg_showcmd",
  kind = {}
}
{
  event = "msg_showcmd",
  kind = { { 0, "^R", 0 } }
}
{ { { 0, "8 changes; after #89  01:48:19", 0 } }, true, true,
  event = "msg_show",
  kind = "undo"
}
{
  event = "msg_showcmd",
  kind = {}
}
{
  event = "msg_showcmd",
  kind = { { 0, "^R", 0 } }
}
{ { { 0, "1 change; after #90  01:48:24", 0 } }, true, true,
  event = "msg_show",
  kind = "undo"
}
{
  event = "msg_showcmd",
  kind = {}
}
{
  event = "msg_showcmd",
  kind = { { 0, "^R", 0 } }
}
{ { { 0, "1 change; after #91  01:48:26", 0 } }, true, true,
  event = "msg_show",
  kind = "undo"
}
{
  event = "msg_showcmd",
  kind = {}
}
{
  event = "msg_showcmd",
  kind = { { 0, "^R", 0 } }
}
{ { { 0, "8 changes; after #92  01:48:29", 0 } }, true, true,
  event = "msg_show",
  kind = "undo"
}
{
  event = "msg_showcmd",
  kind = {}
}
{
  event = "msg_showcmd",
  kind = { { 0, "^R", 0 } }
}
{ { { 0, "8 changes; after #93  01:48:31", 0 } }, true, true,
  event = "msg_show",
  kind = "undo"
}
{
  event = "msg_showcmd",
  kind = {}
}
{
  event = "msg_showcmd",
  kind = { { 0, "^R", 0 } }
}
{ { { 0, "1 change; after #94  01:48:35", 0 } }, true, true,
  event = "msg_show",
  kind = "undo"
}
{
  event = "msg_showcmd",
  kind = {}
}
{
  event = "msg_showcmd",
  kind = { { 0, "^R", 0 } }
}
{ { { 0, "9 changes; after #95  01:48:37", 0 } }, true, true,
  event = "msg_show",
  kind = "undo"
}
{
  event = "msg_showcmd",
  kind = {}
}
{
  event = "msg_showcmd",
  kind = { { 0, "^R", 0 } }
}
{ { { 0, "8 changes; after #96  01:51:16", 0 } }, true, true,
  event = "msg_show",
  kind = "undo"
}
{
  event = "msg_showcmd",
  kind = {}
}
{
  event = "msg_showcmd",
  kind = { { 0, "^R", 0 } }
}
{ { { 0, "8 changes; after #97  01:51:20", 0 } }, true, true,
  event = "msg_show",
  kind = "undo"
}
{
  event = "msg_showcmd",
  kind = {}
}
{
  event = "msg_showcmd",
  kind = { { 0, "^R", 0 } }
}
{ { { 0, "1 line less; after #98  01:52:32", 0 } }, true, true,
  event = "msg_show",
  kind = "undo"
}
{
  event = "msg_showcmd",
  kind = {}
}
{
  event = "msg_showcmd",
  kind = { { 0, "^R", 0 } }
}
{ { { 0, "1 line less; after #99  01:52:34", 0 } }, true, true,
  event = "msg_show",
  kind = "undo"
}
{
  event = "msg_showcmd",
  kind = {}
}
{
  event = "msg_showcmd",
  kind = { { 0, "^R", 0 } }
}
{ { { 0, "8 changes; after #100  01:52:36", 0 } }, true, true,
  event = "msg_show",
  kind = "undo"
}
{
  event = "msg_showcmd",
  kind = {}
}
{
  event = "msg_showcmd",
  kind = { { 0, "^R", 0 } }
}
{ { { 0, "1 line less; after #101  01:53:00", 0 } }, true, true,
  event = "msg_show",
  kind = "undo"
}
{
  event = "msg_showcmd",
  kind = {}
}
{
  event = "msg_showcmd",
  kind = { { 0, "^R", 0 } }
}
{ { { 0, "1 line less; after #102  01:53:00", 0 } }, true, true,
  event = "msg_show",
  kind = "undo"
}
{
  event = "msg_showcmd",
  kind = {}
}
{
  event = "msg_showcmd",
  kind = { { 0, "^R", 0 } }
}
{ { { 0, "1 line less; after #103  01:53:01", 0 } }, true, true,
  event = "msg_show",
  kind = "undo"
}
{
  event = "msg_showcmd",
  kind = {}
}
{
  event = "msg_showcmd",
  kind = { { 0, "^R", 0 } }
}
{ { { 0, "7 changes; after #104  01:53:01", 0 } }, true, true,
  event = "msg_show",
  kind = "undo"
}
{
  event = "msg_showcmd",
  kind = {}
}
{
  event = "msg_showcmd",
  kind = { { 0, "^R", 0 } }
}
{ { { 0, "7 changes; after #105  01:53:02", 0 } }, true, true,
  event = "msg_show",
  kind = "undo"
}
{
  event = "msg_showcmd",
  kind = {}
}
{
  event = "msg_showcmd",
  kind = { { 0, "^R", 0 } }
}
{ { { 0, "1 more line; after #106  01:54:03", 0 } }, true, true,
  event = "msg_show",
  kind = "undo"
}
{
  event = "msg_showcmd",
  kind = {}
}
{
  event = "msg_showcmd",
  kind = { { 0, "^R", 0 } }
}
{ { { 0, "1 change; after #107  01:54:04", 0 } }, true, true,
  event = "msg_show",
  kind = "undo"
}
{
  event = "msg_showcmd",
  kind = {}
}
{
  event = "msg_showcmd",
  kind = { { 0, "^R", 0 } }
}
{ { { 0, "1 change; after #108  01:54:04", 0 } }, true, true,
  event = "msg_show",
  kind = "undo"
}
{
  event = "msg_showcmd",
  kind = {}
}
{
  event = "msg_showcmd",
  kind = { { 0, "^R", 0 } }
}
{ { { 0, "1 change; after #109  01:54:06", 0 } }, true, true,
  event = "msg_show",
  kind = "undo"
}
{
  event = "msg_showcmd",
  kind = {}
}
{
  event = "msg_showcmd",
  kind = { { 0, "^R", 0 } }
}
{ { { 0, "7 changes; after #110  01:54:12", 0 } }, true, true,
  event = "msg_show",
  kind = "undo"
}
{
  event = "msg_showcmd",
  kind = {}
}
{
  event = "msg_showcmd",
  kind = { { 0, "^R", 0 } }
}
{ { { 0, "2 more lines; after #112  27 seconds ago", 0 } }, true, true,
  event = "msg_show",
  kind = "undo"
}
{
  event = "msg_showcmd",
  kind = {}
}
{
  event = "msg_showcmd",
  kind = { { 0, "^R", 0 } }
}
{ { { 0, "1 change; after #113  25 seconds ago", 0 } }, true, true,
  event = "msg_show",
  kind = "undo"
}
{
  event = "msg_showcmd",
  kind = {}
}
{
  event = "msg_showcmd",
  kind = { { 0, "^R", 0 } }
}
{ { { 0, "1 change; after #114  8 seconds ago", 0 } }, true, true,
  event = "msg_show",
  kind = "undo"
}
{
  event = "msg_showcmd",
  kind = {}
}
{
  event = "msg_showcmd",
  kind = { { 0, "^R", 0 } }
}
{ { { 0, "Already at newest change", 0 } }, true, true,
  event = "msg_show",
  kind = "undo"
}
{
  event = "msg_showcmd",
  kind = {}
}
{
  event = "msg_showcmd",
  kind = { { 0, "^R", 0 } }
}
{ { { 0, "Already at newest change", 0 } }, true, true,
  event = "msg_show",
  kind = "undo"
}
{
  event = "msg_showcmd",
  kind = {}
}
{
  event = "msg_showcmd",
  kind = { { 0, "^R", 0 } }
}
{ { { 0, "Already at newest change", 0 } }, true, true,
  event = "msg_show",
  kind = "undo"
}
{
  event = "msg_showcmd",
  kind = {}
}
{
  event = "msg_showcmd",
  kind = { { 0, "^R", 0 } }
}
{ { { 0, "Already at newest change", 0 } }, true, true,
  event = "msg_show",
  kind = "undo"
}
{
  event = "msg_showcmd",
  kind = {}
}
{
  event = "msg_showcmd",
  kind = { { 0, "^R", 0 } }
}
{ { { 0, "Already at newest change", 0 } }, true, true,
  event = "msg_show",
  kind = "undo"
}
{
  event = "msg_showcmd",
  kind = {}
}
{
  event = "msg_showcmd",
  kind = { { 0, "^R", 0 } }
}
{ { { 0, "Already at newest change", 0 } }, true, true,
  event = "msg_show",
  kind = "undo"
}
{
  event = "msg_showcmd",
  kind = {}
}
{
  event = "msg_showcmd",
  kind = { { 0, "^R", 0 } }
}
{ { { 0, "Already at newest change", 0 } }, true, true,
  event = "msg_show",
  kind = "undo"
}
{
  event = "msg_showcmd",
  kind = {}
}
{
  event = "msg_showcmd",
  kind = { { 0, "^R", 0 } }
}
{ { { 0, "Already at newest change", 0 } }, true, true,
  event = "msg_show",
  kind = "undo"
}
{
  event = "msg_showcmd",
  kind = {}
}
{
  event = "msg_showcmd",
  kind = { { 0, "^R", 0 } }
}
{ { { 0, "Already at newest change", 0 } }, true, true,
  event = "msg_show",
  kind = "undo"
}
{
  event = "msg_showcmd",
  kind = {}
}
{
  event = "msg_showcmd",
  kind = { { 0, "^R", 0 } }
}
{ { { 0, "Already at newest change", 0 } }, true, true,
  event = "msg_show",
  kind = "undo"
}
{
  event = "msg_showcmd",
  kind = {}
}
{
  event = "msg_showcmd",
  kind = { { 0, "^R", 0 } }
}
{ { { 0, "Already at newest change", 0 } }, true, true,
  event = "msg_show",
  kind = "undo"
}
{
  event = "msg_showcmd",
  kind = {}
}
{
  event = "msg_showcmd",
  kind = { { 0, "^R", 0 } }
}
{ { { 0, "Already at newest change", 0 } }, true, true,
  event = "msg_show",
  kind = "undo"
}
{
  event = "msg_showcmd",
  kind = {}
}
{
  event = "msg_showcmd",
  kind = { { 0, "^R", 0 } }
}
{ { { 0, "Already at newest change", 0 } }, true, true,
  event = "msg_show",
  kind = "undo"
}
{
  event = "msg_showcmd",
  kind = {}
}
{
  event = "msg_showcmd",
  kind = { { 0, "^R", 0 } }
}
{ { { 0, "Already at newest change", 0 } }, true, true,
  event = "msg_show",
  kind = "undo"
}
{
  event = "msg_showcmd",
  kind = {}
}
{
  event = "msg_showcmd",
  kind = { { 0, "^R", 0 } }
}
{ { { 0, "Already at newest change", 0 } }, true, true,
  event = "msg_show",
  kind = "undo"
}
{
  event = "msg_showcmd",
  kind = {}
}
{
  event = "msg_showcmd",
  kind = { { 0, "^R", 0 } }
}
{ { { 0, "Already at newest change", 0 } }, true, true,
  event = "msg_show",
  kind = "undo"
}
{
  event = "msg_showcmd",
  kind = {}
}
{
  event = "msg_showcmd",
  kind = { { 0, "^R", 0 } }
}
{ { { 0, "Already at newest change", 0 } }, true, true,
  event = "msg_show",
  kind = "undo"
}
{
  event = "msg_showcmd",
  kind = {}
}
{
  event = "msg_showcmd",
  kind = { { 0, "^R", 0 } }
}
{ { { 0, "Already at newest change", 0 } }, true, true,
  event = "msg_show",
  kind = "undo"
}
{
  event = "msg_showcmd",
  kind = {}
}
{
  event = "msg_showcmd",
  kind = { { 0, "^R", 0 } }
}
{ { { 0, "Already at newest change", 0 } }, true, true,
  event = "msg_show",
  kind = "undo"
}
{
  event = "msg_showcmd",
  kind = {}
}
{
  event = "msg_showcmd",
  kind = { { 0, "^R", 0 } }
}
{ { { 0, "Already at newest change", 0 } }, true, true,
  event = "msg_show",
  kind = "undo"
}
{
  event = "msg_showcmd",
  kind = {}
}
{
  event = "msg_showcmd",
  kind = { { 0, "^R", 0 } }
}
{ { { 0, "Already at newest change", 0 } }, true, true,
  event = "msg_show",
  kind = "undo"
}
{
  event = "msg_showcmd",
  kind = {}
}
{
  event = "msg_showcmd",
  kind = { { 0, "^R", 0 } }
}
{ { { 0, "Already at newest change", 0 } }, true, true,
  event = "msg_show",
  kind = "undo"
}
{
  event = "msg_showcmd",
  kind = {}
}
{
  event = "msg_showcmd",
  kind = { { 0, "^R", 0 } }
}
{ { { 0, "Already at newest change", 0 } }, true, true,
  event = "msg_show",
  kind = "undo"
}
{
  event = "msg_showcmd",
  kind = {}
}
{
  event = "msg_showcmd",
  kind = { { 0, "^R", 0 } }
}
{ { { 0, "Already at newest change", 0 } }, true, true,
  event = "msg_show",
  kind = "undo"
}
{
  event = "msg_showcmd",
  kind = {}
}
{
  event = "msg_showcmd",
  kind = { { 0, "u", 0 } }
}
{ { { 0, "1 change; before #114  11 seconds ago", 0 } }, true, true,
  event = "msg_show",
  kind = "undo"
}
{
  event = "msg_showcmd",
  kind = {}
}
{
  event = "msg_showcmd",
  kind = { { 0, "u", 0 } }
}
{ { { 0, "1 change; before #113  29 seconds ago", 0 } }, true, true,
  event = "msg_show",
  kind = "undo"
}
{
  event = "msg_showcmd",
  kind = {}
}
{
  event = "msg_showcmd",
  kind = { { 0, "u", 0 } }
}
{ { { 0, "2 fewer lines; before #112  32 seconds ago", 0 } }, true, true,
  event = "msg_show",
  kind = "undo"
}
{
  event = "msg_showcmd",
  kind = {}
}
{
  event = "msg_showcmd",
  kind = { { 0, "u", 0 } }
}
{ { { 0, "7 changes; before #110  01:54:12", 0 } }, true, true,
  event = "msg_show",
  kind = "undo"
}
{
  event = "msg_showcmd",
  kind = {}
}
{
  event = "msg_showcmd",
  kind = { { 0, "u", 0 } }
}
{ { { 0, "1 change; before #109  01:54:06", 0 } }, true, true,
  event = "msg_show",
  kind = "undo"
}
{
  event = "msg_showcmd",
  kind = {}
}
{
  event = "msg_showcmd",
  kind = { { 0, "u", 0 } }
}
{ { { 0, "1 change; before #108  01:54:04", 0 } }, true, true,
  event = "msg_show",
  kind = "undo"
}
{
  event = "msg_showcmd",
  kind = {}
}
{
  event = "msg_showcmd",
  kind = { { 0, "^R", 0 } }
}
{ { { 0, "1 change; after #108  01:54:04", 0 } }, true, true,
  event = "msg_show",
  kind = "undo"
}
{
  event = "msg_showcmd",
  kind = {}
}
{
  event = "msg_showcmd",
  kind = { { 0, "^R", 0 } }
}
{ { { 0, "1 change; after #109  01:54:06", 0 } }, true, true,
  event = "msg_show",
  kind = "undo"
}
{
  event = "msg_showcmd",
  kind = {}
}
{
  event = "msg_showcmd",
  kind = { { 0, "^R", 0 } }
}
{ { { 0, "7 changes; after #110  01:54:12", 0 } }, true, true,
  event = "msg_show",
  kind = "undo"
}
{
  event = "msg_showcmd",
  kind = {}
}
{
  event = "msg_showcmd",
  kind = { { 0, "^R", 0 } }
}
{ { { 0, "2 more lines; after #112  39 seconds ago", 0 } }, true, true,
  event = "msg_show",
  kind = "undo"
}
{
  event = "msg_showcmd",
  kind = {}
}
{
  event = "msg_showcmd",
  kind = { { 0, "u", 0 } }
}
{ { { 0, "2 fewer lines; before #112  39 seconds ago", 0 } }, true, true,
  event = "msg_show",
  kind = "undo"
}
{
  event = "msg_showcmd",
  kind = {}
}
{ { { 0, '"lua\\chadrc.lua" ', 0 } }, true, false,
  event = "msg_show",
  kind = "bufwrite"
}
{ { { 0, '"lua\\chadrc.lua" 40L, 839B written', 0 } }, true, true,
  event = "msg_show",
  kind = "bufwrite"
}
{
  event = "msg_showcmd",
  kind = { { 0, "^W", 0 } }
}
{
  event = "msg_showcmd",
  kind = {}
}
{
  event = "msg_showcmd",
  kind = { { 0, "^W^W", 0 } }
}
{
  event = "msg_showcmd",
  kind = {}
}
{
  event = "msg_showcmd",
  kind = { { 0, "~@k", 0 } }
}
{
  event = "msg_showcmd",
  kind = {}
}
{
  event = "msg_showcmd",
  kind = { { 0, "~@k", 0 } }
}
{
  event = "msg_showcmd",
  kind = {}
}
{
  event = "msg_showcmd",
  kind = { { 0, "~@k", 0 } }
}
{
  event = "msg_showcmd",
  kind = {}
}
{
  event = "msg_showcmd",
  kind = { { 0, "~@k", 0 } }
}
{
  event = "msg_showcmd",
  kind = {}
}
{
  event = "msg_showcmd",
  kind = { { 0, "~@k", 0 } }
}
{
  event = "msg_showcmd",
  kind = {}
}
{
  event = "msg_showcmd",
  kind = { { 0, "~@k", 0 } }
}
{
  event = "msg_showcmd",
  kind = {}
}
{
  event = "msg_showcmd",
  kind = { { 0, "~@k", 0 } }
}
{
  event = "msg_showcmd",
  kind = {}
}
{
  event = "msg_showcmd",
  kind = { { 0, "~@k", 0 } }
}
{
  event = "msg_showcmd",
  kind = {}
}
{
  event = "msg_showcmd",
  kind = { { 0, "~@k", 0 } }
}
{
  event = "msg_showcmd",
  kind = {}
}
{
  event = "msg_showcmd",
  kind = { { 0, "~@k", 0 } }
}
{
  event = "msg_showcmd",
  kind = {}
}
{
  event = "msg_showcmd",
  kind = { { 0, "~@k", 0 } }
}
{
  event = "msg_showcmd",
  kind = {}
}
{
  event = "msg_showcmd",
  kind = { { 0, "~@k", 0 } }
}
{
  event = "msg_showcmd",
  kind = {}
}
{
  event = "msg_showcmd",
  kind = { { 0, "~@k", 0 } }
}
{
  event = "msg_showcmd",
  kind = {}
}
{
  event = "msg_showcmd",
  kind = { { 0, "~@k", 0 } }
}
{
  event = "msg_showcmd",
  kind = {}
}
{
  event = "msg_showcmd",
  kind = { { 0, "~@k", 0 } }
}
{
  event = "msg_showcmd",
  kind = {}
}
{
  event = "msg_showcmd",
  kind = { { 0, "~@k", 0 } }
}
{
  event = "msg_showcmd",
  kind = {}
}
{
  event = "msg_showcmd",
  kind = { { 0, "~@k", 0 } }
}
{
  event = "msg_showcmd",
  kind = {}
}
{
  event = "msg_showcmd",
  kind = { { 0, "~@k", 0 } }
}
{
  event = "msg_showcmd",
  kind = {}
}
{
  event = "msg_showcmd",
  kind = { { 0, "~@k", 0 } }
}
{
  event = "msg_showcmd",
  kind = {}
}
{
  event = "msg_showcmd",
  kind = { { 0, "~@k", 0 } }
}
{
  event = "msg_showcmd",
  kind = {}
}
{
  event = "msg_showcmd",
  kind = { { 0, "~@k", 0 } }
}
{
  event = "msg_showcmd",
  kind = {}
}
{
  event = "msg_showcmd",
  kind = { { 0, "~@k", 0 } }
}
{
  event = "msg_showcmd",
  kind = {}
}
{
  event = "msg_showcmd",
  kind = { { 0, "~@k", 0 } }
}
{
  event = "msg_showcmd",
  kind = {}
}
{
  event = "msg_showcmd",
  kind = { { 0, "~@k", 0 } }
}
{
  event = "msg_showcmd",
  kind = {}
}
{
  event = "msg_showcmd",
  kind = { { 0, "~@k", 0 } }
}
{
  event = "msg_showcmd",
  kind = {}
}
{
  event = "msg_showcmd",
  kind = { { 0, "~@k", 0 } }
}
{
  event = "msg_showcmd",
  kind = {}
}
{
  event = "msg_showcmd",
  kind = { { 0, "~@k", 0 } }
}
{
  event = "msg_showcmd",
  kind = {}
}
{
  event = "msg_showcmd",
  kind = { { 0, "~@k", 0 } }
}
{
  event = "msg_showcmd",
  kind = {}
}
{
  event = "msg_showcmd",
  kind = { { 0, "~@k", 0 } }
}
{
  event = "msg_showcmd",
  kind = {}
}
{
  event = "msg_showcmd",
  kind = { { 0, "~@k", 0 } }
}
{
  event = "msg_showcmd",
  kind = {}
}
{
  event = "msg_showcmd",
  kind = { { 0, "~@k", 0 } }
}
{
  event = "msg_showcmd",
  kind = {}
}
{
  event = "msg_showcmd",
  kind = { { 0, "~@k", 0 } }
}
{
  event = "msg_showcmd",
  kind = {}
}
{
  event = "msg_showcmd",
  kind = { { 0, "~@k", 0 } }
}
{
  event = "msg_showcmd",
  kind = {}
}
{
  event = "msg_showcmd",
  kind = { { 0, "~@k", 0 } }
}
{
  event = "msg_showcmd",
  kind = {}
}
{
  event = "msg_showcmd",
  kind = { { 0, "~@k", 0 } }
}
{
  event = "msg_showcmd",
  kind = {}
}
{
  event = "msg_showcmd",
  kind = { { 0, "~@k", 0 } }
}
{
  event = "msg_showcmd",
  kind = {}
}
{
  event = "msg_showcmd",
  kind = { { 0, "~@k", 0 } }
}
{
  event = "msg_showcmd",
  kind = {}
}
{
  event = "msg_showcmd",
  kind = { { 0, "~@k", 0 } }
}
{
  event = "msg_showcmd",
  kind = {}
}
{
  event = "msg_showcmd",
  kind = { { 0, "~@k", 0 } }
}
{
  event = "msg_showcmd",
  kind = {}
}
{
  event = "msg_showcmd",
  kind = { { 0, "~@k", 0 } }
}
{
  event = "msg_showcmd",
  kind = {}
}
{
  event = "msg_showcmd",
  kind = { { 0, "~@k", 0 } }
}
{
  event = "msg_showcmd",
  kind = {}
}
{
  event = "msg_showcmd",
  kind = { { 0, "~@k", 0 } }
}
{
  event = "msg_showcmd",
  kind = {}
}
{
  event = "msg_showcmd",
  kind = { { 0, "~@k", 0 } }
}
{
  event = "msg_showcmd",
  kind = {}
}
{
  event = "msg_showcmd",
  kind = { { 0, "~@k", 0 } }
}
{
  event = "msg_showcmd",
  kind = {}
}
{
  event = "msg_showcmd",
  kind = { { 0, "~@k", 0 } }
}
{
  event = "msg_showcmd",
  kind = {}
}
{
  event = "msg_showcmd",
  kind = { { 0, "~@k", 0 } }
}
{
  event = "msg_showcmd",
  kind = {}
}
{
  event = "msg_showcmd",
  kind = { { 0, "~@k", 0 } }
}
{
  event = "msg_showcmd",
  kind = {}
}
{
  event = "msg_showcmd",
  kind = { { 0, "~@k", 0 } }
}
{
  event = "msg_showcmd",
  kind = {}
}
{
  event = "msg_showcmd",
  kind = { { 0, "~@k", 0 } }
}
{
  event = "msg_showcmd",
  kind = {}
}
{
  event = "msg_showcmd",
  kind = { { 0, "~@k", 0 } }
}
{
  event = "msg_showcmd",
  kind = {}
}
{
  event = "msg_showcmd",
  kind = { { 0, "~@k", 0 } }
}
{
  event = "msg_showcmd",
  kind = {}
}
{
  event = "msg_showcmd",
  kind = { { 0, "~@k", 0 } }
}
{
  event = "msg_showcmd",
  kind = {}
}
{
  event = "msg_showcmd",
  kind = { { 0, "~@k", 0 } }
}
{
  event = "msg_showcmd",
  kind = {}
}
{
  event = "msg_showcmd",
  kind = { { 0, "~@k", 0 } }
}
{
  event = "msg_showcmd",
  kind = {}
}
{
  event = "msg_showcmd",
  kind = { { 0, "~@k", 0 } }
}
{
  event = "msg_showcmd",
  kind = {}
}
{
  event = "msg_showcmd",
  kind = { { 0, "~@k", 0 } }
}
{
  event = "msg_showcmd",
  kind = {}
}
{
  event = "msg_showcmd",
  kind = { { 0, "~@k", 0 } }
}
{
  event = "msg_showcmd",
  kind = {}
}
{
  event = "msg_showcmd",
  kind = { { 0, "~@k", 0 } }
}
{
  event = "msg_showcmd",
  kind = {}
}
{
  event = "msg_showcmd",
  kind = { { 0, "~@k", 0 } }
}
{
  event = "msg_showcmd",
  kind = {}
}
{
  event = "msg_showcmd",
  kind = { { 0, "~@k", 0 } }
}
{
  event = "msg_showcmd",
  kind = {}
}
{
  event = "msg_showcmd",
  kind = { { 0, "~@k", 0 } }
}
{
  event = "msg_showcmd",
  kind = {}
}
{
  event = "msg_showcmd",
  kind = { { 0, "~@k", 0 } }
}
{
  event = "msg_showcmd",
  kind = {}
}
{
  event = "msg_showcmd",
  kind = { { 0, "~@k", 0 } }
}
{
  event = "msg_showcmd",
  kind = {}
}
{
  event = "msg_showcmd",
  kind = { { 0, "~@k", 0 } }
}
{
  event = "msg_showcmd",
  kind = {}
}
{
  event = "msg_showcmd",
  kind = { { 0, "~@k", 0 } }
}
{
  event = "msg_showcmd",
  kind = {}
}
{
  event = "msg_showcmd",
  kind = { { 0, "~@k", 0 } }
}
{
  event = "msg_showcmd",
  kind = {}
}
{
  event = "msg_showcmd",
  kind = { { 0, "~@k", 0 } }
}
{
  event = "msg_showcmd",
  kind = {}
}
{
  event = "msg_showcmd",
  kind = { { 0, "~@k", 0 } }
}
{
  event = "msg_showcmd",
  kind = {}
}
{
  event = "msg_showcmd",
  kind = { { 0, "~@k", 0 } }
}
{
  event = "msg_showcmd",
  kind = {}
}
{
  event = "msg_showcmd",
  kind = { { 0, "~@k", 0 } }
}
{
  event = "msg_showcmd",
  kind = {}
}
{
  event = "msg_showcmd",
  kind = { { 0, "~@k", 0 } }
}
{
  event = "msg_showcmd",
  kind = {}
}
{
  event = "msg_showcmd",
  kind = { { 0, "~@k", 0 } }
}
{
  event = "msg_showcmd",
  kind = {}
}
{
  event = "msg_showcmd",
  kind = { { 0, "~@k", 0 } }
}
{
  event = "msg_showcmd",
  kind = {}
}
{
  event = "msg_showcmd",
  kind = { { 0, "~@k", 0 } }
}
{
  event = "msg_showcmd",
  kind = {}
}
{
  event = "msg_showcmd",
  kind = { { 0, "~@k", 0 } }
}
{
  event = "msg_showcmd",
  kind = {}
}
{
  event = "msg_showcmd",
  kind = { { 0, "~@k", 0 } }
}
{
  event = "msg_showcmd",
  kind = {}
}
{
  event = "msg_showcmd",
  kind = { { 0, "~@k", 0 } }
}
{
  event = "msg_showcmd",
  kind = {}
}
{
  event = "msg_showcmd",
  kind = { { 0, "~@k", 0 } }
}
{
  event = "msg_showcmd",
  kind = {}
}
{
  event = "msg_showcmd",
  kind = { { 0, "~@k", 0 } }
}
{
  event = "msg_showcmd",
  kind = {}
}
{
  event = "msg_showcmd",
  kind = { { 0, "~@k", 0 } }
}
{
  event = "msg_showcmd",
  kind = {}
}
{
  event = "msg_showcmd",
  kind = { { 0, "~@k", 0 } }
}
{
  event = "msg_showcmd",
  kind = {}
}
{
  event = "msg_showcmd",
  kind = { { 0, "~@k", 0 } }
}
{
  event = "msg_showcmd",
  kind = {}
}
{
  event = "msg_showcmd",
  kind = { { 0, "~@k", 0 } }
}
{
  event = "msg_showcmd",
  kind = {}
}
{
  event = "msg_showcmd",
  kind = { { 0, "~@k", 0 } }
}
{
  event = "msg_showcmd",
  kind = {}
}
{
  event = "msg_showcmd",
  kind = { { 0, "~@k", 0 } }
}
{
  event = "msg_showcmd",
  kind = {}
}
{
  event = "msg_showcmd",
  kind = { { 0, "~@k", 0 } }
}
{
  event = "msg_showcmd",
  kind = {}
}
{
  event = "msg_showcmd",
  kind = { { 0, "~@k", 0 } }
}
{
  event = "msg_showcmd",
  kind = {}
}
{
  event = "msg_showcmd",
  kind = { { 0, "~@k", 0 } }
}
{
  event = "msg_showcmd",
  kind = {}
}
{
  event = "msg_showcmd",
  kind = { { 0, "~@k", 0 } }
}
{
  event = "msg_showcmd",
  kind = {}
}
{
  event = "msg_showcmd",
  kind = { { 0, "~@k", 0 } }
}
{
  event = "msg_showcmd",
  kind = {}
}
{
  event = "msg_showcmd",
  kind = { { 0, "~@k", 0 } }
}
{
  event = "msg_showcmd",
  kind = {}
}
{
  event = "msg_showcmd",
  kind = { { 0, "~@k", 0 } }
}
{
  event = "msg_showcmd",
  kind = {}
}
{
  event = "msg_showcmd",
  kind = { { 0, "~@k", 0 } }
}
{
  event = "msg_showcmd",
  kind = {}
}
{
  event = "msg_showcmd",
  kind = { { 0, "~@k", 0 } }
}
{
  event = "msg_showcmd",
  kind = {}
}
{
  event = "msg_showcmd",
  kind = { { 0, "~@k", 0 } }
}
{
  event = "msg_showcmd",
  kind = {}
}
{
  event = "msg_showcmd",
  kind = { { 0, "~@k", 0 } }
}
{
  event = "msg_showcmd",
  kind = {}
}
{
  event = "msg_showcmd",
  kind = { { 0, "~@k", 0 } }
}
{
  event = "msg_showcmd",
  kind = {}
}
{
  event = "msg_showcmd",
  kind = { { 0, "~@k", 0 } }
}
{
  event = "msg_showcmd",
  kind = {}
}
{
  event = "msg_showcmd",
  kind = { { 0, "~@k", 0 } }
}
{
  event = "msg_showcmd",
  kind = {}
}
{
  event = "msg_showcmd",
  kind = { { 0, "~@k", 0 } }
}
{
  event = "msg_showcmd",
  kind = {}
}
{
  event = "msg_showcmd",
  kind = { { 0, "~@k", 0 } }
}
{
  event = "msg_showcmd",
  kind = {}
}
{
  event = "msg_showcmd",
  kind = { { 0, "~@k", 0 } }
}
{
  event = "msg_showcmd",
  kind = {}
}
{
  event = "msg_showcmd",
  kind = { { 0, "~@k", 0 } }
}
{
  event = "msg_showcmd",
  kind = {}
}
{
  event = "msg_showcmd",
  kind = { { 0, "~@k", 0 } }
}
{
  event = "msg_showcmd",
  kind = {}
}
{
  event = "msg_showcmd",
  kind = { { 0, "~@k", 0 } }
}
{
  event = "msg_showcmd",
  kind = {}
}
{
  event = "msg_showcmd",
  kind = { { 0, "~@k", 0 } }
}
{
  event = "msg_showcmd",
  kind = {}
}
{
  event = "msg_showcmd",
  kind = { { 0, "~@k", 0 } }
}
{
  event = "msg_showcmd",
  kind = {}
}
{
  event = "msg_showcmd",
  kind = { { 0, "~@k", 0 } }
}
{
  event = "msg_showcmd",
  kind = {}
}
{
  event = "msg_showcmd",
  kind = { { 0, "~@k", 0 } }
}
{
  event = "msg_showcmd",
  kind = {}
}
{
  event = "msg_showcmd",
  kind = { { 0, "~@k", 0 } }
}
{
  event = "msg_showcmd",
  kind = {}
}
{
  event = "msg_showcmd",
  kind = { { 0, "~@k", 0 } }
}
{
  event = "msg_showcmd",
  kind = {}
}
{
  event = "msg_showcmd",
  kind = { { 0, "~@k", 0 } }
}
{
  event = "msg_showcmd",
  kind = {}
}
{
  event = "msg_showcmd",
  kind = { { 0, "~@k", 0 } }
}
{
  event = "msg_showcmd",
  kind = {}
}
{
  event = "msg_showcmd",
  kind = { { 0, "~@k", 0 } }
}
{
  event = "msg_showcmd",
  kind = {}
}
{
  event = "msg_showcmd",
  kind = { { 0, "~@k", 0 } }
}
{
  event = "msg_showcmd",
  kind = {}
}
{
  event = "msg_showcmd",
  kind = { { 0, "~@k", 0 } }
}
{
  event = "msg_showcmd",
  kind = {}
}
{
  event = "msg_showcmd",
  kind = { { 0, "~@k", 0 } }
}
{
  event = "msg_showcmd",
  kind = {}
}
{
  event = "msg_showcmd",
  kind = { { 0, "~@k", 0 } }
}
{
  event = "msg_showcmd",
  kind = {}
}
{
  event = "msg_showcmd",
  kind = { { 0, "~@k", 0 } }
}
{
  event = "msg_showcmd",
  kind = {}
}
{
  event = "msg_showcmd",
  kind = { { 0, "~@k", 0 } }
}
{
  event = "msg_showcmd",
  kind = {}
}
{
  event = "msg_showcmd",
  kind = { { 0, "~@k", 0 } }
}
{
  event = "msg_showcmd",
  kind = {}
}
{
  event = "msg_showcmd",
  kind = { { 0, "~@k", 0 } }
}
{
  event = "msg_showcmd",
  kind = {}
}
{
  event = "msg_showcmd",
  kind = { { 0, "s", 0 } }
}
{
  event = "msg_showcmd",
  kind = {}
}
{
  event = "msg_showcmd",
  kind = { { 0, "cl", 0 } }
}
{
  event = "msg_showcmd",
  kind = {}
}
{
  event = "msg_showcmd",
  kind = { { 0, "j", 0 } }
}
{
  event = "msg_showcmd",
  kind = {}
}
{
  event = "msg_showcmd",
  kind = { { 0, "s", 0 } }
}
{
  event = "msg_showcmd",
  kind = {}
}
{
  event = "msg_showcmd",
  kind = { { 0, "cl", 0 } }
}
{
  event = "msg_showcmd",
  kind = {}
}
{
  event = "msg_showcmd",
  kind = { { 0, "j", 0 } }
}
{
  event = "msg_showcmd",
  kind = {}
}
{
  event = "msg_showcmd",
  kind = { { 0, "d", 0 } }
}
{
  event = "msg_showcmd",
  kind = { { 0, "dd", 0 } }
}
{
  event = "msg_showcmd",
  kind = {}
}
{
  event = "msg_showcmd",
  kind = { { 0, "d", 0 } }
}
{
  event = "msg_showcmd",
  kind = { { 0, "dd", 0 } }
}
{
  event = "msg_showcmd",
  kind = {}
}
{
  event = "msg_showcmd",
  kind = { { 0, "d", 0 } }
}
{
  event = "msg_showcmd",
  kind = { { 0, "dd", 0 } }
}
{
  event = "msg_showcmd",
  kind = {}
}
{
  event = "msg_showcmd",
  kind = { { 0, "d", 0 } }
}
{
  event = "msg_showcmd",
  kind = { { 0, "dd", 0 } }
}
{
  event = "msg_showcmd",
  kind = {}
}
{
  event = "msg_showcmd",
  kind = { { 0, "~@k", 0 } }
}
{
  event = "msg_showcmd",
  kind = {}
}
{
  event = "msg_showcmd",
  kind = { { 0, "~@k", 0 } }
}
{
  event = "msg_showcmd",
  kind = {}
}
{
  event = "msg_showcmd",
  kind = { { 0, "~@k", 0 } }
}
{
  event = "msg_showcmd",
  kind = {}
}
{
  event = "msg_showcmd",
  kind = { { 0, "~@k", 0 } }
}
{
  event = "msg_showcmd",
  kind = {}
}
{
  event = "msg_showcmd",
  kind = { { 0, "~@k", 0 } }
}
{
  event = "msg_showcmd",
  kind = {}
}
{
  event = "msg_showcmd",
  kind = { { 0, "~@k", 0 } }
}
{
  event = "msg_showcmd",
  kind = {}
}
{
  event = "msg_showcmd",
  kind = { { 0, "~@k", 0 } }
}
{
  event = "msg_showcmd",
  kind = {}
}
{
  event = "msg_showcmd",
  kind = { { 0, "~@k", 0 } }
}
{
  event = "msg_showcmd",
  kind = {}
}
{
  event = "msg_showcmd",
  kind = { { 0, "~@k", 0 } }
}
{
  event = "msg_showcmd",
  kind = {}
}
{
  event = "msg_showcmd",
  kind = { { 0, "~@k", 0 } }
}
{
  event = "msg_showcmd",
  kind = {}
}
{
  event = "msg_showcmd",
  kind = { { 0, "~@k", 0 } }
}
{
  event = "msg_showcmd",
  kind = {}
}
{
  event = "msg_showcmd",
  kind = { { 0, "~@k", 0 } }
}
{
  event = "msg_showcmd",
  kind = {}
}
{
  event = "msg_showcmd",
  kind = { { 0, "~@k", 0 } }
}
{
  event = "msg_showcmd",
  kind = {}
}
{
  event = "msg_showcmd",
  kind = { { 0, "~@k", 0 } }
}
{
  event = "msg_showcmd",
  kind = {}
}
{
  event = "msg_showcmd",
  kind = { { 0, "~@k", 0 } }
}
{
  event = "msg_showcmd",
  kind = {}
}
{
  event = "msg_showcmd",
  kind = { { 0, "~@k", 0 } }
}
{
  event = "msg_showcmd",
  kind = {}
}
{
  event = "msg_showcmd",
  kind = { { 0, "~@k", 0 } }
}
{
  event = "msg_showcmd",
  kind = {}
}
{
  event = "msg_showcmd",
  kind = { { 0, "~@k", 0 } }
}
{
  event = "msg_showcmd",
  kind = {}
}
{
  event = "msg_showcmd",
  kind = { { 0, "~@k", 0 } }
}
{
  event = "msg_showcmd",
  kind = {}
}
{
  event = "msg_showcmd",
  kind = { { 0, "~@k", 0 } }
}
{
  event = "msg_showcmd",
  kind = {}
}
{
  event = "msg_showcmd",
  kind = { { 0, "~@k", 0 } }
}
{
  event = "msg_showcmd",
  kind = {}
}
{
  event = "msg_showcmd",
  kind = { { 0, "~@k", 0 } }
}
{
  event = "msg_showcmd",
  kind = {}
}
{
  event = "msg_showcmd",
  kind = { { 0, ":", 0 } }
}
{
  event = "msg_clear"
}
{ 0, ":", "", 0, 1, 0,
  event = "cmdline_show",
  kind = { { 0, "" } }
}
{ 1, ":", "", 0, 1, 0,
  event = "cmdline_show",
  kind = { { 0, "C" } }
}
{ 0, ":", "", 0, 1, 0,
  event = "cmdline_show",
  kind = { { 0, "" } }
}
{ 1, ":", "", 0, 1, 0,
  event = "cmdline_show",
  kind = { { 0, "N" } }
}
{ 2, ":", "", 0, 1, 0,
  event = "cmdline_show",
  kind = { { 0, "No" } }
}
{ 3, ":", "", 0, 1, 0,
  event = "cmdline_show",
  kind = { { 0, "Noi" } }
}
{ -1, 0, 0, -1,
  event = "popupmenu_show",
  kind = { { "Noice", "", "", "" }, { "NoiceAll", "", "", "" }, { "NoiceConfig", "", "", "" }, { "NoiceDebug", "", "", "" }, { "NoiceDisable", "", "", "" }, { "NoiceDismiss", "", "", "" }, { "NoiceEnable", "", "", "" }, { "NoiceErrors", "", "", "" }, { "NoiceFzf", "", "", "" }, { "NoiceHistory", "", "", "" }, { "NoiceLast", "", "", "" }, { "NoiceLog", "", "", "" }, { "NoicePick", "", "", "" }, { "NoiceRoutes", "", "", "" }, { "NoiceSnacks", "", "", "" }, { "NoiceStats", "", "", "" }, { "NoiceTelescope", "", "", "" }, { "NoiceViewstats", "", "", "" } }
}
{ 3, ":", "", 0, 1, 0,
  event = "cmdline_show",
  kind = { { 0, "Noi" } }
}
{
  event = "popupmenu_select",
  kind = 0
}
{ 3, ":", "", 0, 1, 0,
  event = "cmdline_show",
  kind = { { 0, "Noi" } }
}
{ 5, ":", "", 0, 1, 0,
  event = "cmdline_show",
  kind = { { 0, "Noice" } }
}
{
  event = "popupmenu_select",
  kind = 1
}
{ 8, ":", "", 0, 1, 0,
  event = "cmdline_show",
  kind = { { 0, "NoiceAll" } }
}
{
  event = "popupmenu_hide"
}
{ false,
  event = "cmdline_hide",
  kind = 1
}
{
  event = "msg_showcmd",
  kind = {}
}
{
  event = "msg_showcmd",
  kind = { { 0, "^W^W", 0 } }
}
{
  event = "msg_showcmd",
  kind = {}
}
{
  event = "msg_showcmd",
  kind = { { 0, "^W^W", 0 } }
}
{
  event = "msg_showcmd",
  kind = {}
}
{
  event = "msg_showcmd",
  kind = { { 0, "~@k", 0 } }
}
{
  event = "msg_showcmd",
  kind = {}
}
{
  event = "msg_showcmd",
  kind = { { 0, "~@k", 0 } }
}
{
  event = "msg_showcmd",
  kind = {}
}
{
  event = "msg_showcmd",
  kind = { { 0, "~@k", 0 } }
}
{
  event = "msg_showcmd",
  kind = {}
}
{
  event = "msg_showcmd",
  kind = { { 0, "~@k", 0 } }
}
{
  event = "msg_showcmd",
  kind = {}
}
{
  event = "msg_showcmd",
  kind = { { 0, "~@k", 0 } }
}
{
  event = "msg_showcmd",
  kind = {}
}
{
  event = "msg_showcmd",
  kind = { { 0, "~@k", 0 } }
}
{
  event = "msg_showcmd",
  kind = {}
}
{
  event = "msg_showcmd",
  kind = { { 0, "~@k", 0 } }
}
{
  event = "msg_showcmd",
  kind = {}
}
{
  event = "msg_showcmd",
  kind = { { 0, "~@k", 0 } }
}
{
  event = "msg_showcmd",
  kind = {}
}
{
  event = "msg_showcmd",
  kind = { { 0, "~@k", 0 } }
}
{
  event = "msg_showcmd",
  kind = {}
}
{
  event = "msg_showcmd",
  kind = { { 0, "~@k", 0 } }
}
{
  event = "msg_showcmd",
  kind = {}
}
{
  event = "msg_showcmd",
  kind = { { 0, "~@k", 0 } }
}
{
  event = "msg_showcmd",
  kind = {}
}
{
  event = "msg_showcmd",
  kind = { { 0, "~@k", 0 } }
}
{
  event = "msg_showcmd",
  kind = {}
}
{
  event = "msg_showcmd",
  kind = { { 0, "~@k", 0 } }
}
{
  event = "msg_showcmd",
  kind = {}
}
{
  event = "msg_showcmd",
  kind = { { 0, "~@k", 0 } }
}
{
  event = "msg_showcmd",
  kind = {}
}
{
  event = "msg_showcmd",
  kind = { { 0, "~@k", 0 } }
}
{
  event = "msg_showcmd",
  kind = {}
}
{
  event = "msg_showcmd",
  kind = { { 0, "~@k", 0 } }
}
{
  event = "msg_showcmd",
  kind = {}
}
{
  event = "msg_showcmd",
  kind = { { 0, "~@k", 0 } }
}
{
  event = "msg_showcmd",
  kind = {}
}
{
  event = "msg_showcmd",
  kind = { { 0, "~@k", 0 } }
}
{
  event = "msg_showcmd",
  kind = {}
}
{
  event = "msg_showcmd",
  kind = { { 0, "~@k", 0 } }
}
{
  event = "msg_showcmd",
  kind = {}
}
{
  event = "msg_showcmd",
  kind = { { 0, "~@k", 0 } }
}
{
  event = "msg_showcmd",
  kind = {}
}
{
  event = "msg_showcmd",
  kind = { { 0, "~@k", 0 } }
}
{
  event = "msg_showcmd",
  kind = {}
}
{
  event = "msg_showcmd",
  kind = { { 0, "~@k", 0 } }
}
{
  event = "msg_showcmd",
  kind = {}
}
{
  event = "msg_showcmd",
  kind = { { 0, "~@k", 0 } }
}
{
  event = "msg_showcmd",
  kind = {}
}
{
  event = "msg_showcmd",
  kind = { { 0, "~@k", 0 } }
}
{
  event = "msg_showcmd",
  kind = {}
}
{
  event = "msg_showcmd",
  kind = { { 0, "~@k", 0 } }
}
{
  event = "msg_showcmd",
  kind = {}
}
{
  event = "msg_showcmd",
  kind = { { 0, "~@k", 0 } }
}
{
  event = "msg_showcmd",
  kind = {}
}
{
  event = "msg_showcmd",
  kind = { { 0, "~@k", 0 } }
}
{
  event = "msg_showcmd",
  kind = {}
}
{
  event = "msg_showcmd",
  kind = { { 0, "~@k", 0 } }
}
{
  event = "msg_showcmd",
  kind = {}
}
{
  event = "msg_showcmd",
  kind = { { 0, "~@k", 0 } }
}
{
  event = "msg_showcmd",
  kind = {}
}
{
  event = "msg_showcmd",
  kind = { { 0, "~@k", 0 } }
}
{
  event = "msg_showcmd",
  kind = {}
}
{
  event = "msg_showcmd",
  kind = { { 0, "~@k", 0 } }
}
{
  event = "msg_showcmd",
  kind = {}
}
{
  event = "msg_showcmd",
  kind = { { 0, "~@k", 0 } }
}
{
  event = "msg_showcmd",
  kind = {}
}
{
  event = "msg_showcmd",
  kind = { { 0, "~@k", 0 } }
}
{
  event = "msg_showcmd",
  kind = {}
}
{
  event = "msg_showcmd",
  kind = { { 0, "~@k", 0 } }
}
{
  event = "msg_showcmd",
  kind = {}
}
{
  event = "msg_showcmd",
  kind = { { 0, "~@k", 0 } }
}
{
  event = "msg_showcmd",
  kind = {}
}
{
  event = "msg_showcmd",
  kind = { { 0, "~@k", 0 } }
}
{
  event = "msg_showcmd",
  kind = {}
}
{
  event = "msg_showcmd",
  kind = { { 0, "~@k", 0 } }
}
{
  event = "msg_showcmd",
  kind = {}
}
{
  event = "msg_showcmd",
  kind = { { 0, "~@k", 0 } }
}
{
  event = "msg_showcmd",
  kind = {}
}
{
  event = "msg_showcmd",
  kind = { { 0, "~@k", 0 } }
}
{
  event = "msg_showcmd",
  kind = {}
}
{
  event = "msg_showcmd",
  kind = { { 0, "~@k", 0 } }
}
{
  event = "msg_showcmd",
  kind = {}
}
{
  event = "msg_showcmd",
  kind = { { 0, "~@k", 0 } }
}
{
  event = "msg_showcmd",
  kind = {}
}
{
  event = "msg_showcmd",
  kind = { { 0, "~@k", 0 } }
}
{
  event = "msg_showcmd",
  kind = {}
}
{
  event = "msg_showcmd",
  kind = { { 0, "~@k", 0 } }
}
{
  event = "msg_showcmd",
  kind = {}
}
{
  event = "msg_showcmd",
  kind = { { 0, "~@k", 0 } }
}
{
  event = "msg_showcmd",
  kind = {}
}
{
  event = "msg_showcmd",
  kind = { { 0, "~@k", 0 } }
}
{
  event = "msg_showcmd",
  kind = {}
}
{
  event = "msg_showcmd",
  kind = { { 0, "i", 0 } }
}
{
  event = "msg_showcmd",
  kind = {}
}
{ { { 0, '"lua\\configs\\noice_config.lua" ', 0 } }, false, false,
  event = "msg_show",
  kind = "bufwrite"
}
{ { { 0, '"lua\\configs\\noice_config.lua" 168L, 5713B written', 0 } }, true, true,
  event = "msg_show",
  kind = "bufwrite"
}
{
  event = "msg_showcmd",
  kind = { { 0, "i", 0 } }
}
{
  event = "msg_showcmd",
  kind = {}
}
{
  event = "msg_showcmd",
  kind = { { 0, "~@k", 0 } }
}
{
  event = "msg_showcmd",
  kind = {}
}
{
  event = "msg_showcmd",
  kind = { { 0, "~@k", 0 } }
}
{
  event = "msg_showcmd",
  kind = {}
}
{
  event = "msg_showcmd",
  kind = { { 0, "~@k", 0 } }
}
{
  event = "msg_showcmd",
  kind = {}
}
{
  event = "msg_showcmd",
  kind = { { 0, "~@k", 0 } }
}
{
  event = "msg_showcmd",
  kind = {}
}
{
  event = "msg_showcmd",
  kind = { { 0, "~@k", 0 } }
}
{
  event = "msg_showcmd",
  kind = {}
}
{
  event = "msg_showcmd",
  kind = { { 0, "~@k", 0 } }
}
{
  event = "msg_showcmd",
  kind = {}
}
{
  event = "msg_showcmd",
  kind = { { 0, "~@k", 0 } }
}
{
  event = "msg_showcmd",
  kind = {}
}
{
  event = "msg_showcmd",
  kind = { { 0, "~@k", 0 } }
}
{
  event = "msg_showcmd",
  kind = {}
}
{
  event = "msg_showcmd",
  kind = { { 0, "~@k", 0 } }
}
{
  event = "msg_showcmd",
  kind = {}
}
{
  event = "msg_showcmd",
  kind = { { 0, "~@k", 0 } }
}
{
  event = "msg_showcmd",
  kind = {}
}
{
  event = "msg_showcmd",
  kind = { { 0, "~@k", 0 } }
}
{
  event = "msg_showcmd",
  kind = {}
}
{
  event = "msg_showcmd",
  kind = { { 0, "~@k", 0 } }
}
{
  event = "msg_showcmd",
  kind = {}
}
{
  event = "msg_showcmd",
  kind = { { 0, "~@k", 0 } }
}
{
  event = "msg_showcmd",
  kind = {}
}
{
  event = "msg_showcmd",
  kind = { { 0, "~@k", 0 } }
}
{
  event = "msg_showcmd",
  kind = {}
}
{
  event = "msg_showcmd",
  kind = { { 0, "~@k", 0 } }
}
{
  event = "msg_showcmd",
  kind = {}
}
{
  event = "msg_showcmd",
  kind = { { 0, "~@k", 0 } }
}
{
  event = "msg_showcmd",
  kind = {}
}
{
  event = "msg_showcmd",
  kind = { { 0, "~@k", 0 } }
}
{
  event = "msg_showcmd",
  kind = {}
}
{
  event = "msg_showcmd",
  kind = { { 0, "~@k", 0 } }
}
{
  event = "msg_showcmd",
  kind = {}
}
{
  event = "msg_showcmd",
  kind = { { 0, "-", 0 } }
}
{
  event = "msg_showcmd",
  kind = {}
}
{
  event = "msg_showcmd",
  kind = { { 0, "-", 0 } }
}
{
  event = "msg_showcmd",
  kind = {}
}
{
  event = "msg_showcmd",
  kind = { { 0, "i", 0 } }
}
{
  event = "msg_showcmd",
  kind = {}
}
{ { { 0, '"lua\\configs\\noice_config.lua" ', 0 } }, true, false,
  event = "msg_show",
  kind = "bufwrite"
}
{ { { 0, '"lua\\configs\\noice_config.lua" 168L, 5715B written', 0 } }, true, true,
  event = "msg_show",
  kind = "bufwrite"
}
{ { { 0, '"lua\\configs\\noice_config.lua" ', 0 } }, true, false,
  event = "msg_show",
  kind = "bufwrite"
}
{ { { 0, '"lua\\configs\\noice_config.lua" 168L, 5715B written', 0 } }, true, true,
  event = "msg_show",
  kind = "bufwrite"
}
{ { { 0, '"lua\\configs\\noice_config.lua" ', 0 } }, true, false,
  event = "msg_show",
  kind = "bufwrite"
}
{ { { 0, '"lua\\configs\\noice_config.lua" 168L, 5715B written', 0 } }, true, true,
  event = "msg_show",
  kind = "bufwrite"
}
{
  event = "msg_showcmd",
  kind = { { 0, "~@k", 0 } }
}
{
  event = "msg_showcmd",
  kind = {}
}
{
  event = "msg_showcmd",
  kind = { { 0, "~@k", 0 } }
}
{
  event = "msg_showcmd",
  kind = {}
}
{
  event = "msg_showcmd",
  kind = { { 0, "~@k", 0 } }
}
{
  event = "msg_showcmd",
  kind = {}
}
{
  event = "msg_showcmd",
  kind = { { 0, "~@k", 0 } }
}
{
  event = "msg_showcmd",
  kind = {}
}
{
  event = "msg_showcmd",
  kind = { { 0, "~@k", 0 } }
}
{
  event = "msg_showcmd",
  kind = {}
}
{
  event = "msg_showcmd",
  kind = { { 0, "~@k", 0 } }
}
{
  event = "msg_showcmd",
  kind = {}
}
{
  event = "msg_showcmd",
  kind = { { 0, "~@k", 0 } }
}
{
  event = "msg_showcmd",
  kind = {}
}
{
  event = "msg_showcmd",
  kind = { { 0, "~@k", 0 } }
}
{
  event = "msg_showcmd",
  kind = {}
}
{
  event = "msg_showcmd",
  kind = { { 0, "~@k", 0 } }
}
{
  event = "msg_showcmd",
  kind = {}
}
{
  event = "msg_showcmd",
  kind = { { 0, "~@k", 0 } }
}
{
  event = "msg_showcmd",
  kind = {}
}
{
  event = "msg_showcmd",
  kind = { { 0, "~@k", 0 } }
}
{
  event = "msg_showcmd",
  kind = {}
}
{
  event = "msg_showcmd",
  kind = { { 0, "~@k", 0 } }
}
{
  event = "msg_showcmd",
  kind = {}
}
{
  event = "msg_showcmd",
  kind = { { 0, "~@k", 0 } }
}
{
  event = "msg_showcmd",
  kind = {}
}
{
  event = "msg_showcmd",
  kind = { { 0, "~@k", 0 } }
}
{
  event = "msg_showcmd",
  kind = {}
}
{
  event = "msg_showcmd",
  kind = { { 0, "~@k", 0 } }
}
{
  event = "msg_showcmd",
  kind = {}
}
{
  event = "msg_showcmd",
  kind = { { 0, "~@k", 0 } }
}
{
  event = "msg_showcmd",
  kind = {}
}
{
  event = "msg_showcmd",
  kind = { { 0, "~@k", 0 } }
}
{
  event = "msg_showcmd",
  kind = {}
}
{
  event = "msg_showcmd",
  kind = { { 0, "~@k", 0 } }
}
{
  event = "msg_showcmd",
  kind = {}
}
{
  event = "msg_showcmd",
  kind = { { 0, "~@k", 0 } }
}
{
  event = "msg_showcmd",
  kind = {}
}
{
  event = "msg_showcmd",
  kind = { { 0, "~@k", 0 } }
}
{
  event = "msg_showcmd",
  kind = {}
}
{
  event = "msg_showcmd",
  kind = { { 0, "~@k", 0 } }
}
{
  event = "msg_showcmd",
  kind = {}
}
{
  event = "msg_showcmd",
  kind = { { 0, "~@k", 0 } }
}
{
  event = "msg_showcmd",
  kind = {}
}
{
  event = "msg_showcmd",
  kind = { { 0, "~@k", 0 } }
}
{
  event = "msg_showcmd",
  kind = {}
}
{
  event = "msg_showcmd",
  kind = { { 0, "~@k", 0 } }
}
{
  event = "msg_showcmd",
  kind = {}
}
{
  event = "msg_showcmd",
  kind = { { 0, "~@k", 0 } }
}
{
  event = "msg_showcmd",
  kind = {}
}
{
  event = "msg_showcmd",
  kind = { { 0, "~@k", 0 } }
}
{
  event = "msg_showcmd",
  kind = {}
}
{
  event = "msg_showcmd",
  kind = { { 0, "~@k", 0 } }
}
{
  event = "msg_showcmd",
  kind = {}
}
{
  event = "msg_showcmd",
  kind = { { 0, "~@k", 0 } }
}
{
  event = "msg_showcmd",
  kind = {}
}
{
  event = "msg_showcmd",
  kind = { { 0, "~@k", 0 } }
}
{
  event = "msg_showcmd",
  kind = {}
}
{
  event = "msg_showcmd",
  kind = { { 0, "~@k", 0 } }
}
{
  event = "msg_showcmd",
  kind = {}
}
{
  event = "msg_showcmd",
  kind = { { 0, "~@k", 0 } }
}
{
  event = "msg_showcmd",
  kind = {}
}
{
  event = "msg_showcmd",
  kind = { { 0, "~@k", 0 } }
}
{
  event = "msg_showcmd",
  kind = {}
}
{
  event = "msg_showcmd",
  kind = { { 0, "~@k", 0 } }
}
{
  event = "msg_showcmd",
  kind = {}
}
{
  event = "msg_showcmd",
  kind = { { 0, "~@k", 0 } }
}
{
  event = "msg_showcmd",
  kind = {}
}
{
  event = "msg_showcmd",
  kind = { { 0, "~@k", 0 } }
}
{
  event = "msg_showcmd",
  kind = {}
}
{
  event = "msg_showcmd",
  kind = { { 0, "~@k", 0 } }
}
{
  event = "msg_showcmd",
  kind = {}
}
{
  event = "msg_showcmd",
  kind = { { 0, "~@k", 0 } }
}
{
  event = "msg_showcmd",
  kind = {}
}
{
  event = "msg_showcmd",
  kind = { { 0, "~@k", 0 } }
}
{
  event = "msg_showcmd",
  kind = {}
}
{
  event = "msg_showcmd",
  kind = { { 0, "~@k", 0 } }
}
{
  event = "msg_showcmd",
  kind = {}
}
{
  event = "msg_showcmd",
  kind = { { 0, "~@k", 0 } }
}
{
  event = "msg_showcmd",
  kind = {}
}
{
  event = "msg_showcmd",
  kind = { { 0, "~@k", 0 } }
}
{
  event = "msg_showcmd",
  kind = {}
}
{
  event = "msg_showcmd",
  kind = { { 0, "~@k", 0 } }
}
{
  event = "msg_showcmd",
  kind = {}
}
{
  event = "msg_showcmd",
  kind = { { 0, "~@k", 0 } }
}
{
  event = "msg_showcmd",
  kind = {}
}
{
  event = "msg_showcmd",
  kind = { { 0, "~@k", 0 } }
}
{
  event = "msg_showcmd",
  kind = {}
}
{
  event = "msg_showcmd",
  kind = { { 0, "~@k", 0 } }
}
{
  event = "msg_showcmd",
  kind = {}
}
{
  event = "msg_showcmd",
  kind = { { 0, "~@k", 0 } }
}
{
  event = "msg_showcmd",
  kind = {}
}
{
  event = "msg_showcmd",
  kind = { { 0, "~@k", 0 } }
}
{
  event = "msg_showcmd",
  kind = {}
}
{
  event = "msg_showcmd",
  kind = { { 0, "~@k", 0 } }
}
{
  event = "msg_showcmd",
  kind = {}
}
{
  event = "msg_showcmd",
  kind = { { 0, "~@k", 0 } }
}
{
  event = "msg_showcmd",
  kind = {}
}
{
  event = "msg_showcmd",
  kind = { { 0, "~@k", 0 } }
}
{
  event = "msg_showcmd",
  kind = {}
}
{
  event = "msg_showcmd",
  kind = { { 0, "~@k", 0 } }
}
{
  event = "msg_showcmd",
  kind = {}
}
{
  event = "msg_showcmd",
  kind = { { 0, "~@k", 0 } }
}
{
  event = "msg_showcmd",
  kind = {}
}
{
  event = "msg_showcmd",
  kind = { { 0, "~@k", 0 } }
}
{
  event = "msg_showcmd",
  kind = {}
}
{
  event = "msg_showcmd",
  kind = { { 0, "~@k", 0 } }
}
{
  event = "msg_showcmd",
  kind = {}
}
{
  event = "msg_showcmd",
  kind = { { 0, "~@k", 0 } }
}
{
  event = "msg_showcmd",
  kind = {}
}
{
  event = "msg_showcmd",
  kind = { { 0, "~@k", 0 } }
}
{
  event = "msg_showcmd",
  kind = {}
}
{
  event = "msg_showcmd",
  kind = { { 0, "~@k", 0 } }
}
{
  event = "msg_showcmd",
  kind = {}
}
{
  event = "msg_showcmd",
  kind = { { 0, "~@k", 0 } }
}
{
  event = "msg_showcmd",
  kind = {}
}
{
  event = "msg_showcmd",
  kind = { { 0, "~@k", 0 } }
}
{
  event = "msg_showcmd",
  kind = {}
}
{
  event = "msg_showcmd",
  kind = { { 0, "~@k", 0 } }
}
{
  event = "msg_showcmd",
  kind = {}
}
{
  event = "msg_showcmd",
  kind = { { 0, "~@k", 0 } }
}
{
  event = "msg_showcmd",
  kind = {}
}
{
  event = "msg_showcmd",
  kind = { { 0, "~@k", 0 } }
}
{
  event = "msg_showcmd",
  kind = {}
}
{
  event = "msg_showcmd",
  kind = { { 0, "~@k", 0 } }
}
{
  event = "msg_showcmd",
  kind = {}
}
{
  event = "msg_showcmd",
  kind = { { 0, "~@k", 0 } }
}
{
  event = "msg_showcmd",
  kind = {}
}
{
  event = "msg_showcmd",
  kind = { { 0, "~@k", 0 } }
}
{
  event = "msg_showcmd",
  kind = {}
}
{
  event = "msg_showcmd",
  kind = { { 0, "~@k", 0 } }
}
{
  event = "msg_showcmd",
  kind = {}
}
{
  event = "msg_showcmd",
  kind = { { 0, "~@k", 0 } }
}
{
  event = "msg_showcmd",
  kind = {}
}
{
  event = "msg_showcmd",
  kind = { { 0, "~@k", 0 } }
}
{
  event = "msg_showcmd",
  kind = {}
}
{
  event = "msg_showcmd",
  kind = { { 0, "~@k", 0 } }
}
{
  event = "msg_showcmd",
  kind = {}
}
{
  event = "msg_showcmd",
  kind = { { 0, "~@k", 0 } }
}
{
  event = "msg_showcmd",
  kind = {}
}
{
  event = "msg_showcmd",
  kind = { { 0, "~@k", 0 } }
}
{
  event = "msg_showcmd",
  kind = {}
}
{
  event = "msg_showcmd",
  kind = { { 0, "~@k", 0 } }
}
{
  event = "msg_showcmd",
  kind = {}
}
{
  event = "msg_showcmd",
  kind = { { 0, "~@k", 0 } }
}
{
  event = "msg_showcmd",
  kind = {}
}
{
  event = "msg_showcmd",
  kind = { { 0, "~@k", 0 } }
}
{
  event = "msg_showcmd",
  kind = {}
}
{
  event = "msg_showcmd",
  kind = { { 0, "~@k", 0 } }
}
{
  event = "msg_showcmd",
  kind = {}
}
{
  event = "msg_showcmd",
  kind = { { 0, "~@k", 0 } }
}
{
  event = "msg_showcmd",
  kind = {}
}
{
  event = "msg_showcmd",
  kind = { { 0, "~@k", 0 } }
}
{
  event = "msg_showcmd",
  kind = {}
}
{
  event = "msg_showcmd",
  kind = { { 0, "~@k", 0 } }
}
{
  event = "msg_showcmd",
  kind = {}
}
{
  event = "msg_showcmd",
  kind = { { 0, "~@k", 0 } }
}
{
  event = "msg_showcmd",
  kind = {}
}
{
  event = "msg_showcmd",
  kind = { { 0, "~@k", 0 } }
}
{
  event = "msg_showcmd",
  kind = {}
}
{
  event = "msg_showcmd",
  kind = { { 0, "~@k", 0 } }
}
{
  event = "msg_showcmd",
  kind = {}
}
{
  event = "msg_showcmd",
  kind = { { 0, "~@k", 0 } }
}
{
  event = "msg_showcmd",
  kind = {}
}
{
  event = "msg_showcmd",
  kind = { { 0, "~@k", 0 } }
}
{
  event = "msg_showcmd",
  kind = {}
}
{
  event = "msg_showcmd",
  kind = { { 0, "~@k", 0 } }
}
{
  event = "msg_showcmd",
  kind = {}
}
{
  event = "msg_showcmd",
  kind = { { 0, "~@k", 0 } }
}
{
  event = "msg_showcmd",
  kind = {}
}
{
  event = "msg_showcmd",
  kind = { { 0, "~@k", 0 } }
}
{
  event = "msg_showcmd",
  kind = {}
}
{
  event = "msg_showcmd",
  kind = { { 0, "~@k", 0 } }
}
{
  event = "msg_showcmd",
  kind = {}
}
{
  event = "msg_showcmd",
  kind = { { 0, "~@k", 0 } }
}
{
  event = "msg_showcmd",
  kind = {}
}
{
  event = "msg_showcmd",
  kind = { { 0, "~@k", 0 } }
}
{
  event = "msg_showcmd",
  kind = {}
}
{
  event = "msg_showcmd",
  kind = { { 0, "~@k", 0 } }
}
{
  event = "msg_showcmd",
  kind = {}
}
{
  event = "msg_showcmd",
  kind = { { 0, "~@k", 0 } }
}
{
  event = "msg_showcmd",
  kind = {}
}
{
  event = "msg_showcmd",
  kind = { { 0, "~@k", 0 } }
}
{
  event = "msg_showcmd",
  kind = {}
}
{
  event = "msg_showcmd",
  kind = { { 0, "~@k", 0 } }
}
{
  event = "msg_showcmd",
  kind = {}
}
{
  event = "msg_showcmd",
  kind = { { 0, "~@k", 0 } }
}
{
  event = "msg_showcmd",
  kind = {}
}
{
  event = "msg_showcmd",
  kind = { { 0, "~@k", 0 } }
}
{
  event = "msg_showcmd",
  kind = {}
}
{
  event = "msg_showcmd",
  kind = { { 0, "~@k", 0 } }
}
{
  event = "msg_showcmd",
  kind = {}
}
{
  event = "msg_showcmd",
  kind = { { 0, "~@k", 0 } }
}
{
  event = "msg_showcmd",
  kind = {}
}
{
  event = "msg_showcmd",
  kind = { { 0, "~@k", 0 } }
}
{
  event = "msg_showcmd",
  kind = {}
}
{
  event = "msg_showcmd",
  kind = { { 0, "~@k", 0 } }
}
{
  event = "msg_showcmd",
  kind = {}
}
{
  event = "msg_showcmd",
  kind = { { 0, "~@k", 0 } }
}
{
  event = "msg_showcmd",
  kind = {}
}
{
  event = "msg_showcmd",
  kind = { { 0, "~@k", 0 } }
}
{
  event = "msg_showcmd",
  kind = {}
}
{
  event = "msg_showcmd",
  kind = { { 0, "~@k", 0 } }
}
{
  event = "msg_showcmd",
  kind = {}
}
{
  event = "msg_showcmd",
  kind = { { 0, "~@k", 0 } }
}
{
  event = "msg_showcmd",
  kind = {}
}
{
  event = "msg_showcmd",
  kind = { { 0, "~@k", 0 } }
}
{
  event = "msg_showcmd",
  kind = {}
}
{
  event = "msg_showcmd",
  kind = { { 0, "~@k", 0 } }
}
{
  event = "msg_showcmd",
  kind = {}
}
{
  event = "msg_showcmd",
  kind = { { 0, "~@k", 0 } }
}
{
  event = "msg_showcmd",
  kind = {}
}
{
  event = "msg_showcmd",
  kind = { { 0, "~@k", 0 } }
}
{
  event = "msg_showcmd",
  kind = {}
}
{
  event = "msg_showcmd",
  kind = { { 0, "~@k", 0 } }
}
{
  event = "msg_showcmd",
  kind = {}
}
{
  event = "msg_showcmd",
  kind = { { 0, "~@k", 0 } }
}
{
  event = "msg_showcmd",
  kind = {}
}
{
  event = "msg_showcmd",
  kind = { { 0, "~@k", 0 } }
}
{
  event = "msg_showcmd",
  kind = {}
}
{
  event = "msg_showcmd",
  kind = { { 0, "~@k", 0 } }
}
{
  event = "msg_showcmd",
  kind = {}
}
{
  event = "msg_showcmd",
  kind = { { 0, "~@k", 0 } }
}
{
  event = "msg_showcmd",
  kind = {}
}
{
  event = "msg_showcmd",
  kind = { { 0, "~@k", 0 } }
}
{
  event = "msg_showcmd",
  kind = {}
}
{
  event = "msg_showcmd",
  kind = { { 0, "~@k", 0 } }
}
{
  event = "msg_showcmd",
  kind = {}
}
{
  event = "msg_showcmd",
  kind = { { 0, "~@k", 0 } }
}
{
  event = "msg_showcmd",
  kind = {}
}
{
  event = "msg_showcmd",
  kind = { { 0, "~@k", 0 } }
}
{
  event = "msg_showcmd",
  kind = {}
}
{
  event = "msg_showcmd",
  kind = { { 0, "~@k", 0 } }
}
{
  event = "msg_showcmd",
  kind = {}
}
{
  event = "msg_showcmd",
  kind = { { 0, "~@k", 0 } }
}
{
  event = "msg_showcmd",
  kind = {}
}
{
  event = "msg_showcmd",
  kind = { { 0, "~@k", 0 } }
}
{
  event = "msg_showcmd",
  kind = {}
}
{
  event = "msg_showcmd",
  kind = { { 0, "~@k", 0 } }
}
{
  event = "msg_showcmd",
  kind = {}
}
{
  event = "msg_showcmd",
  kind = { { 0, "~@k", 0 } }
}
{
  event = "msg_showcmd",
  kind = {}
}
{
  event = "msg_showcmd",
  kind = { { 0, "~@k", 0 } }
}
{
  event = "msg_showcmd",
  kind = {}
}
{
  event = "msg_showcmd",
  kind = { { 0, "~@k", 0 } }
}
{
  event = "msg_showcmd",
  kind = {}
}
{
  event = "msg_showcmd",
  kind = { { 0, "~@k", 0 } }
}
{
  event = "msg_showcmd",
  kind = {}
}
{
  event = "msg_showcmd",
  kind = { { 0, "~@k", 0 } }
}
{
  event = "msg_showcmd",
  kind = {}
}
{
  event = "msg_showcmd",
  kind = { { 0, "~@k", 0 } }
}
{
  event = "msg_showcmd",
  kind = {}
}
{
  event = "msg_showcmd",
  kind = { { 0, "~@k", 0 } }
}
{
  event = "msg_showcmd",
  kind = {}
}
{
  event = "msg_showcmd",
  kind = { { 0, "^W^W", 0 } }
}
{
  event = "msg_showcmd",
  kind = {}
}
{
  event = "msg_showcmd",
  kind = { { 0, "^W^W", 0 } }
}
{
  event = "msg_showcmd",
  kind = {}
}
{
  event = "msg_showcmd",
  kind = { { 0, "^W~@k", 0 } }
}
{
  event = "msg_showcmd",
  kind = {}
}
{
  event = "msg_showcmd",
  kind = { { 0, "~@k", 0 } }
}
{
  event = "msg_showcmd",
  kind = {}
}
{
  event = "msg_showcmd",
  kind = { { 0, "~@k", 0 } }
}
{
  event = "msg_showcmd",
  kind = {}
}
{
  event = "msg_showcmd",
  kind = { { 0, ":", 0 } }
}
{
  event = "msg_clear"
}
{ 0, ":", "", 0, 1, 0,
  event = "cmdline_show",
  kind = { { 0, "" } }
}
{ 1, ":", "", 0, 1, 0,
  event = "cmdline_show",
  kind = { { 0, "q" } }
}
{ false,
  event = "cmdline_hide",
  kind = 1
}
{
  event = "msg_showcmd",
  kind = {}
}
{
  event = "msg_showcmd",
  kind = { { 0, "~@k", 0 } }
}
{
  event = "msg_showcmd",
  kind = {}
}
{
  event = "msg_showcmd",
  kind = { { 0, "~@k", 0 } }
}
{
  event = "msg_showcmd",
  kind = {}
}
{
  event = "msg_showcmd",
  kind = { { 0, "~@k", 0 } }
}
{
  event = "msg_showcmd",
  kind = {}
}
{
  event = "msg_showcmd",
  kind = { { 0, "~@k", 0 } }
}
{
  event = "msg_showcmd",
  kind = {}
}
{
  event = "msg_showcmd",
  kind = { { 0, "~@k", 0 } }
}
{
  event = "msg_showcmd",
  kind = {}
}
{
  event = "msg_showcmd",
  kind = { { 0, "~@k", 0 } }
}
{
  event = "msg_showcmd",
  kind = {}
}
{
  event = "msg_showcmd",
  kind = { { 0, "~@k", 0 } }
}
{
  event = "msg_showcmd",
  kind = {}
}
{
  event = "msg_showcmd",
  kind = { { 0, "~@k", 0 } }
}
{
  event = "msg_showcmd",
  kind = {}
}
{
  event = "msg_showcmd",
  kind = { { 0, "~@k", 0 } }
}
{
  event = "msg_showcmd",
  kind = {}
}
{
  event = "msg_showcmd",
  kind = { { 0, "~@k", 0 } }
}
{
  event = "msg_showcmd",
  kind = {}
}
{
  event = "msg_showcmd",
  kind = { { 0, "~@k", 0 } }
}
{
  event = "msg_showcmd",
  kind = {}
}
{
  event = "msg_showcmd",
  kind = { { 0, "~@k", 0 } }
}
{
  event = "msg_showcmd",
  kind = {}
}
{
  event = "msg_showcmd",
  kind = { { 0, "~@k", 0 } }
}
{
  event = "msg_showcmd",
  kind = {}
}
{
  event = "msg_showcmd",
  kind = { { 0, "~@k", 0 } }
}
{
  event = "msg_showcmd",
  kind = {}
}
{
  event = "msg_showcmd",
  kind = { { 0, "~@k", 0 } }
}
{
  event = "msg_showcmd",
  kind = {}
}
{
  event = "msg_showcmd",
  kind = { { 0, "~@k", 0 } }
}
{
  event = "msg_showcmd",
  kind = {}
}
{
  event = "msg_showcmd",
  kind = { { 0, "~@k", 0 } }
}
{
  event = "msg_showcmd",
  kind = {}
}
{
  event = "msg_showcmd",
  kind = { { 0, "~@k", 0 } }
}
{
  event = "msg_showcmd",
  kind = {}
}
{
  event = "msg_showcmd",
  kind = { { 0, "~@k", 0 } }
}
{
  event = "msg_showcmd",
  kind = {}
}
{
  event = "msg_showcmd",
  kind = { { 0, "~@k", 0 } }
}
{
  event = "msg_showcmd",
  kind = {}
}
{
  event = "msg_showcmd",
  kind = { { 0, "~@k", 0 } }
}
{
  event = "msg_showcmd",
  kind = {}
}
{
  event = "msg_showcmd",
  kind = { { 0, "~@k", 0 } }
}
{
  event = "msg_showcmd",
  kind = {}
}
{
  event = "msg_showcmd",
  kind = { { 0, "~@k", 0 } }
}
{
  event = "msg_showcmd",
  kind = {}
}
{
  event = "msg_showcmd",
  kind = { { 0, "u", 0 } }
}
{ { { 0, "1 line less; before #30  2 seconds ago", 0 } }, false, true,
  event = "msg_show",
  kind = "undo"
}
{
  event = "msg_showcmd",
  kind = {}
}
{
  event = "msg_showcmd",
  kind = { { 0, "~@k", 0 } }
}
{
  event = "msg_showcmd",
  kind = {}
}
{
  event = "msg_showcmd",
  kind = { { 0, "~@k", 0 } }
}
{
  event = "msg_showcmd",
  kind = {}
}
{
  event = "msg_showcmd",
  kind = { { 0, "~@k", 0 } }
}
{
  event = "msg_showcmd",
  kind = {}
}
{
  event = "msg_showcmd",
  kind = { { 0, "i", 0 } }
}
{
  event = "msg_showcmd",
  kind = {}
}
{
  event = "msg_showcmd",
  kind = { { 0, "x", 0 } }
}
{
  event = "msg_showcmd",
  kind = {}
}
{
  event = "msg_showcmd",
  kind = { { 0, "dl", 0 } }
}
{
  event = "msg_showcmd",
  kind = {}
}
{
  event = "msg_showcmd",
  kind = { { 0, "~@k", 0 } }
}
{
  event = "msg_showcmd",
  kind = {}
}
{
  event = "msg_showcmd",
  kind = { { 0, "~@k", 0 } }
}
{
  event = "msg_showcmd",
  kind = {}
}
{
  event = "msg_showcmd",
  kind = { { 0, "~@k", 0 } }
}
{
  event = "msg_showcmd",
  kind = {}
}
{
  event = "msg_showcmd",
  kind = { { 0, "~@k", 0 } }
}
{
  event = "msg_showcmd",
  kind = {}
}
{
  event = "msg_showcmd",
  kind = { { 0, "u", 0 } }
}
{ { { 0, "1 change; before #35  6 seconds ago", 0 } }, true, true,
  event = "msg_show",
  kind = "undo"
}
{
  event = "msg_showcmd",
  kind = {}
}
{
  event = "msg_showcmd",
  kind = { { 0, "u", 0 } }
}
{ { { 0, "1 change; before #34  8 seconds ago", 0 } }, true, true,
  event = "msg_show",
  kind = "undo"
}
{
  event = "msg_showcmd",
  kind = {}
}
{
  event = "msg_showcmd",
  kind = { { 0, "u", 0 } }
}
{ { { 0, "1 change; before #33  24 seconds ago", 0 } }, true, true,
  event = "msg_show",
  kind = "undo"
}
{
  event = "msg_showcmd",
  kind = {}
}
{
  event = "msg_showcmd",
  kind = { { 0, "u", 0 } }
}
{ { { 0, "1 change; before #32  25 seconds ago", 0 } }, true, true,
  event = "msg_show",
  kind = "undo"
}
{
  event = "msg_showcmd",
  kind = {}
}
{
  event = "msg_showcmd",
  kind = { { 0, "u", 0 } }
}
{ { { 0, "1 change; before #31  33 seconds ago", 0 } }, true, true,
  event = "msg_show",
  kind = "undo"
}
{
  event = "msg_showcmd",
  kind = {}
}
{
  event = "msg_showcmd",
  kind = { { 0, "u", 0 } }
}
{ { { 0, "3 changes; before #29  02:04:51", 0 } }, true, true,
  event = "msg_show",
  kind = "undo"
}
{
  event = "msg_showcmd",
  kind = {}
}
{
  event = "msg_showcmd",
  kind = { { 0, "^R", 0 } }
}
{ { { 0, "3 changes; after #29  02:04:51", 0 } }, true, true,
  event = "msg_show",
  kind = "undo"
}
{
  event = "msg_showcmd",
  kind = {}
}
{
  event = "msg_showcmd",
  kind = { { 0, "^R", 0 } }
}
{ { { 0, "1 change; after #31  36 seconds ago", 0 } }, true, true,
  event = "msg_show",
  kind = "undo"
}
{
  event = "msg_showcmd",
  kind = {}
}
{
  event = "msg_showcmd",
  kind = { { 0, "^R", 0 } }
}
{ { { 0, "1 change; after #32  29 seconds ago", 0 } }, true, true,
  event = "msg_show",
  kind = "undo"
}
{
  event = "msg_showcmd",
  kind = {}
}
{
  event = "msg_showcmd",
  kind = { { 0, "^R", 0 } }
}
{ { { 0, "1 change; after #33  28 seconds ago", 0 } }, true, true,
  event = "msg_show",
  kind = "undo"
}
{
  event = "msg_showcmd",
  kind = {}
}
{
  event = "msg_showcmd",
  kind = { { 0, "^R", 0 } }
}
{ { { 0, "1 change; after #34  12 seconds ago", 0 } }, true, true,
  event = "msg_show",
  kind = "undo"
}
{
  event = "msg_showcmd",
  kind = {}
}
{
  event = "msg_showcmd",
  kind = { { 0, "^R", 0 } }
}
{ { { 0, "1 change; after #35  10 seconds ago", 0 } }, true, true,
  event = "msg_show",
  kind = "undo"
}
{
  event = "msg_showcmd",
  kind = {}
}
{
  event = "msg_showcmd",
  kind = { { 0, "^R", 0 } }
}
{ { { 0, "Already at newest change", 0 } }, true, true,
  event = "msg_show",
  kind = "undo"
}
{
  event = "msg_showcmd",
  kind = {}
}
{
  event = "msg_showcmd",
  kind = { { 0, "^R", 0 } }
}
{ { { 0, "Already at newest change", 0 } }, true, true,
  event = "msg_show",
  kind = "undo"
}
{
  event = "msg_showcmd",
  kind = {}
}
{
  event = "msg_showcmd",
  kind = { { 0, "^R", 0 } }
}
{ { { 0, "Already at newest change", 0 } }, true, true,
  event = "msg_show",
  kind = "undo"
}
{
  event = "msg_showcmd",
  kind = {}
}
{
  event = "msg_showcmd",
  kind = { { 0, "^R", 0 } }
}
{ { { 0, "Already at newest change", 0 } }, true, true,
  event = "msg_show",
  kind = "undo"
}
{
  event = "msg_showcmd",
  kind = {}
}
{
  event = "msg_showcmd",
  kind = { { 0, "^R", 0 } }
}
{ { { 0, "Already at newest change", 0 } }, true, true,
  event = "msg_show",
  kind = "undo"
}
{
  event = "msg_showcmd",
  kind = {}
}
{
  event = "msg_showcmd",
  kind = { { 0, "^R", 0 } }
}
{ { { 0, "Already at newest change", 0 } }, true, true,
  event = "msg_show",
  kind = "undo"
}
{
  event = "msg_showcmd",
  kind = {}
}
{
  event = "msg_showcmd",
  kind = { { 0, "^R", 0 } }
}
{ { { 0, "Already at newest change", 0 } }, true, true,
  event = "msg_show",
  kind = "undo"
}
{
  event = "msg_showcmd",
  kind = {}
}
{
  event = "msg_showcmd",
  kind = { { 0, "^R", 0 } }
}
{ { { 0, "Already at newest change", 0 } }, true, true,
  event = "msg_show",
  kind = "undo"
}
{
  event = "msg_showcmd",
  kind = {}
}
{
  event = "msg_showcmd",
  kind = { { 0, "^R", 0 } }
}
{ { { 0, "Already at newest change", 0 } }, true, true,
  event = "msg_show",
  kind = "undo"
}
{
  event = "msg_showcmd",
  kind = {}
}
{
  event = "msg_showcmd",
  kind = { { 0, "^R", 0 } }
}
{ { { 0, "Already at newest change", 0 } }, true, true,
  event = "msg_show",
  kind = "undo"
}
{
  event = "msg_showcmd",
  kind = {}
}
{
  event = "msg_showcmd",
  kind = { { 0, "^R", 0 } }
}
{ { { 0, "Already at newest change", 0 } }, true, true,
  event = "msg_show",
  kind = "undo"
}
{
  event = "msg_showcmd",
  kind = {}
}
{
  event = "msg_showcmd",
  kind = { { 0, "^R", 0 } }
}
{ { { 0, "Already at newest change", 0 } }, true, true,
  event = "msg_show",
  kind = "undo"
}
{
  event = "msg_showcmd",
  kind = {}
}
{
  event = "msg_showcmd",
  kind = { { 0, "^R", 0 } }
}
{ { { 0, "Already at newest change", 0 } }, true, true,
  event = "msg_show",
  kind = "undo"
}
{
  event = "msg_showcmd",
  kind = {}
}
{
  event = "msg_showcmd",
  kind = { { 0, "^R", 0 } }
}
{ { { 0, "Already at newest change", 0 } }, true, true,
  event = "msg_show",
  kind = "undo"
}
{
  event = "msg_showcmd",
  kind = {}
}
{
  event = "msg_showcmd",
  kind = { { 0, "^R", 0 } }
}
{ { { 0, "Already at newest change", 0 } }, true, true,
  event = "msg_show",
  kind = "undo"
}
{
  event = "msg_showcmd",
  kind = {}
}
{
  event = "msg_showcmd",
  kind = { { 0, "^R", 0 } }
}
{ { { 0, "Already at newest change", 0 } }, true, true,
  event = "msg_show",
  kind = "undo"
}
{
  event = "msg_showcmd",
  kind = {}
}
{
  event = "msg_showcmd",
  kind = { { 0, "^R", 0 } }
}
{ { { 0, "Already at newest change", 0 } }, true, true,
  event = "msg_show",
  kind = "undo"
}
{
  event = "msg_showcmd",
  kind = {}
}
{
  event = "msg_showcmd",
  kind = { { 0, "^R", 0 } }
}
{ { { 0, "Already at newest change", 0 } }, true, true,
  event = "msg_show",
  kind = "undo"
}
{
  event = "msg_showcmd",
  kind = {}
}
{
  event = "msg_showcmd",
  kind = { { 0, "^R", 0 } }
}
{ { { 0, "Already at newest change", 0 } }, true, true,
  event = "msg_show",
  kind = "undo"
}
{
  event = "msg_showcmd",
  kind = {}
}
{
  event = "msg_showcmd",
  kind = { { 0, "^R", 0 } }
}
{ { { 0, "Already at newest change", 0 } }, true, true,
  event = "msg_show",
  kind = "undo"
}
{
  event = "msg_showcmd",
  kind = {}
}
{
  event = "msg_showcmd",
  kind = { { 0, "^R", 0 } }
}
{ { { 0, "Already at newest change", 0 } }, true, true,
  event = "msg_show",
  kind = "undo"
}
{
  event = "msg_showcmd",
  kind = {}
}
{
  event = "msg_showcmd",
  kind = { { 0, "^R", 0 } }
}
{ { { 0, "Already at newest change", 0 } }, true, true,
  event = "msg_show",
  kind = "undo"
}
{
  event = "msg_showcmd",
  kind = {}
}
{
  event = "msg_showcmd",
  kind = { { 0, "i", 0 } }
}
{
  event = "msg_showcmd",
  kind = {}
}
{
  event = "msg_showcmd",
  kind = { { 0, "~@k", 0 } }
}
{
  event = "msg_showcmd",
  kind = {}
}
{
  event = "msg_showcmd",
  kind = { { 0, "dl", 0 } }
}
{
  event = "msg_showcmd",
  kind = {}
}
{ { { 0, '"lua\\configs\\notify.lua" ', 0 } }, true, false,
  event = "msg_show",
  kind = "bufwrite"
}
{ { { 0, '"lua\\configs\\notify.lua" 28L, 756B written', 0 } }, true, true,
  event = "msg_show",
  kind = "bufwrite"
}
{
  event = "msg_showcmd",
  kind = { { 0, "~@k", 0 } }
}
{
  event = "msg_showcmd",
  kind = {}
}
{
  event = "msg_showcmd",
  kind = { { 0, "~@k", 0 } }
}
{
  event = "msg_showcmd",
  kind = {}
}
{
  event = "msg_showcmd",
  kind = { { 0, "~@k", 0 } }
}
{
  event = "msg_showcmd",
  kind = {}
}
{
  event = "msg_showcmd",
  kind = { { 0, "~@k", 0 } }
}
{
  event = "msg_showcmd",
  kind = {}
}
{
  event = "msg_showcmd",
  kind = { { 0, "~@k", 0 } }
}
{
  event = "msg_showcmd",
  kind = {}
}
{
  event = "msg_showcmd",
  kind = { { 0, "~@k", 0 } }
}
{
  event = "msg_showcmd",
  kind = {}
}
{
  event = "msg_showcmd",
  kind = { { 0, "~@k", 0 } }
}
{
  event = "msg_showcmd",
  kind = {}
}
{
  event = "msg_showcmd",
  kind = { { 0, "~@k", 0 } }
}
{
  event = "msg_showcmd",
  kind = {}
}
{
  event = "msg_showcmd",
  kind = { { 0, "~@k", 0 } }
}
{
  event = "msg_showcmd",
  kind = {}
}
{
  event = "msg_showcmd",
  kind = { { 0, "~@k", 0 } }
}
{
  event = "msg_showcmd",
  kind = {}
}
{
  event = "msg_showcmd",
  kind = { { 0, "~@k", 0 } }
}
{
  event = "msg_showcmd",
  kind = {}
}
{
  event = "msg_showcmd",
  kind = { { 0, "~@k", 0 } }
}
{
  event = "msg_showcmd",
  kind = {}
}
{
  event = "msg_showcmd",
  kind = { { 0, "~@k", 0 } }
}
{
  event = "msg_showcmd",
  kind = {}
}
{
  event = "msg_showcmd",
  kind = { { 0, "~@k", 0 } }
}
{
  event = "msg_showcmd",
  kind = {}
}
{
  event = "msg_showcmd",
  kind = { { 0, "~@k", 0 } }
}
{
  event = "msg_showcmd",
  kind = {}
}
{
  event = "msg_showcmd",
  kind = { { 0, "~@k", 0 } }
}
{
  event = "msg_showcmd",
  kind = {}
}
{
  event = "msg_showcmd",
  kind = { { 0, "i", 0 } }
}
{
  event = "msg_showcmd",
  kind = {}
}
{
  event = "msg_showcmd",
  kind = { { 0, ":", 0 } }
}
{
  event = "msg_clear"
}
{ 0, ":", "", 0, 1, 0,
  event = "cmdline_show",
  kind = { { 0, "" } }
}
{ 1, ":", "", 0, 1, 0,
  event = "cmdline_show",
  kind = { { 0, "h" } }
}
{ 2, ":", "", 0, 1, 0,
  event = "cmdline_show",
  kind = { { 0, "he" } }
}
{ 1, ":", "", 0, 1, 0,
  event = "cmdline_show",
  kind = { { 0, "h" } }
}
{ 0, ":", "", 0, 1, 0,
  event = "cmdline_show",
  kind = { { 0, "" } }
}
{ 1, ":", "", 0, 1, 0,
  event = "cmdline_show",
  kind = { { 0, "v" } }
}
{ 2, ":", "", 0, 1, 0,
  event = "cmdline_show",
  kind = { { 0, "vs" } }
}
{ 3, ":", "", 0, 1, 0,
  event = "cmdline_show",
  kind = { { 0, "vsp" } }
}
{ 4, ":", "", 0, 1, 0,
  event = "cmdline_show",
  kind = { { 0, "vspl" } }
}
{ 5, ":", "", 0, 1, 0,
  event = "cmdline_show",
  kind = { { 0, "vspli" } }
}
{ 6, ":", "", 0, 1, 0,
  event = "cmdline_show",
  kind = { { 0, "vsplit" } }
}
{ false,
  event = "cmdline_hide",
  kind = 1
}
{
  event = "msg_showcmd",
  kind = {}
}
{
  event = "msg_showcmd",
  kind = { { 0, ":", 0 } }
}
{ 0, ":", "", 0, 1, 0,
  event = "cmdline_show",
  kind = { { 0, "" } }
}
{ 1, ":", "", 0, 1, 0,
  event = "cmdline_show",
  kind = { { 0, "h" } }
}
{ 2, ":", "", 0, 1, 0,
  event = "cmdline_show",
  kind = { { 0, "h " } }
}
{ 3, ":", "", 0, 1, 0,
  event = "cmdline_show",
  kind = { { 0, "h v" } }
}
{ 4, ":", "", 0, 1, 0,
  event = "cmdline_show",
  kind = { { 0, "h vi" } }
}
{ 5, ":", "", 0, 1, 0,
  event = "cmdline_show",
  kind = { { 0, "h vim" } }
}
{ 6, ":", "", 0, 1, 0,
  event = "cmdline_show",
  kind = { { 0, "h vim." } }
}
{ 7, ":", "", 0, 1, 0,
  event = "cmdline_show",
  kind = { { 0, "h vim.w" } }
}
{ 8, ":", "", 0, 1, 0,
  event = "cmdline_show",
  kind = { { 0, "h vim.wo" } }
}
{ false,
  event = "cmdline_hide",
  kind = 1
}
{
  event = "msg_showcmd",
  kind = {}
}
{
  event = "msg_showcmd",
  kind = { { 0, "~@k", 0 } }
}
{
  event = "msg_showcmd",
  kind = {}
}
{
  event = "msg_showcmd",
  kind = { { 0, "~@k", 0 } }
}
{
  event = "msg_showcmd",
  kind = {}
}
{
  event = "msg_showcmd",
  kind = { { 0, "~@k", 0 } }
}
{
  event = "msg_showcmd",
  kind = {}
}
{
  event = "msg_showcmd",
  kind = { { 0, "~@k", 0 } }
}
{
  event = "msg_showcmd",
  kind = {}
}
{
  event = "msg_showcmd",
  kind = { { 0, "~@k", 0 } }
}
{
  event = "msg_showcmd",
  kind = {}
}
{
  event = "msg_showcmd",
  kind = { { 0, "~@k", 0 } }
}
{
  event = "msg_showcmd",
  kind = {}
}
{
  event = "msg_showcmd",
  kind = { { 0, "~@k", 0 } }
}
{
  event = "msg_showcmd",
  kind = {}
}
{
  event = "msg_showcmd",
  kind = { { 0, "~@k", 0 } }
}
{
  event = "msg_showcmd",
  kind = {}
}
{
  event = "msg_showcmd",
  kind = { { 0, "~@k", 0 } }
}
{
  event = "msg_showcmd",
  kind = {}
}
{
  event = "msg_showcmd",
  kind = { { 0, "~@k", 0 } }
}
{
  event = "msg_showcmd",
  kind = {}
}
{
  event = "msg_showcmd",
  kind = { { 0, "~@k", 0 } }
}
{
  event = "msg_showcmd",
  kind = {}
}
{
  event = "msg_showcmd",
  kind = { { 0, "~@k", 0 } }
}
{
  event = "msg_showcmd",
  kind = {}
}
{
  event = "msg_showcmd",
  kind = { { 0, "~@k", 0 } }
}
{
  event = "msg_showcmd",
  kind = {}
}
{
  event = "msg_showcmd",
  kind = { { 0, "~@k", 0 } }
}
{
  event = "msg_showcmd",
  kind = {}
}
{
  event = "msg_showcmd",
  kind = { { 0, "~@k", 0 } }
}
{
  event = "msg_showcmd",
  kind = {}
}
{
  event = "msg_showcmd",
  kind = { { 0, "~@k", 0 } }
}
{
  event = "msg_showcmd",
  kind = {}
}
{
  event = "msg_showcmd",
  kind = { { 0, "~@k", 0 } }
}
{
  event = "msg_showcmd",
  kind = {}
}
{
  event = "msg_showcmd",
  kind = { { 0, "~@k", 0 } }
}
{
  event = "msg_showcmd",
  kind = {}
}
{
  event = "msg_showcmd",
  kind = { { 0, "~@k", 0 } }
}
{
  event = "msg_showcmd",
  kind = {}
}
{
  event = "msg_showcmd",
  kind = { { 0, "~@k", 0 } }
}
{
  event = "msg_showcmd",
  kind = {}
}
{
  event = "msg_showcmd",
  kind = { { 0, "~@k", 0 } }
}
{
  event = "msg_showcmd",
  kind = {}
}
{
  event = "msg_showcmd",
  kind = { { 0, "~@k", 0 } }
}
{
  event = "msg_showcmd",
  kind = {}
}
{
  event = "msg_showcmd",
  kind = { { 0, "~@k", 0 } }
}
{
  event = "msg_showcmd",
  kind = {}
}
{
  event = "msg_showcmd",
  kind = { { 0, "~@k", 0 } }
}
{
  event = "msg_showcmd",
  kind = {}
}
{
  event = "msg_showcmd",
  kind = { { 0, "~@k", 0 } }
}
{
  event = "msg_showcmd",
  kind = {}
}
{
  event = "msg_showcmd",
  kind = { { 0, "~@k", 0 } }
}
{
  event = "msg_showcmd",
  kind = {}
}
{
  event = "msg_showcmd",
  kind = { { 0, "~@k", 0 } }
}
{
  event = "msg_showcmd",
  kind = {}
}
{
  event = "msg_showcmd",
  kind = { { 0, "~@k", 0 } }
}
{
  event = "msg_showcmd",
  kind = {}
}
{
  event = "msg_showcmd",
  kind = { { 0, "~@k", 0 } }
}
{
  event = "msg_showcmd",
  kind = {}
}
{
  event = "msg_showcmd",
  kind = { { 0, "~@k", 0 } }
}
{
  event = "msg_showcmd",
  kind = {}
}
{
  event = "msg_showcmd",
  kind = { { 0, "~@k", 0 } }
}
{
  event = "msg_showcmd",
  kind = {}
}
{
  event = "msg_showcmd",
  kind = { { 0, "~@k", 0 } }
}
{
  event = "msg_showcmd",
  kind = {}
}
{
  event = "msg_showcmd",
  kind = { { 0, "~@k", 0 } }
}
{
  event = "msg_showcmd",
  kind = {}
}
{
  event = "msg_showcmd",
  kind = { { 0, "~@k", 0 } }
}
{
  event = "msg_showcmd",
  kind = {}
}
{
  event = "msg_showcmd",
  kind = { { 0, "~@k", 0 } }
}
{
  event = "msg_showcmd",
  kind = {}
}
{
  event = "msg_showcmd",
  kind = { { 0, "~@k", 0 } }
}
{
  event = "msg_showcmd",
  kind = {}
}
{
  event = "msg_showcmd",
  kind = { { 0, "~@k", 0 } }
}
{
  event = "msg_showcmd",
  kind = {}
}
{
  event = "msg_showcmd",
  kind = { { 0, "~@k", 0 } }
}
{
  event = "msg_showcmd",
  kind = {}
}
{
  event = "msg_showcmd",
  kind = { { 0, "~@k", 0 } }
}
{
  event = "msg_showcmd",
  kind = {}
}
{
  event = "msg_showcmd",
  kind = { { 0, "~@k", 0 } }
}
{
  event = "msg_showcmd",
  kind = {}
}
{
  event = "msg_showcmd",
  kind = { { 0, "~@k", 0 } }
}
{
  event = "msg_showcmd",
  kind = {}
}
{
  event = "msg_showcmd",
  kind = { { 0, "~@k", 0 } }
}
{
  event = "msg_showcmd",
  kind = {}
}
{
  event = "msg_showcmd",
  kind = { { 0, "~@k", 0 } }
}
{
  event = "msg_showcmd",
  kind = {}
}
{
  event = "msg_showcmd",
  kind = { { 0, "~@k", 0 } }
}
{
  event = "msg_showcmd",
  kind = {}
}
{
  event = "msg_showcmd",
  kind = { { 0, "~@k", 0 } }
}
{
  event = "msg_showcmd",
  kind = {}
}
{
  event = "msg_showcmd",
  kind = { { 0, "~@k", 0 } }
}
{
  event = "msg_showcmd",
  kind = {}
}
{
  event = "msg_showcmd",
  kind = { { 0, "a", 0 } }
}
{
  event = "msg_showcmd",
  kind = {}
}
{ { { 379, "E21: Cannot make changes, 'modifiable' is off", 6 } }, false, true,
  event = "msg_show",
  kind = "emsg"
}
{
  event = "msg_showcmd",
  kind = { { 0, "a", 0 } }
}
{ { { 379, "E21: Cannot make changes, 'modifiable' is off", 6 } }, false, true,
  event = "msg_show",
  kind = "emsg"
}
{
  event = "msg_clear"
}
{
  event = "msg_showcmd",
  kind = {}
}
{
  event = "msg_showcmd",
  kind = { { 0, "a", 0 } }
}
{
  event = "msg_showcmd",
  kind = {}
}
{ { { 379, "E21: Cannot make changes, 'modifiable' is off", 6 } }, false, true,
  event = "msg_show",
  kind = "emsg"
}
{
  event = "msg_showcmd",
  kind = { { 0, "a", 0 } }
}
{ { { 379, "E21: Cannot make changes, 'modifiable' is off", 6 } }, false, true,
  event = "msg_show",
  kind = "emsg"
}
{
  event = "msg_clear"
}
{
  event = "msg_showcmd",
  kind = {}
}
{
  event = "msg_showcmd",
  kind = { { 0, "a", 0 } }
}
{
  event = "msg_showcmd",
  kind = {}
}
{ { { 379, "E21: Cannot make changes, 'modifiable' is off", 6 } }, false, true,
  event = "msg_show",
  kind = "emsg"
}
{
  event = "msg_showcmd",
  kind = { { 0, ":", 0 } }
}
{
  event = "msg_clear"
}
{ 0, ":", "", 0, 1, 0,
  event = "cmdline_show",
  kind = { { 0, "" } }
}
{ 1, ":", "", 0, 1, 0,
  event = "cmdline_show",
  kind = { { 0, "h" } }
}
{ 2, ":", "", 0, 1, 0,
  event = "cmdline_show",
  kind = { { 0, "h " } }
}
{ 3, ":", "", 0, 1, 0,
  event = "cmdline_show",
  kind = { { 0, "h  " } }
}
{ 4, ":", "", 0, 1, 0,
  event = "cmdline_show",
  kind = { { 0, "h   " } }
}
{ 5, ":", "", 0, 1, 0,
  event = "cmdline_show",
  kind = { { 0, "h    " } }
}
{ 6, ":", "", 0, 1, 0,
  event = "cmdline_show",
  kind = { { 0, "h     " } }
}
{ 7, ":", "", 0, 1, 0,
  event = "cmdline_show",
  kind = { { 0, "h      " } }
}
{ 8, ":", "", 0, 1, 0,
  event = "cmdline_show",
  kind = { { 0, "h       " } }
}
{ 9, ":", "", 0, 1, 0,
  event = "cmdline_show",
  kind = { { 0, "h        " } }
}
{ 10, ":", "", 0, 1, 0,
  event = "cmdline_show",
  kind = { { 0, "h         " } }
}
{ 11, ":", "", 0, 1, 0,
  event = "cmdline_show",
  kind = { { 0, "h          " } }
}
{ 12, ":", "", 0, 1, 0,
  event = "cmdline_show",
  kind = { { 0, "h           " } }
}
{ 13, ":", "", 0, 1, 0,
  event = "cmdline_show",
  kind = { { 0, "h            " } }
}
{ 14, ":", "", 0, 1, 0,
  event = "cmdline_show",
  kind = { { 0, "h             " } }
}
{ 15, ":", "", 0, 1, 0,
  event = "cmdline_show",
  kind = { { 0, "h              " } }
}
{ 16, ":", "", 0, 1, 0,
  event = "cmdline_show",
  kind = { { 0, "h               " } }
}
{ 17, ":", "", 0, 1, 0,
  event = "cmdline_show",
  kind = { { 0, "h                " } }
}
{ 18, ":", "", 0, 1, 0,
  event = "cmdline_show",
  kind = { { 0, "h                n" } }
}
{ 19, ":", "", 0, 1, 0,
  event = "cmdline_show",
  kind = { { 0, "h                nc" } }
}
{ 20, ":", "", 0, 1, 0,
  event = "cmdline_show",
  kind = { { 0, "h                nci" } }
}
{ 21, ":", "", 0, 1, 0,
  event = "cmdline_show",
  kind = { { 0, "h                ncim" } }
}
{ 22, ":", "", 0, 1, 0,
  event = "cmdline_show",
  kind = { { 0, "h                ncim_" } }
}
{ 23, ":", "", 0, 1, 0,
  event = "cmdline_show",
  kind = { { 0, "h                ncim_w" } }
}
{ 24, ":", "", 0, 1, 0,
  event = "cmdline_show",
  kind = { { 0, "h                ncim_wi" } }
}
{ 25, ":", "", 0, 1, 0,
  event = "cmdline_show",
  kind = { { 0, "h                ncim_win" } }
}
{ 26, ":", "", 0, 1, 0,
  event = "cmdline_show",
  kind = { { 0, "h                ncim_win_" } }
}
{ 27, ":", "", 0, 1, 0,
  event = "cmdline_show",
  kind = { { 0, "h                ncim_win_s" } }
}
{ 28, ":", "", 0, 1, 0,
  event = "cmdline_show",
  kind = { { 0, "h                ncim_win_se" } }
}
{ 29, ":", "", 0, 1, 0,
  event = "cmdline_show",
  kind = { { 0, "h                ncim_win_set" } }
}
{ 30, ":", "", 0, 1, 0,
  event = "cmdline_show",
  kind = { { 0, "h                ncim_win_set_" } }
}
{ 31, ":", "", 0, 1, 0,
  event = "cmdline_show",
  kind = { { 0, "h                ncim_win_set_o" } }
}
{ 32, ":", "", 0, 1, 0,
  event = "cmdline_show",
  kind = { { 0, "h                ncim_win_set_op" } }
}
{ 33, ":", "", 0, 1, 0,
  event = "cmdline_show",
  kind = { { 0, "h                ncim_win_set_opt" } }
}
{ 34, ":", "", 0, 1, 0,
  event = "cmdline_show",
  kind = { { 0, "h                ncim_win_set_opti" } }
}
{ 35, ":", "", 0, 1, 0,
  event = "cmdline_show",
  kind = { { 0, "h                ncim_win_set_optio" } }
}
{ 36, ":", "", 0, 1, 0,
  event = "cmdline_show",
  kind = { { 0, "h                ncim_win_set_option" } }
}
{ false,
  event = "cmdline_hide",
  kind = 1
}
{
  event = "msg_showcmd",
  kind = {}
}
{ { { 379, "E149: Sorry, no help for ncim_win_set_option", 6 } }, false, true,
  event = "msg_show",
  kind = "emsg"
}
{
  event = "msg_showcmd",
  kind = { { 0, "~@k", 0 } }
}
{
  event = "msg_showcmd",
  kind = {}
}
{
  event = "msg_showcmd",
  kind = { { 0, ":", 0 } }
}
{
  event = "msg_clear"
}
{ 0, ":", "", 0, 1, 0,
  event = "cmdline_show",
  kind = { { 0, "" } }
}
{ 36, ":", "", 0, 1, 0,
  event = "cmdline_show",
  kind = { { 0, "h                ncim_win_set_option" } }
}
{ 35, ":", "", 0, 1, 0,
  event = "cmdline_show",
  kind = { { 0, "h                ncim_win_set_optio" } }
}
{ 34, ":", "", 0, 1, 0,
  event = "cmdline_show",
  kind = { { 0, "h                ncim_win_set_opti" } }
}
{ 33, ":", "", 0, 1, 0,
  event = "cmdline_show",
  kind = { { 0, "h                ncim_win_set_opt" } }
}
{ 32, ":", "", 0, 1, 0,
  event = "cmdline_show",
  kind = { { 0, "h                ncim_win_set_op" } }
}
{ 31, ":", "", 0, 1, 0,
  event = "cmdline_show",
  kind = { { 0, "h                ncim_win_set_o" } }
}
{ 30, ":", "", 0, 1, 0,
  event = "cmdline_show",
  kind = { { 0, "h                ncim_win_set_" } }
}
{ 29, ":", "", 0, 1, 0,
  event = "cmdline_show",
  kind = { { 0, "h                ncim_win_set" } }
}
{ 28, ":", "", 0, 1, 0,
  event = "cmdline_show",
  kind = { { 0, "h                ncim_win_se" } }
}
{ 27, ":", "", 0, 1, 0,
  event = "cmdline_show",
  kind = { { 0, "h                ncim_win_s" } }
}
{ 26, ":", "", 0, 1, 0,
  event = "cmdline_show",
  kind = { { 0, "h                ncim_win_" } }
}
{ 25, ":", "", 0, 1, 0,
  event = "cmdline_show",
  kind = { { 0, "h                ncim_win" } }
}
{ 24, ":", "", 0, 1, 0,
  event = "cmdline_show",
  kind = { { 0, "h                ncim_wi" } }
}
{ 23, ":", "", 0, 1, 0,
  event = "cmdline_show",
  kind = { { 0, "h                ncim_w" } }
}
{ 22, ":", "", 0, 1, 0,
  event = "cmdline_show",
  kind = { { 0, "h                ncim_" } }
}
{ 21, ":", "", 0, 1, 0,
  event = "cmdline_show",
  kind = { { 0, "h                ncim" } }
}
{ 20, ":", "", 0, 1, 0,
  event = "cmdline_show",
  kind = { { 0, "h                nci" } }
}
{ 19, ":", "", 0, 1, 0,
  event = "cmdline_show",
  kind = { { 0, "h                nc" } }
}
{ 18, ":", "", 0, 1, 0,
  event = "cmdline_show",
  kind = { { 0, "h                n" } }
}
{ 17, ":", "", 0, 1, 0,
  event = "cmdline_show",
  kind = { { 0, "h                " } }
}
{ 18, ":", "", 0, 1, 0,
  event = "cmdline_show",
  kind = { { 0, "h                n" } }
}
{ 19, ":", "", 0, 1, 0,
  event = "cmdline_show",
  kind = { { 0, "h                nv" } }
}
{ 20, ":", "", 0, 1, 0,
  event = "cmdline_show",
  kind = { { 0, "h                nvi" } }
}
{ 21, ":", "", 0, 1, 0,
  event = "cmdline_show",
  kind = { { 0, "h                nvim" } }
}
{ 22, ":", "", 0, 1, 0,
  event = "cmdline_show",
  kind = { { 0, "h                nvim_" } }
}
{ 23, ":", "", 0, 1, 0,
  event = "cmdline_show",
  kind = { { 0, "h                nvim_w" } }
}
{ 24, ":", "", 0, 1, 0,
  event = "cmdline_show",
  kind = { { 0, "h                nvim_wi" } }
}
{ 25, ":", "", 0, 1, 0,
  event = "cmdline_show",
  kind = { { 0, "h                nvim_win" } }
}
{ 26, ":", "", 0, 1, 0,
  event = "cmdline_show",
  kind = { { 0, "h                nvim_win_" } }
}
{ 27, ":", "", 0, 1, 0,
  event = "cmdline_show",
  kind = { { 0, "h                nvim_win_s" } }
}
{ 28, ":", "", 0, 1, 0,
  event = "cmdline_show",
  kind = { { 0, "h                nvim_win_se" } }
}
{ 29, ":", "", 0, 1, 0,
  event = "cmdline_show",
  kind = { { 0, "h                nvim_win_set" } }
}
{ 30, ":", "", 0, 1, 0,
  event = "cmdline_show",
  kind = { { 0, "h                nvim_win_set_" } }
}
{ 31, ":", "", 0, 1, 0,
  event = "cmdline_show",
  kind = { { 0, "h                nvim_win_set_o" } }
}
{ 32, ":", "", 0, 1, 0,
  event = "cmdline_show",
  kind = { { 0, "h                nvim_win_set_op" } }
}
{ 33, ":", "", 0, 1, 0,
  event = "cmdline_show",
  kind = { { 0, "h                nvim_win_set_opt" } }
}
{ 34, ":", "", 0, 1, 0,
  event = "cmdline_show",
  kind = { { 0, "h                nvim_win_set_opti" } }
}
{ 35, ":", "", 0, 1, 0,
  event = "cmdline_show",
  kind = { { 0, "h                nvim_win_set_optio" } }
}
{ 36, ":", "", 0, 1, 0,
  event = "cmdline_show",
  kind = { { 0, "h                nvim_win_set_option" } }
}
{ 37, ":", "", 0, 1, 0,
  event = "cmdline_show",
  kind = { { 0, "h                nvim_win_set_options" } }
}
{ false,
  event = "cmdline_hide",
  kind = 1
}
{
  event = "msg_showcmd",
  kind = {}
}
{ { { 379, "E149: Sorry, no help for nvim_win_set_options", 6 } }, false, true,
  event = "msg_show",
  kind = "emsg"
}
{
  event = "msg_showcmd",
  kind = { { 0, ":", 0 } }
}
{
  event = "msg_clear"
}
{ 0, ":", "", 0, 1, 0,
  event = "cmdline_show",
  kind = { { 0, "" } }
}
{ 37, ":", "", 0, 1, 0,
  event = "cmdline_show",
  kind = { { 0, "h                nvim_win_set_options" } }
}
{ 36, ":", "", 0, 1, 0,
  event = "cmdline_show",
  kind = { { 0, "h                nvim_win_set_option" } }
}
{ false,
  event = "cmdline_hide",
  kind = 1
}
{
  event = "msg_showcmd",
  kind = {}
}
{
  event = "msg_showcmd",
  kind = { { 0, "~@k", 0 } }
}
{
  event = "msg_showcmd",
  kind = {}
}
{
  event = "msg_showcmd",
  kind = { { 0, "~@k", 0 } }
}
{
  event = "msg_showcmd",
  kind = {}
}
{
  event = "msg_showcmd",
  kind = { { 0, "~@k", 0 } }
}
{
  event = "msg_showcmd",
  kind = {}
}
{
  event = "msg_showcmd",
  kind = { { 0, "~@k", 0 } }
}
{
  event = "msg_showcmd",
  kind = {}
}
{
  event = "msg_showcmd",
  kind = { { 0, "~@k", 0 } }
}
{
  event = "msg_showcmd",
  kind = {}
}
{
  event = "msg_showcmd",
  kind = { { 0, "~@k", 0 } }
}
{
  event = "msg_showcmd",
  kind = {}
}
{
  event = "msg_showcmd",
  kind = { { 0, "~@k", 0 } }
}
{
  event = "msg_showcmd",
  kind = {}
}
{
  event = "msg_showcmd",
  kind = { { 0, "~@k", 0 } }
}
{
  event = "msg_showcmd",
  kind = {}
}
{
  event = "msg_showcmd",
  kind = { { 0, "~@k", 0 } }
}
{
  event = "msg_showcmd",
  kind = {}
}
{
  event = "msg_showcmd",
  kind = { { 0, "~@k", 0 } }
}
{
  event = "msg_showcmd",
  kind = {}
}
{
  event = "msg_showcmd",
  kind = { { 0, "~@k", 0 } }
}
{
  event = "msg_showcmd",
  kind = {}
}
{
  event = "msg_showcmd",
  kind = { { 0, "~@k", 0 } }
}
{
  event = "msg_showcmd",
  kind = {}
}
{
  event = "msg_showcmd",
  kind = { { 0, "~@k", 0 } }
}
{
  event = "msg_showcmd",
  kind = {}
}
{
  event = "msg_showcmd",
  kind = { { 0, "~@k", 0 } }
}
{
  event = "msg_showcmd",
  kind = {}
}
{
  event = "msg_showcmd",
  kind = { { 0, "~@k", 0 } }
}
{
  event = "msg_showcmd",
  kind = {}
}
{
  event = "msg_showcmd",
  kind = { { 0, "~@k", 0 } }
}
{
  event = "msg_showcmd",
  kind = {}
}
{
  event = "msg_showcmd",
  kind = { { 0, "~@k", 0 } }
}
{
  event = "msg_showcmd",
  kind = {}
}
{
  event = "msg_showcmd",
  kind = { { 0, "~@k", 0 } }
}
{
  event = "msg_showcmd",
  kind = {}
}
{
  event = "msg_showcmd",
  kind = { { 0, "~@k", 0 } }
}
{
  event = "msg_showcmd",
  kind = {}
}
{
  event = "msg_showcmd",
  kind = { { 0, "~@k", 0 } }
}
{
  event = "msg_showcmd",
  kind = {}
}
{
  event = "msg_showcmd",
  kind = { { 0, "~@k", 0 } }
}
{
  event = "msg_showcmd",
  kind = {}
}
{
  event = "msg_showcmd",
  kind = { { 0, "~@k", 0 } }
}
{
  event = "msg_showcmd",
  kind = {}
}
{
  event = "msg_showcmd",
  kind = { { 0, "~@k", 0 } }
}
{
  event = "msg_showcmd",
  kind = {}
}
{
  event = "msg_showcmd",
  kind = { { 0, "~@k", 0 } }
}
{
  event = "msg_showcmd",
  kind = {}
}
{
  event = "msg_showcmd",
  kind = { { 0, "~@k", 0 } }
}
{
  event = "msg_showcmd",
  kind = {}
}
{
  event = "msg_showcmd",
  kind = { { 0, "~@k", 0 } }
}
{
  event = "msg_showcmd",
  kind = {}
}
{
  event = "msg_showcmd",
  kind = { { 0, "~@k", 0 } }
}
{
  event = "msg_showcmd",
  kind = {}
}
{
  event = "msg_showcmd",
  kind = { { 0, "~@k", 0 } }
}
{
  event = "msg_showcmd",
  kind = {}
}
{
  event = "msg_showcmd",
  kind = { { 0, "~@k", 0 } }
}
{
  event = "msg_showcmd",
  kind = {}
}
{
  event = "msg_showcmd",
  kind = { { 0, "~@k", 0 } }
}
{
  event = "msg_showcmd",
  kind = {}
}
{
  event = "msg_showcmd",
  kind = { { 0, "~@k", 0 } }
}
{
  event = "msg_showcmd",
  kind = {}
}
{
  event = "msg_showcmd",
  kind = { { 0, "~@k", 0 } }
}
{
  event = "msg_showcmd",
  kind = {}
}
{
  event = "msg_showcmd",
  kind = { { 0, "~@k", 0 } }
}
{
  event = "msg_showcmd",
  kind = {}
}
{
  event = "msg_showcmd",
  kind = { { 0, "~@k", 0 } }
}
{
  event = "msg_showcmd",
  kind = {}
}
{
  event = "msg_showcmd",
  kind = { { 0, "~@k", 0 } }
}
{
  event = "msg_showcmd",
  kind = {}
}
{
  event = "msg_showcmd",
  kind = { { 0, "~@k", 0 } }
}
{
  event = "msg_showcmd",
  kind = {}
}
{
  event = "msg_showcmd",
  kind = { { 0, "~@k", 0 } }
}
{
  event = "msg_showcmd",
  kind = {}
}
{
  event = "msg_showcmd",
  kind = { { 0, ":", 0 } }
}
{ 0, ":", "", 0, 1, 0,
  event = "cmdline_show",
  kind = { { 0, "" } }
}
{ 1, ":", "", 0, 1, 0,
  event = "cmdline_show",
  kind = { { 0, "q" } }
}
{ false,
  event = "cmdline_hide",
  kind = 1
}
{
  event = "msg_showcmd",
  kind = {}
}
{
  event = "msg_showcmd",
  kind = { { 0, ":", 0 } }
}
{ 0, ":", "", 0, 1, 0,
  event = "cmdline_show",
  kind = { { 0, "" } }
}
{ 1, ":", "", 0, 1, 0,
  event = "cmdline_show",
  kind = { { 0, "q" } }
}
{ false,
  event = "cmdline_hide",
  kind = 1
}
{
  event = "msg_showcmd",
  kind = {}
}
{
  event = "msg_showcmd",
  kind = { { 0, "u", 0 } }
}
{ { { 0, "1 change; before #40  05:47:41", 0 } }, false, true,
  event = "msg_show",
  kind = "undo"
}
{
  event = "msg_showcmd",
  kind = {}
}
{
  event = "msg_showcmd",
  kind = { { 0, "u", 0 } }
}
{ { { 0, "1 change; before #39  05:47:40", 0 } }, true, true,
  event = "msg_show",
  kind = "undo"
}
{
  event = "msg_showcmd",
  kind = {}
}
{
  event = "msg_showcmd",
  kind = { { 0, "u", 0 } }
}
{ { { 0, "3 changes; before #38  05:47:25", 0 } }, true, true,
  event = "msg_show",
  kind = "undo"
}
{
  event = "msg_showcmd",
  kind = {}
}
{
  event = "msg_showcmd",
  kind = { { 0, "u", 0 } }
}
{ { { 0, "1 change; before #37  05:47:24", 0 } }, true, true,
  event = "msg_show",
  kind = "undo"
}
{
  event = "msg_showcmd",
  kind = {}
}
{
  event = "msg_showcmd",
  kind = { { 0, "u", 0 } }
}
{ { { 0, "1 change; before #36  05:47:19", 0 } }, true, true,
  event = "msg_show",
  kind = "undo"
}
{
  event = "msg_showcmd",
  kind = {}
}
{
  event = "msg_showcmd",
  kind = { { 0, "u", 0 } }
}
{ { { 0, "1 change; before #35  05:47:02", 0 } }, true, true,
  event = "msg_show",
  kind = "undo"
}
{
  event = "msg_showcmd",
  kind = {}
}
{
  event = "msg_showcmd",
  kind = { { 0, "u", 0 } }
}
{ { { 0, "1 change; before #34  05:47:00", 0 } }, true, true,
  event = "msg_show",
  kind = "undo"
}
{
  event = "msg_showcmd",
  kind = {}
}
{
  event = "msg_showcmd",
  kind = { { 0, "u", 0 } }
}
{ { { 0, "1 change; before #33  05:46:44", 0 } }, true, true,
  event = "msg_show",
  kind = "undo"
}
{
  event = "msg_showcmd",
  kind = {}
}
{
  event = "msg_showcmd",
  kind = { { 0, "u", 0 } }
}
{ { { 0, "1 change; before #32  05:46:43", 0 } }, true, true,
  event = "msg_show",
  kind = "undo"
}
{
  event = "msg_showcmd",
  kind = {}
}
{
  event = "msg_showcmd",
  kind = { { 0, "u", 0 } }
}
{ { { 0, "1 change; before #31  05:46:36", 0 } }, true, true,
  event = "msg_show",
  kind = "undo"
}
{
  event = "msg_showcmd",
  kind = {}
}
{
  event = "msg_showcmd",
  kind = { { 0, "u", 0 } }
}
{ { { 0, "3 changes; before #29  02:04:51", 0 } }, true, true,
  event = "msg_show",
  kind = "undo"
}
{
  event = "msg_showcmd",
  kind = {}
}
{
  event = "msg_showcmd",
  kind = { { 0, "^R", 0 } }
}
{ { { 0, "3 changes; after #29  02:04:51", 0 } }, true, true,
  event = "msg_show",
  kind = "undo"
}
{
  event = "msg_showcmd",
  kind = {}
}
{
  event = "msg_showcmd",
  kind = { { 0, "^R", 0 } }
}
{ { { 0, "1 change; after #31  05:46:36", 0 } }, true, true,
  event = "msg_show",
  kind = "undo"
}
{
  event = "msg_showcmd",
  kind = {}
}
{
  event = "msg_showcmd",
  kind = { { 0, "u", 0 } }
}
{ { { 0, "1 change; before #31  05:46:36", 0 } }, true, true,
  event = "msg_show",
  kind = "undo"
}
{
  event = "msg_showcmd",
  kind = {}
}
{
  event = "msg_showcmd",
  kind = { { 0, "w", 0 } }
}
{
  event = "msg_showcmd",
  kind = {}
}
{
  event = "msg_showcmd",
  kind = { { 0, "w", 0 } }
}
{
  event = "msg_showcmd",
  kind = {}
}
{
  event = "msg_showcmd",
  kind = { { 0, "w", 0 } }
}
{
  event = "msg_showcmd",
  kind = {}
}
{
  event = "msg_showcmd",
  kind = { { 0, "i", 0 } }
}
{
  event = "msg_showcmd",
  kind = {}
}
{
  event = "msg_showcmd",
  kind = { { 0, ":", 0 } }
}
{
  event = "msg_clear"
}
{ 0, ":", "", 0, 1, 0,
  event = "cmdline_show",
  kind = { { 0, "" } }
}
{ 1, ":", "", 0, 1, 0,
  event = "cmdline_show",
  kind = { { 0, "q" } }
}
{ 36, ":", "", 0, 1, 0,
  event = "cmdline_show",
  kind = { { 0, "h                nvim_win_set_option" } }
}
{ false,
  event = "cmdline_hide",
  kind = 1
}
{
  event = "msg_showcmd",
  kind = {}
}
{
  event = "msg_showcmd",
  kind = { { 0, "~@k", 0 } }
}
{
  event = "msg_showcmd",
  kind = {}
}
{
  event = "msg_showcmd",
  kind = { { 0, "~@k", 0 } }
}
{
  event = "msg_showcmd",
  kind = {}
}
{
  event = "msg_showcmd",
  kind = { { 0, "~@k", 0 } }
}
{
  event = "msg_showcmd",
  kind = {}
}
{
  event = "msg_showcmd",
  kind = { { 0, "~@k", 0 } }
}
{
  event = "msg_showcmd",
  kind = {}
}
{
  event = "msg_showcmd",
  kind = { { 0, "~@k", 0 } }
}
{
  event = "msg_showcmd",
  kind = {}
}
{
  event = "msg_showcmd",
  kind = { { 0, "~@k", 0 } }
}
{
  event = "msg_showcmd",
  kind = {}
}
{
  event = "msg_showcmd",
  kind = { { 0, "~@k", 0 } }
}
{
  event = "msg_showcmd",
  kind = {}
}
{
  event = "msg_showcmd",
  kind = { { 0, "~@k", 0 } }
}
{
  event = "msg_showcmd",
  kind = {}
}
{
  event = "msg_showcmd",
  kind = { { 0, "~@k", 0 } }
}
{
  event = "msg_showcmd",
  kind = {}
}
{
  event = "msg_showcmd",
  kind = { { 0, "~@k", 0 } }
}
{
  event = "msg_showcmd",
  kind = {}
}
{
  event = "msg_showcmd",
  kind = { { 0, "~@k", 0 } }
}
{
  event = "msg_showcmd",
  kind = {}
}
{
  event = "msg_showcmd",
  kind = { { 0, "~@k", 0 } }
}
{
  event = "msg_showcmd",
  kind = {}
}
{
  event = "msg_showcmd",
  kind = { { 0, "~@k", 0 } }
}
{
  event = "msg_showcmd",
  kind = {}
}
{
  event = "msg_showcmd",
  kind = { { 0, "~@k", 0 } }
}
{
  event = "msg_showcmd",
  kind = {}
}
{
  event = "msg_showcmd",
  kind = { { 0, "~@k", 0 } }
}
{
  event = "msg_showcmd",
  kind = {}
}
{
  event = "msg_showcmd",
  kind = { { 0, "~@k", 0 } }
}
{
  event = "msg_showcmd",
  kind = {}
}
{
  event = "msg_showcmd",
  kind = { { 0, "~@k", 0 } }
}
{
  event = "msg_showcmd",
  kind = {}
}
{
  event = "msg_showcmd",
  kind = { { 0, "~@k", 0 } }
}
{
  event = "msg_showcmd",
  kind = {}
}
{
  event = "msg_showcmd",
  kind = { { 0, "~@k", 0 } }
}
{
  event = "msg_showcmd",
  kind = {}
}
{
  event = "msg_showcmd",
  kind = { { 0, "~@k", 0 } }
}
{
  event = "msg_showcmd",
  kind = {}
}
{
  event = "msg_showcmd",
  kind = { { 0, "~@k", 0 } }
}
{
  event = "msg_showcmd",
  kind = {}
}
{
  event = "msg_showcmd",
  kind = { { 0, "~@k", 0 } }
}
{
  event = "msg_showcmd",
  kind = {}
}
{
  event = "msg_showcmd",
  kind = { { 0, ":", 0 } }
}
{ 0, ":", "", 0, 1, 0,
  event = "cmdline_show",
  kind = { { 0, "" } }
}
{ 1, ":", "", 0, 1, 0,
  event = "cmdline_show",
  kind = { { 0, "q" } }
}
{ false,
  event = "cmdline_hide",
  kind = 1
}
{
  event = "msg_showcmd",
  kind = {}
}
{
  event = "msg_showcmd",
  kind = { { 0, ":", 0 } }
}
{ 0, ":", "", 0, 1, 0,
  event = "cmdline_show",
  kind = { { 0, "" } }
}
{ 1, ":", "", 0, 1, 0,
  event = "cmdline_show",
  kind = { { 0, "q" } }
}
{ 36, ":", "", 0, 1, 0,
  event = "cmdline_show",
  kind = { { 0, "h                nvim_win_set_option" } }
}
{ 35, ":", "", 0, 1, 0,
  event = "cmdline_show",
  kind = { { 0, "h                nvim_win_set_optio" } }
}
{ 34, ":", "", 0, 1, 0,
  event = "cmdline_show",
  kind = { { 0, "h                nvim_win_set_opti" } }
}
{ 33, ":", "", 0, 1, 0,
  event = "cmdline_show",
  kind = { { 0, "h                nvim_win_set_opt" } }
}
{ 32, ":", "", 0, 1, 0,
  event = "cmdline_show",
  kind = { { 0, "h                nvim_win_set_op" } }
}
{ 31, ":", "", 0, 1, 0,
  event = "cmdline_show",
  kind = { { 0, "h                nvim_win_set_o" } }
}
{ 30, ":", "", 0, 1, 0,
  event = "cmdline_show",
  kind = { { 0, "h                nvim_win_set_" } }
}
{ 31, ":", "", 0, 1, 0,
  event = "cmdline_show",
  kind = { { 0, "h                nvim_win_set_c" } }
}
{ 32, ":", "", 0, 1, 0,
  event = "cmdline_show",
  kind = { { 0, "h                nvim_win_set_co" } }
}
{ 33, ":", "", 0, 1, 0,
  event = "cmdline_show",
  kind = { { 0, "h                nvim_win_set_con" } }
}
{ 34, ":", "", 0, 1, 0,
  event = "cmdline_show",
  kind = { { 0, "h                nvim_win_set_conf" } }
}
{ 35, ":", "", 0, 1, 0,
  event = "cmdline_show",
  kind = { { 0, "h                nvim_win_set_confi" } }
}
{ 36, ":", "", 0, 1, 0,
  event = "cmdline_show",
  kind = { { 0, "h                nvim_win_set_confio" } }
}
{ 37, ":", "", 0, 1, 0,
  event = "cmdline_show",
  kind = { { 0, "h                nvim_win_set_confiog" } }
}
{ 36, ":", "", 0, 1, 0,
  event = "cmdline_show",
  kind = { { 0, "h                nvim_win_set_confio" } }
}
{ 35, ":", "", 0, 1, 0,
  event = "cmdline_show",
  kind = { { 0, "h                nvim_win_set_confi" } }
}
{ 36, ":", "", 0, 1, 0,
  event = "cmdline_show",
  kind = { { 0, "h                nvim_win_set_config" } }
}
{ false,
  event = "cmdline_hide",
  kind = 1
}
{
  event = "msg_showcmd",
  kind = {}
}
{
  event = "msg_showcmd",
  kind = { { 0, "~@k", 0 } }
}
{
  event = "msg_showcmd",
  kind = {}
}
{
  event = "msg_showcmd",
  kind = { { 0, "~@k", 0 } }
}
{
  event = "msg_showcmd",
  kind = {}
}
{
  event = "msg_showcmd",
  kind = { { 0, "~@k", 0 } }
}
{
  event = "msg_showcmd",
  kind = {}
}
{
  event = "msg_showcmd",
  kind = { { 0, "~@k", 0 } }
}
{
  event = "msg_showcmd",
  kind = {}
}
{
  event = "msg_showcmd",
  kind = { { 0, "~@k", 0 } }
}
{
  event = "msg_showcmd",
  kind = {}
}
{
  event = "msg_showcmd",
  kind = { { 0, "~@k", 0 } }
}
{
  event = "msg_showcmd",
  kind = {}
}
{
  event = "msg_showcmd",
  kind = { { 0, "~@k", 0 } }
}
{
  event = "msg_showcmd",
  kind = {}
}
{
  event = "msg_showcmd",
  kind = { { 0, "~@k", 0 } }
}
{
  event = "msg_showcmd",
  kind = {}
}
{
  event = "msg_showcmd",
  kind = { { 0, "~@k", 0 } }
}
{
  event = "msg_showcmd",
  kind = {}
}
{
  event = "msg_showcmd",
  kind = { { 0, "~@k", 0 } }
}
{
  event = "msg_showcmd",
  kind = {}
}
{
  event = "msg_showcmd",
  kind = { { 0, "~@k", 0 } }
}
{
  event = "msg_showcmd",
  kind = {}
}
{
  event = "msg_showcmd",
  kind = { { 0, "~@k", 0 } }
}
{
  event = "msg_showcmd",
  kind = {}
}
{
  event = "msg_showcmd",
  kind = { { 0, "~@k", 0 } }
}
{
  event = "msg_showcmd",
  kind = {}
}
{
  event = "msg_showcmd",
  kind = { { 0, "~@k", 0 } }
}
{
  event = "msg_showcmd",
  kind = {}
}
{
  event = "msg_showcmd",
  kind = { { 0, "~@k", 0 } }
}
{
  event = "msg_showcmd",
  kind = {}
}
{
  event = "msg_showcmd",
  kind = { { 0, "~@k", 0 } }
}
{
  event = "msg_showcmd",
  kind = {}
}
{
  event = "msg_showcmd",
  kind = { { 0, "~@k", 0 } }
}
{
  event = "msg_showcmd",
  kind = {}
}
{
  event = "msg_showcmd",
  kind = { { 0, "~@k", 0 } }
}
{
  event = "msg_showcmd",
  kind = {}
}
{
  event = "msg_showcmd",
  kind = { { 0, "~@k", 0 } }
}
{
  event = "msg_showcmd",
  kind = {}
}
{
  event = "msg_showcmd",
  kind = { { 0, "~@k", 0 } }
}
{
  event = "msg_showcmd",
  kind = {}
}
{
  event = "msg_showcmd",
  kind = { { 0, "~@k", 0 } }
}
{
  event = "msg_showcmd",
  kind = {}
}
{
  event = "msg_showcmd",
  kind = { { 0, "~@k", 0 } }
}
{
  event = "msg_showcmd",
  kind = {}
}
{
  event = "msg_showcmd",
  kind = { { 0, "~@k", 0 } }
}
{
  event = "msg_showcmd",
  kind = {}
}
{
  event = "msg_showcmd",
  kind = { { 0, "~@k", 0 } }
}
{
  event = "msg_showcmd",
  kind = {}
}
{
  event = "msg_showcmd",
  kind = { { 0, "~@k", 0 } }
}
{
  event = "msg_showcmd",
  kind = {}
}
{
  event = "msg_showcmd",
  kind = { { 0, "~@k", 0 } }
}
{
  event = "msg_showcmd",
  kind = {}
}
{
  event = "msg_showcmd",
  kind = { { 0, "#", 0 } }
}
{ { { 0, "?\\<nvim_open_win()\\>             ", 0 } }, false, false,
  event = "msg_show",
  kind = "search_cmd"
}
{ { { 0, "?\\<nvim_open_win()\\>        [6/8]", 0 } }, true, false,
  event = "msg_show",
  kind = "search_count"
}
{
  event = "msg_showcmd",
  kind = {}
}
{
  event = "msg_showcmd",
  kind = { { 0, ":", 0 } }
}
{
  event = "msg_clear"
}
{ 0, ":", "", 0, 1, 0,
  event = "cmdline_show",
  kind = { { 0, "" } }
}
{ 36, ":", "", 0, 1, 0,
  event = "cmdline_show",
  kind = { { 0, "h                nvim_win_set_config" } }
}
{ 35, ":", "", 0, 1, 0,
  event = "cmdline_show",
  kind = { { 0, "h                nvim_win_set_confi" } }
}
{ 34, ":", "", 0, 1, 0,
  event = "cmdline_show",
  kind = { { 0, "h                nvim_win_set_conf" } }
}
{ 33, ":", "", 0, 1, 0,
  event = "cmdline_show",
  kind = { { 0, "h                nvim_win_set_con" } }
}
{ 32, ":", "", 0, 1, 0,
  event = "cmdline_show",
  kind = { { 0, "h                nvim_win_set_co" } }
}
{ 31, ":", "", 0, 1, 0,
  event = "cmdline_show",
  kind = { { 0, "h                nvim_win_set_c" } }
}
{ 30, ":", "", 0, 1, 0,
  event = "cmdline_show",
  kind = { { 0, "h                nvim_win_set_" } }
}
{ 29, ":", "", 0, 1, 0,
  event = "cmdline_show",
  kind = { { 0, "h                nvim_win_set" } }
}
{ 28, ":", "", 0, 1, 0,
  event = "cmdline_show",
  kind = { { 0, "h                nvim_win_se" } }
}
{ 27, ":", "", 0, 1, 0,
  event = "cmdline_show",
  kind = { { 0, "h                nvim_win_s" } }
}
{ 26, ":", "", 0, 1, 0,
  event = "cmdline_show",
  kind = { { 0, "h                nvim_win_" } }
}
{ 25, ":", "", 0, 1, 0,
  event = "cmdline_show",
  kind = { { 0, "h                nvim_win" } }
}
{ 24, ":", "", 0, 1, 0,
  event = "cmdline_show",
  kind = { { 0, "h                nvim_wi" } }
}
{ 23, ":", "", 0, 1, 0,
  event = "cmdline_show",
  kind = { { 0, "h                nvim_w" } }
}
{ 22, ":", "", 0, 1, 0,
  event = "cmdline_show",
  kind = { { 0, "h                nvim_" } }
}
{ 23, ":", "", 0, 1, 0,
  event = "cmdline_show",
  kind = { { 0, "h                nvim_o" } }
}
{ 24, ":", "", 0, 1, 0,
  event = "cmdline_show",
  kind = { { 0, "h                nvim_op" } }
}
{ 25, ":", "", 0, 1, 0,
  event = "cmdline_show",
  kind = { { 0, "h                nvim_ope" } }
}
{ 26, ":", "", 0, 1, 0,
  event = "cmdline_show",
  kind = { { 0, "h                nvim_open" } }
}
{ 27, ":", "", 0, 1, 0,
  event = "cmdline_show",
  kind = { { 0, "h                nvim_open_" } }
}
{ 28, ":", "", 0, 1, 0,
  event = "cmdline_show",
  kind = { { 0, "h                nvim_open_w" } }
}
{ 29, ":", "", 0, 1, 0,
  event = "cmdline_show",
  kind = { { 0, "h                nvim_open_wi" } }
}
{ 30, ":", "", 0, 1, 0,
  event = "cmdline_show",
  kind = { { 0, "h                nvim_open_win" } }
}
{ false,
  event = "cmdline_hide",
  kind = 1
}
{
  event = "msg_showcmd",
  kind = {}
}
{
  event = "msg_showcmd",
  kind = { { 0, "~@k", 0 } }
}
{
  event = "msg_showcmd",
  kind = {}
}
{
  event = "msg_showcmd",
  kind = { { 0, "~@k", 0 } }
}
{
  event = "msg_showcmd",
  kind = {}
}
{
  event = "msg_showcmd",
  kind = { { 0, "~@k", 0 } }
}
{
  event = "msg_showcmd",
  kind = {}
}
{
  event = "msg_showcmd",
  kind = { { 0, "~@k", 0 } }
}
{
  event = "msg_showcmd",
  kind = {}
}
{
  event = "msg_showcmd",
  kind = { { 0, "~@k", 0 } }
}
{
  event = "msg_showcmd",
  kind = {}
}
{
  event = "msg_showcmd",
  kind = { { 0, "~@k", 0 } }
}
{
  event = "msg_showcmd",
  kind = {}
}
{
  event = "msg_showcmd",
  kind = { { 0, "~@k", 0 } }
}
{
  event = "msg_showcmd",
  kind = {}
}
{
  event = "msg_showcmd",
  kind = { { 0, "~@k", 0 } }
}
{
  event = "msg_showcmd",
  kind = {}
}
{
  event = "msg_showcmd",
  kind = { { 0, "~@k", 0 } }
}
{
  event = "msg_showcmd",
  kind = {}
}
{
  event = "msg_showcmd",
  kind = { { 0, "~@k", 0 } }
}
{
  event = "msg_showcmd",
  kind = {}
}
{
  event = "msg_showcmd",
  kind = { { 0, "~@k", 0 } }
}
{
  event = "msg_showcmd",
  kind = {}
}
{
  event = "msg_showcmd",
  kind = { { 0, "~@k", 0 } }
}
{
  event = "msg_showcmd",
  kind = {}
}
{
  event = "msg_showcmd",
  kind = { { 0, "~@k", 0 } }
}
{
  event = "msg_showcmd",
  kind = {}
}
{
  event = "msg_showcmd",
  kind = { { 0, "~@k", 0 } }
}
{
  event = "msg_showcmd",
  kind = {}
}
{
  event = "msg_showcmd",
  kind = { { 0, "~@k", 0 } }
}
{
  event = "msg_showcmd",
  kind = {}
}
{
  event = "msg_showcmd",
  kind = { { 0, "~@k", 0 } }
}
{
  event = "msg_showcmd",
  kind = {}
}
{
  event = "msg_showcmd",
  kind = { { 0, "~@k", 0 } }
}
{
  event = "msg_showcmd",
  kind = {}
}
{
  event = "msg_showcmd",
  kind = { { 0, "~@k", 0 } }
}
{
  event = "msg_showcmd",
  kind = {}
}
{
  event = "msg_showcmd",
  kind = { { 0, "~@k", 0 } }
}
{
  event = "msg_showcmd",
  kind = {}
}
{
  event = "msg_showcmd",
  kind = { { 0, "~@k", 0 } }
}
{
  event = "msg_showcmd",
  kind = {}
}
{
  event = "msg_showcmd",
  kind = { { 0, "~@k", 0 } }
}
{
  event = "msg_showcmd",
  kind = {}
}
{
  event = "msg_showcmd",
  kind = { { 0, "~@k", 0 } }
}
{
  event = "msg_showcmd",
  kind = {}
}
{
  event = "msg_showcmd",
  kind = { { 0, "~@k", 0 } }
}
{
  event = "msg_showcmd",
  kind = {}
}
{
  event = "msg_showcmd",
  kind = { { 0, "~@k", 0 } }
}
{
  event = "msg_showcmd",
  kind = {}
}
{
  event = "msg_showcmd",
  kind = { { 0, "~@k", 0 } }
}
{
  event = "msg_showcmd",
  kind = {}
}
{
  event = "msg_showcmd",
  kind = { { 0, "~@k", 0 } }
}
{
  event = "msg_showcmd",
  kind = {}
}
{
  event = "msg_showcmd",
  kind = { { 0, "^D", 0 } }
}
{
  event = "msg_showcmd",
  kind = {}
}
{
  event = "msg_showcmd",
  kind = { { 0, "^D", 0 } }
}
{
  event = "msg_showcmd",
  kind = {}
}
{
  event = "msg_showcmd",
  kind = { { 0, "^D", 0 } }
}
{
  event = "msg_showcmd",
  kind = {}
}
{
  event = "msg_showcmd",
  kind = { { 0, "~@k", 0 } }
}
{
  event = "msg_showcmd",
  kind = {}
}
{
  event = "msg_showcmd",
  kind = { { 0, "~@k", 0 } }
}
{
  event = "msg_showcmd",
  kind = {}
}
{
  event = "msg_showcmd",
  kind = { { 0, "~@k", 0 } }
}
{
  event = "msg_showcmd",
  kind = {}
}
{
  event = "msg_showcmd",
  kind = { { 0, "~@k", 0 } }
}
{
  event = "msg_showcmd",
  kind = {}
}
{
  event = "msg_showcmd",
  kind = { { 0, "~@k", 0 } }
}
{
  event = "msg_showcmd",
  kind = {}
}
{
  event = "msg_showcmd",
  kind = { { 0, "~@k", 0 } }
}
{
  event = "msg_showcmd",
  kind = {}
}
{
  event = "msg_showcmd",
  kind = { { 0, "~@k", 0 } }
}
{
  event = "msg_showcmd",
  kind = {}
}
{
  event = "msg_showcmd",
  kind = { { 0, "~@k", 0 } }
}
{
  event = "msg_showcmd",
  kind = {}
}
{
  event = "msg_showcmd",
  kind = { { 0, "~@k", 0 } }
}
{
  event = "msg_showcmd",
  kind = {}
}
{
  event = "msg_showcmd",
  kind = { { 0, "~@k", 0 } }
}
{
  event = "msg_showcmd",
  kind = {}
}
{
  event = "msg_showcmd",
  kind = { { 0, "~@k", 0 } }
}
{
  event = "msg_showcmd",
  kind = {}
}
{
  event = "msg_showcmd",
  kind = { { 0, "~@k", 0 } }
}
{
  event = "msg_showcmd",
  kind = {}
}
{
  event = "msg_showcmd",
  kind = { { 0, "~@k", 0 } }
}
{
  event = "msg_showcmd",
  kind = {}
}
{
  event = "msg_showcmd",
  kind = { { 0, "~@k", 0 } }
}
{
  event = "msg_showcmd",
  kind = {}
}
{
  event = "msg_showcmd",
  kind = { { 0, "~@k", 0 } }
}
{
  event = "msg_showcmd",
  kind = {}
}
{
  event = "msg_showcmd",
  kind = { { 0, "~@k", 0 } }
}
{
  event = "msg_showcmd",
  kind = {}
}
{
  event = "msg_showcmd",
  kind = { { 0, "~@k", 0 } }
}
{
  event = "msg_showcmd",
  kind = {}
}
{
  event = "msg_showcmd",
  kind = { { 0, "~@k", 0 } }
}
{
  event = "msg_showcmd",
  kind = {}
}
{
  event = "msg_showcmd",
  kind = { { 0, "~@k", 0 } }
}
{
  event = "msg_showcmd",
  kind = {}
}
{
  event = "msg_showcmd",
  kind = { { 0, "~@k", 0 } }
}
{
  event = "msg_showcmd",
  kind = {}
}
{
  event = "msg_showcmd",
  kind = { { 0, "~@k", 0 } }
}
{
  event = "msg_showcmd",
  kind = {}
}
{
  event = "msg_showcmd",
  kind = { { 0, "~@k", 0 } }
}
{
  event = "msg_showcmd",
  kind = {}
}
{
  event = "msg_showcmd",
  kind = { { 0, "~@k", 0 } }
}
{
  event = "msg_showcmd",
  kind = {}
}
{
  event = "msg_showcmd",
  kind = { { 0, "~@k", 0 } }
}
{
  event = "msg_showcmd",
  kind = {}
}
{
  event = "msg_showcmd",
  kind = { { 0, "~@k", 0 } }
}
{
  event = "msg_showcmd",
  kind = {}
}
{
  event = "msg_showcmd",
  kind = { { 0, "~@k", 0 } }
}
{
  event = "msg_showcmd",
  kind = {}
}
{
  event = "msg_showcmd",
  kind = { { 0, "~@k", 0 } }
}
{
  event = "msg_showcmd",
  kind = {}
}
{
  event = "msg_showcmd",
  kind = { { 0, "~@k", 0 } }
}
{
  event = "msg_showcmd",
  kind = {}
}
{
  event = "msg_showcmd",
  kind = { { 0, "~@k", 0 } }
}
{
  event = "msg_showcmd",
  kind = {}
}
{
  event = "msg_showcmd",
  kind = { { 0, "~@k", 0 } }
}
{
  event = "msg_showcmd",
  kind = {}
}
{
  event = "msg_showcmd",
  kind = { { 0, "~@k", 0 } }
}
{
  event = "msg_showcmd",
  kind = {}
}
{
  event = "msg_showcmd",
  kind = { { 0, "~@k", 0 } }
}
{
  event = "msg_showcmd",
  kind = {}
}
{
  event = "msg_showcmd",
  kind = { { 0, "~@k", 0 } }
}
{
  event = "msg_showcmd",
  kind = {}
}
{
  event = "msg_showcmd",
  kind = { { 0, "~@k", 0 } }
}
{
  event = "msg_showcmd",
  kind = {}
}
{
  event = "msg_showcmd",
  kind = { { 0, "~@k", 0 } }
}
{
  event = "msg_showcmd",
  kind = {}
}
{
  event = "msg_showcmd",
  kind = { { 0, "~@k", 0 } }
}
{
  event = "msg_showcmd",
  kind = {}
}
{
  event = "msg_showcmd",
  kind = { { 0, "~@k", 0 } }
}
{
  event = "msg_showcmd",
  kind = {}
}
{
  event = "msg_showcmd",
  kind = { { 0, ":", 0 } }
}
{ 0, ":", "", 0, 1, 0,
  event = "cmdline_show",
  kind = { { 0, "" } }
}
{ 30, ":", "", 0, 1, 0,
  event = "cmdline_show",
  kind = { { 0, "h                nvim_open_win" } }
}
{ 36, ":", "", 0, 1, 0,
  event = "cmdline_show",
  kind = { { 0, "h                nvim_win_set_config" } }
}
{ false,
  event = "cmdline_hide",
  kind = 1
}
{
  event = "msg_showcmd",
  kind = {}
}
{
  event = "msg_showcmd",
  kind = { { 0, "~@k", 0 } }
}
{
  event = "msg_showcmd",
  kind = {}
}
{
  event = "msg_showcmd",
  kind = { { 0, "~@k", 0 } }
}
{
  event = "msg_showcmd",
  kind = {}
}
{
  event = "msg_showcmd",
  kind = { { 0, ":", 0 } }
}
{ 0, ":", "", 0, 1, 0,
  event = "cmdline_show",
  kind = { { 0, "" } }
}
{ 1, ":", "", 0, 1, 0,
  event = "cmdline_show",
  kind = { { 0, "q" } }
}
{ false,
  event = "cmdline_hide",
  kind = 1
}
{
  event = "msg_showcmd",
  kind = {}
}
{
  event = "msg_showcmd",
  kind = { { 0, "~@k", 0 } }
}
{
  event = "msg_showcmd",
  kind = {}
}
{
  event = "msg_showcmd",
  kind = { { 0, "~@k", 0 } }
}
{
  event = "msg_showcmd",
  kind = {}
}
{
  event = "msg_showcmd",
  kind = { { 0, "~@k", 0 } }
}
{
  event = "msg_showcmd",
  kind = {}
}
{
  event = "msg_showcmd",
  kind = { { 0, "~@k", 0 } }
}
{
  event = "msg_showcmd",
  kind = {}
}
{
  event = "msg_showcmd",
  kind = { { 0, "~@k", 0 } }
}
{
  event = "msg_showcmd",
  kind = {}
}
{
  event = "msg_showcmd",
  kind = { { 0, "~@k", 0 } }
}
{
  event = "msg_showcmd",
  kind = {}
}
{ { { 0, '"lua\\configs\\notify.lua" ', 0 } }, false, false,
  event = "msg_show",
  kind = "bufwrite"
}
{ { { 0, '"lua\\configs\\notify.lua" 28L, 782B written', 0 } }, true, true,
  event = "msg_show",
  kind = "bufwrite"
}
{
  event = "msg_showcmd",
  kind = { { 0, "~@k", 0 } }
}
{
  event = "msg_showcmd",
  kind = {}
}
{
  event = "msg_showcmd",
  kind = { { 0, "~@k", 0 } }
}
{
  event = "msg_showcmd",
  kind = {}
}
{
  event = "msg_showcmd",
  kind = { { 0, "~@k", 0 } }
}
{
  event = "msg_showcmd",
  kind = {}
}
{
  event = "msg_showcmd",
  kind = { { 0, "~@k", 0 } }
}
{
  event = "msg_showcmd",
  kind = {}
}
{
  event = "msg_showcmd",
  kind = { { 0, "~@k", 0 } }
}
{
  event = "msg_showcmd",
  kind = {}
}
{
  event = "msg_showcmd",
  kind = { { 0, "~@k", 0 } }
}
{
  event = "msg_showcmd",
  kind = {}
}
{
  event = "msg_showcmd",
  kind = { { 0, "~@k", 0 } }
}
{
  event = "msg_showcmd",
  kind = {}
}
{
  event = "msg_showcmd",
  kind = { { 0, "a", 0 } }
}
{
  event = "msg_showcmd",
  kind = {}
}
{ { { 0, '"lua\\configs\\notify.lua" ', 0 } }, true, false,
  event = "msg_show",
  kind = "bufwrite"
}
{ { { 0, '"lua\\configs\\notify.lua" 29L, 810B written', 0 } }, true, true,
  event = "msg_show",
  kind = "bufwrite"
}
{
  event = "msg_showcmd",
  kind = { { 0, "~@k", 0 } }
}
{
  event = "msg_showcmd",
  kind = {}
}
{
  event = "msg_showcmd",
  kind = { { 0, "~@k", 0 } }
}
{
  event = "msg_showcmd",
  kind = {}
}
{
  event = "msg_showcmd",
  kind = { { 0, "~@k", 0 } }
}
{
  event = "msg_showcmd",
  kind = {}
}
{
  event = "msg_showcmd",
  kind = { { 0, "~@k", 0 } }
}
{
  event = "msg_showcmd",
  kind = {}
}
{
  event = "msg_showcmd",
  kind = { { 0, "~@k", 0 } }
}
{
  event = "msg_showcmd",
  kind = {}
}
{
  event = "msg_showcmd",
  kind = { { 0, "~@k", 0 } }
}
{
  event = "msg_showcmd",
  kind = {}
}
{
  event = "msg_showcmd",
  kind = { { 0, "~@k", 0 } }
}
{
  event = "msg_showcmd",
  kind = {}
}
{
  event = "msg_showcmd",
  kind = { { 0, "u", 0 } }
}
{ { { 0, "1 line less; before #44  1 second ago", 0 } }, true, true,
  event = "msg_show",
  kind = "undo"
}
{
  event = "msg_showcmd",
  kind = {}
}
{
  event = "msg_showcmd",
  kind = { { 0, "~@k", 0 } }
}
{
  event = "msg_showcmd",
  kind = {}
}
{
  event = "msg_showcmd",
  kind = { { 0, "t", 0 } }
}
{
  event = "msg_showcmd",
  kind = {}
}
{
  event = "msg_showcmd",
  kind = { { 0, "t", 0 } }
}
{
  event = "msg_showcmd",
  kind = { { 0, "tg", 0 } }
}
{
  event = "msg_showcmd",
  kind = {}
}
{
  event = "msg_showcmd",
  kind = { { 0, "t", 0 } }
}
{
  event = "msg_showcmd",
  kind = {}
}
{
  event = "msg_showcmd",
  kind = { { 0, "td", 0 } }
}
{
  event = "msg_showcmd",
  kind = {}
}
{
  event = "msg_showcmd",
  kind = { { 0, "~@k", 0 } }
}
{
  event = "msg_showcmd",
  kind = {}
}
{
  event = "msg_showcmd",
  kind = { { 0, "~@k", 0 } }
}
{
  event = "msg_showcmd",
  kind = {}
}
{
  event = "msg_showcmd",
  kind = { { 0, "~@k", 0 } }
}
{
  event = "msg_showcmd",
  kind = {}
}
{
  event = "msg_showcmd",
  kind = { { 0, "~@k", 0 } }
}
{
  event = "msg_showcmd",
  kind = {}
}
{
  event = "msg_showcmd",
  kind = { { 0, "~@k", 0 } }
}
{
  event = "msg_showcmd",
  kind = {}
}
{
  event = "msg_showcmd",
  kind = { { 0, "~@k", 0 } }
}
{
  event = "msg_showcmd",
  kind = {}
}
{
  event = "msg_showcmd",
  kind = { { 0, "~@k", 0 } }
}
{
  event = "msg_showcmd",
  kind = {}
}
{
  event = "msg_showcmd",
  kind = { { 0, "~@k", 0 } }
}
{
  event = "msg_showcmd",
  kind = {}
}
{
  event = "msg_showcmd",
  kind = { { 0, "~@k", 0 } }
}
{
  event = "msg_showcmd",
  kind = {}
}
{
  event = "msg_showcmd",
  kind = { { 0, "~@k", 0 } }
}
{
  event = "msg_showcmd",
  kind = {}
}
{
  event = "msg_showcmd",
  kind = { { 0, "~@k", 0 } }
}
{
  event = "msg_showcmd",
  kind = {}
}
{
  event = "msg_showcmd",
  kind = { { 0, "~@k", 0 } }
}
{
  event = "msg_showcmd",
  kind = {}
}
{
  event = "msg_showcmd",
  kind = { { 0, "~@k", 0 } }
}
{
  event = "msg_showcmd",
  kind = {}
}
{
  event = "msg_showcmd",
  kind = { { 0, "~@k", 0 } }
}
{
  event = "msg_showcmd",
  kind = {}
}
{
  event = "msg_showcmd",
  kind = { { 0, "a", 0 } }
}
{
  event = "msg_showcmd",
  kind = {}
}
{
  event = "msg_showcmd",
  kind = { { 0, "~@k", 0 } }
}
{
  event = "msg_showcmd",
  kind = {}
}
{
  event = "msg_showcmd",
  kind = { { 0, "dl", 0 } }
}
{
  event = "msg_showcmd",
  kind = {}
}
{
  event = "msg_showcmd",
  kind = { { 0, "~@k", 0 } }
}
{
  event = "msg_showcmd",
  kind = {}
}
{
  event = "msg_showcmd",
  kind = { { 0, "dl", 0 } }
}
{
  event = "msg_showcmd",
  kind = {}
}
{ { { 0, '"lua\\configs\\notify.lua" ', 0 } }, true, false,
  event = "msg_show",
  kind = "bufwrite"
}
{ { { 0, '"lua\\configs\\notify.lua" 29L, 810B written', 0 } }, true, true,
  event = "msg_show",
  kind = "bufwrite"
}
{
  event = "msg_showcmd",
  kind = { { 0, "~@k", 0 } }
}
{
  event = "msg_showcmd",
  kind = {}
}
{
  event = "msg_showcmd",
  kind = { { 0, "~@k", 0 } }
}
{
  event = "msg_showcmd",
  kind = {}
}
{
  event = "msg_showcmd",
  kind = { { 0, "~@k", 0 } }
}
{
  event = "msg_showcmd",
  kind = {}
}
{
  event = "msg_showcmd",
  kind = { { 0, "~@k", 0 } }
}
{
  event = "msg_showcmd",
  kind = {}
}
{
  event = "msg_showcmd",
  kind = { { 0, "~@k", 0 } }
}
{
  event = "msg_showcmd",
  kind = {}
}
{
  event = "msg_showcmd",
  kind = { { 0, "~@k", 0 } }
}
{
  event = "msg_showcmd",
  kind = {}
}
{
  event = "msg_showcmd",
  kind = { { 0, "~@k", 0 } }
}
{
  event = "msg_showcmd",
  kind = {}
}
{
  event = "msg_showcmd",
  kind = { { 0, "~@k", 0 } }
}
{
  event = "msg_showcmd",
  kind = {}
}
{
  event = "msg_showcmd",
  kind = { { 0, "~@k", 0 } }
}
{
  event = "msg_showcmd",
  kind = {}
}
{
  event = "msg_showcmd",
  kind = { { 0, "~@k", 0 } }
}
{
  event = "msg_showcmd",
  kind = {}
}
{
  event = "msg_showcmd",
  kind = { { 0, "a", 0 } }
}
{
  event = "msg_showcmd",
  kind = {}
}
{ { { 0, '"lua\\configs\\notify.lua" ', 0 } }, true, false,
  event = "msg_show",
  kind = "bufwrite"
}
{ { { 0, '"lua\\configs\\notify.lua" 29L, 810B written', 0 } }, true, true,
  event = "msg_show",
  kind = "bufwrite"
}
{ { { 0, '"lua\\configs\\notify.lua" ', 0 } }, true, false,
  event = "msg_show",
  kind = "bufwrite"
}
{ { { 0, '"lua\\configs\\notify.lua" 29L, 810B written', 0 } }, true, true,
  event = "msg_show",
  kind = "bufwrite"
}
{
  event = "msg_showcmd",
  kind = { { 0, "7", 0 } }
}
{
  event = "msg_showcmd",
  kind = { { 0, "7", 0 } }
}
{
  event = "msg_showcmd",
  kind = {}
}
{
  event = "msg_showcmd",
  kind = { { 0, "~@k", 0 } }
}
{
  event = "msg_showcmd",
  kind = {}
}
{
  event = "msg_showcmd",
  kind = { { 0, "~@k", 0 } }
}
{
  event = "msg_showcmd",
  kind = {}
}
{
  event = "msg_showcmd",
  kind = { { 0, "~@k", 0 } }
}
{
  event = "msg_showcmd",
  kind = {}
}
{
  event = "msg_showcmd",
  kind = { { 0, "~@k", 0 } }
}
{
  event = "msg_showcmd",
  kind = {}
}
{
  event = "msg_showcmd",
  kind = { { 0, "~@k", 0 } }
}
{
  event = "msg_showcmd",
  kind = {}
}
{
  event = "msg_showcmd",
  kind = { { 0, "~@k", 0 } }
}
{
  event = "msg_showcmd",
  kind = {}
}
{
  event = "msg_showcmd",
  kind = { { 0, "~@k", 0 } }
}
{
  event = "msg_showcmd",
  kind = {}
}
{
  event = "msg_showcmd",
  kind = { { 0, "~@k", 0 } }
}
{
  event = "msg_showcmd",
  kind = {}
}
{
  event = "msg_showcmd",
  kind = { { 0, "~@k", 0 } }
}
{
  event = "msg_showcmd",
  kind = {}
}
{
  event = "msg_showcmd",
  kind = { { 0, "~@k", 0 } }
}
{
  event = "msg_showcmd",
  kind = {}
}
{
  event = "msg_showcmd",
  kind = { { 0, "~@k", 0 } }
}
{
  event = "msg_showcmd",
  kind = {}
}
{
  event = "msg_showcmd",
  kind = { { 0, "~@k", 0 } }
}
{
  event = "msg_showcmd",
  kind = {}
}
{
  event = "msg_showcmd",
  kind = { { 0, "~@k", 0 } }
}
{
  event = "msg_showcmd",
  kind = {}
}
{
  event = "msg_showcmd",
  kind = { { 0, "~@k", 0 } }
}
{
  event = "msg_showcmd",
  kind = {}
}
{
  event = "msg_showcmd",
  kind = { { 0, "~@k", 0 } }
}
{
  event = "msg_showcmd",
  kind = {}
}
{
  event = "msg_showcmd",
  kind = { { 0, "~@k", 0 } }
}
{
  event = "msg_showcmd",
  kind = {}
}
{
  event = "msg_showcmd",
  kind = { { 0, "~@k", 0 } }
}
{
  event = "msg_showcmd",
  kind = {}
}
{
  event = "msg_showcmd",
  kind = { { 0, "~@k", 0 } }
}
{
  event = "msg_showcmd",
  kind = {}
}
{
  event = "msg_showcmd",
  kind = { { 0, "a", 0 } }
}
{
  event = "msg_showcmd",
  kind = {}
}
{
  event = "msg_showcmd",
  kind = { { 0, "j", 0 } }
}
{
  event = "msg_showcmd",
  kind = {}
}
{
  event = "msg_showcmd",
  kind = { { 0, "d", 0 } }
}
{
  event = "msg_showcmd",
  kind = { { 0, "dd", 0 } }
}
{
  event = "msg_showcmd",
  kind = {}
}
{
  event = "msg_showcmd",
  kind = { { 0, "V", 0 } }
}
{
  event = "msg_showcmd",
  kind = {}
}
{ false,
  event = "cmdline_hide",
  kind = 1
}
{
  event = "msg_clear"
}
{
  event = "msg_showcmd",
  kind = { { 0, "gv", 0 } }
}
{
  event = "msg_showcmd",
  kind = { { 0, "1", 0 } }
}
{
  event = "msg_showcmd",
  kind = { { 0, "1", 0 } }
}
{
  event = "msg_showcmd",
  kind = { { 0, "1", 0 } }
}
{
  event = "msg_showcmd",
  kind = { { 0, "1", 0 } }
}
{
  event = "msg_showcmd",
  kind = { { 0, "1", 0 } }
}
{
  event = "msg_showcmd",
  kind = { { 0, "1", 0 } }
}
{
  event = "msg_showcmd",
  kind = { { 0, "1", 0 } }
}
{
  event = "msg_showcmd",
  kind = { { 0, "1", 0 } }
}
{
  event = "msg_showcmd",
  kind = { { 0, "1", 0 } }
}
{
  event = "msg_showcmd",
  kind = { { 0, "1", 0 } }
}
{
  event = "msg_showcmd",
  kind = { { 0, "1", 0 } }
}
{
  event = "msg_showcmd",
  kind = { { 0, "1", 0 } }
}
{
  event = "msg_showcmd",
  kind = { { 0, "1", 0 } }
}
{
  event = "msg_showcmd",
  kind = { { 0, "1", 0 } }
}
{
  event = "msg_showcmd",
  kind = {}
}
{ false,
  event = "cmdline_hide",
  kind = 1
}
{
  event = "msg_showcmd",
  kind = { { 0, "gv", 0 } }
}
{
  event = "msg_showcmd",
  kind = { { 0, "1", 0 } }
}
{
  event = "msg_showcmd",
  kind = { { 0, "1", 0 } }
}
{
  event = "msg_showcmd",
  kind = { { 0, "1", 0 } }
}
{
  event = "msg_showcmd",
  kind = { { 0, "1", 0 } }
}
{
  event = "msg_showcmd",
  kind = {}
}
{ false,
  event = "cmdline_hide",
  kind = 1
}
{
  event = "msg_showcmd",
  kind = { { 0, "gv", 0 } }
}
{
  event = "msg_showcmd",
  kind = { { 0, "1", 0 } }
}
{
  event = "msg_showcmd",
  kind = { { 0, "1", 0 } }
}
{
  event = "msg_showcmd",
  kind = { { 0, "1", 0 } }
}
{
  event = "msg_showcmd",
  kind = { { 0, "1", 0 } }
}
{
  event = "msg_showcmd",
  kind = {}
}
{ false,
  event = "cmdline_hide",
  kind = 1
}
{
  event = "msg_showcmd",
  kind = { { 0, "gv", 0 } }
}
{
  event = "msg_showcmd",
  kind = { { 0, "1", 0 } }
}
{
  event = "msg_showcmd",
  kind = { { 0, "1", 0 } }
}
{
  event = "msg_showcmd",
  kind = { { 0, "1", 0 } }
}
{
  event = "msg_showcmd",
  kind = { { 0, "1", 0 } }
}
{
  event = "msg_showcmd",
  kind = { { 0, "1", 0 } }
}
{
  event = "msg_showcmd",
  kind = { { 0, "1", 0 } }
}
{
  event = "msg_showcmd",
  kind = { { 0, "1", 0 } }
}
{
  event = "msg_showcmd",
  kind = { { 0, "1", 0 } }
}
{
  event = "msg_showcmd",
  kind = { { 0, "1", 0 } }
}
{
  event = "msg_showcmd",
  kind = {}
}
{ false,
  event = "cmdline_hide",
  kind = 1
}
{
  event = "msg_showcmd",
  kind = { { 0, "gv", 0 } }
}
{
  event = "msg_showcmd",
  kind = { { 0, "1", 0 } }
}
{
  event = "msg_showcmd",
  kind = { { 0, "1", 0 } }
}
{
  event = "msg_showcmd",
  kind = { { 0, "1", 0 } }
}
{
  event = "msg_showcmd",
  kind = { { 0, "1", 0 } }
}
{
  event = "msg_showcmd",
  kind = { { 0, "1", 0 } }
}
{
  event = "msg_showcmd",
  kind = { { 0, "1", 0 } }
}
{
  event = "msg_showcmd",
  kind = { { 0, "1", 0 } }
}
{
  event = "msg_showcmd",
  kind = { { 0, "1", 0 } }
}
{
  event = "msg_showcmd",
  kind = { { 0, "1", 0 } }
}
{
  event = "msg_showcmd",
  kind = {}
}
{ false,
  event = "cmdline_hide",
  kind = 1
}
{
  event = "msg_showcmd",
  kind = { { 0, "gv", 0 } }
}
{
  event = "msg_showcmd",
  kind = { { 0, "1", 0 } }
}
{
  event = "msg_showcmd",
  kind = { { 0, "1", 0 } }
}
{
  event = "msg_showcmd",
  kind = { { 0, "1", 0 } }
}
{
  event = "msg_showcmd",
  kind = { { 0, "1", 0 } }
}
{
  event = "msg_showcmd",
  kind = { { 0, "1", 0 } }
}
{
  event = "msg_showcmd",
  kind = { { 0, "1", 0 } }
}
{
  event = "msg_showcmd",
  kind = { { 0, "1", 0 } }
}
{
  event = "msg_showcmd",
  kind = { { 0, "1", 0 } }
}
{
  event = "msg_showcmd",
  kind = { { 0, "1", 0 } }
}
{
  event = "msg_showcmd",
  kind = { { 0, "1", 0 } }
}
{
  event = "msg_showcmd",
  kind = { { 0, "1", 0 } }
}
{
  event = "msg_showcmd",
  kind = { { 0, "1", 0 } }
}
{
  event = "msg_showcmd",
  kind = { { 0, "1", 0 } }
}
{
  event = "msg_showcmd",
  kind = { { 0, "1", 0 } }
}
{
  event = "msg_showcmd",
  kind = { { 0, "1", 0 } }
}
{
  event = "msg_showcmd",
  kind = {}
}
{ false,
  event = "cmdline_hide",
  kind = 1
}
{
  event = "msg_showcmd",
  kind = { { 0, "gv", 0 } }
}
{
  event = "msg_showcmd",
  kind = { { 0, "1", 0 } }
}
{
  event = "msg_showcmd",
  kind = { { 0, "1", 0 } }
}
{
  event = "msg_showcmd",
  kind = { { 0, "1", 0 } }
}
{
  event = "msg_showcmd",
  kind = { { 0, "1", 0 } }
}
{
  event = "msg_showcmd",
  kind = { { 0, "1", 0 } }
}
{
  event = "msg_showcmd",
  kind = { { 0, "1", 0 } }
}
{
  event = "msg_showcmd",
  kind = { { 0, "1", 0 } }
}
{
  event = "msg_showcmd",
  kind = { { 0, "1", 0 } }
}
{
  event = "msg_showcmd",
  kind = { { 0, "1", 0 } }
}
{
  event = "msg_showcmd",
  kind = { { 0, "1", 0 } }
}
{
  event = "msg_showcmd",
  kind = { { 0, "1", 0 } }
}
{
  event = "msg_showcmd",
  kind = { { 0, "1", 0 } }
}
{
  event = "msg_showcmd",
  kind = { { 0, "1", 0 } }
}
{
  event = "msg_showcmd",
  kind = { { 0, "1", 0 } }
}
{
  event = "msg_showcmd",
  kind = { { 0, "1", 0 } }
}
{
  event = "msg_showcmd",
  kind = { { 0, "1", 0 } }
}
{
  event = "msg_showcmd",
  kind = { { 0, "1", 0 } }
}
{
  event = "msg_showcmd",
  kind = { { 0, "1", 0 } }
}
{
  event = "msg_showcmd",
  kind = { { 0, "1", 0 } }
}
{
  event = "msg_showcmd",
  kind = { { 0, "1", 0 } }
}
{
  event = "msg_showcmd",
  kind = { { 0, "1", 0 } }
}
{
  event = "msg_showcmd",
  kind = { { 0, "1", 0 } }
}
{
  event = "msg_showcmd",
  kind = { { 0, "1", 0 } }
}
{
  event = "msg_showcmd",
  kind = { { 0, "1", 0 } }
}
{
  event = "msg_showcmd",
  kind = { { 0, "1", 0 } }
}
{
  event = "msg_showcmd",
  kind = { { 0, "1", 0 } }
}
{
  event = "msg_showcmd",
  kind = { { 0, "1", 0 } }
}
{
  event = "msg_showcmd",
  kind = { { 0, "1", 0 } }
}
{
  event = "msg_showcmd",
  kind = { { 0, "1", 0 } }
}
{
  event = "msg_showcmd",
  kind = { { 0, "1", 0 } }
}
{
  event = "msg_showcmd",
  kind = { { 0, "1", 0 } }
}
{
  event = "msg_showcmd",
  kind = { { 0, "1", 0 } }
}
{
  event = "msg_showcmd",
  kind = { { 0, "1", 0 } }
}
{
  event = "msg_showcmd",
  kind = {}
}
{ false,
  event = "cmdline_hide",
  kind = 1
}
{
  event = "msg_showcmd",
  kind = { { 0, "gv", 0 } }
}
{
  event = "msg_showcmd",
  kind = { { 0, "1", 0 } }
}
{
  event = "msg_showcmd",
  kind = { { 0, "1", 0 } }
}
{
  event = "msg_showcmd",
  kind = { { 0, "1", 0 } }
}
{
  event = "msg_showcmd",
  kind = { { 0, "1", 0 } }
}
{
  event = "msg_showcmd",
  kind = { { 0, "1", 0 } }
}
{
  event = "msg_showcmd",
  kind = { { 0, "1", 0 } }
}
{
  event = "msg_showcmd",
  kind = { { 0, "1", 0 } }
}
{
  event = "msg_showcmd",
  kind = { { 0, "1", 0 } }
}
{
  event = "msg_showcmd",
  kind = { { 0, "1", 0 } }
}
{
  event = "msg_showcmd",
  kind = { { 0, "1", 0 } }
}
{
  event = "msg_showcmd",
  kind = { { 0, "1", 0 } }
}
{
  event = "msg_showcmd",
  kind = { { 0, "1", 0 } }
}
{
  event = "msg_showcmd",
  kind = { { 0, "1", 0 } }
}
{
  event = "msg_showcmd",
  kind = { { 0, "1", 0 } }
}
{
  event = "msg_showcmd",
  kind = { { 0, "1", 0 } }
}
{
  event = "msg_showcmd",
  kind = { { 0, "1", 0 } }
}
{
  event = "msg_showcmd",
  kind = { { 0, "1", 0 } }
}
{
  event = "msg_showcmd",
  kind = { { 0, "1", 0 } }
}
{
  event = "msg_showcmd",
  kind = {}
}
{ false,
  event = "cmdline_hide",
  kind = 1
}
{
  event = "msg_showcmd",
  kind = { { 0, "gv", 0 } }
}
{
  event = "msg_showcmd",
  kind = { { 0, "1", 0 } }
}
{
  event = "msg_showcmd",
  kind = { { 0, "1", 0 } }
}
{
  event = "msg_showcmd",
  kind = { { 0, "1", 0 } }
}
{
  event = "msg_showcmd",
  kind = { { 0, "1", 0 } }
}
{
  event = "msg_showcmd",
  kind = { { 0, "1", 0 } }
}
{
  event = "msg_showcmd",
  kind = { { 0, "1", 0 } }
}
{
  event = "msg_showcmd",
  kind = { { 0, "1", 0 } }
}
{
  event = "msg_showcmd",
  kind = {}
}
{ false,
  event = "cmdline_hide",
  kind = 1
}
{
  event = "msg_showcmd",
  kind = { { 0, "gv", 0 } }
}
{
  event = "msg_showcmd",
  kind = { { 0, "1", 0 } }
}
{
  event = "msg_showcmd",
  kind = { { 0, "1", 0 } }
}
{
  event = "msg_showcmd",
  kind = {}
}
{ false,
  event = "cmdline_hide",
  kind = 1
}
{
  event = "msg_showcmd",
  kind = { { 0, "gv", 0 } }
}
{
  event = "msg_showcmd",
  kind = { { 0, "1", 0 } }
}
{
  event = "msg_showcmd",
  kind = {}
}
{ false,
  event = "cmdline_hide",
  kind = 1
}
{
  event = "msg_showcmd",
  kind = { { 0, "gv", 0 } }
}
{
  event = "msg_showcmd",
  kind = { { 0, "1", 0 } }
}
{
  event = "msg_showcmd",
  kind = { { 0, "1", 0 } }
}
{
  event = "msg_showcmd",
  kind = {}
}
{ false,
  event = "cmdline_hide",
  kind = 1
}
{ false,
  event = "cmdline_hide",
  kind = 1
}
{
  event = "msg_showcmd",
  kind = { { 0, "gv", 0 } }
}
{
  event = "msg_showcmd",
  kind = { { 0, "1", 0 } }
}
{
  event = "msg_showcmd",
  kind = { { 0, "1", 0 } }
}
{
  event = "msg_showcmd",
  kind = {}
}
{ false,
  event = "cmdline_hide",
  kind = 1
}
{ false,
  event = "cmdline_hide",
  kind = 1
}
{
  event = "msg_showcmd",
  kind = { { 0, "gv", 0 } }
}
{
  event = "msg_showcmd",
  kind = { { 0, "1", 0 } }
}
{
  event = "msg_showcmd",
  kind = { { 0, "1", 0 } }
}
{
  event = "msg_showcmd",
  kind = {}
}
{ false,
  event = "cmdline_hide",
  kind = 1
}
{
  event = "msg_showcmd",
  kind = { { 0, "gv", 0 } }
}
{
  event = "msg_showcmd",
  kind = { { 0, "1", 0 } }
}
{
  event = "msg_showcmd",
  kind = {}
}
{ false,
  event = "cmdline_hide",
  kind = 1
}
{
  event = "msg_showcmd",
  kind = { { 0, "gv", 0 } }
}
{
  event = "msg_showcmd",
  kind = { { 0, "1", 0 } }
}
{
  event = "msg_showcmd",
  kind = { { 0, "1", 0 } }
}
{
  event = "msg_showcmd",
  kind = { { 0, "1", 0 } }
}
{
  event = "msg_showcmd",
  kind = { { 0, "1", 0 } }
}
{
  event = "msg_showcmd",
  kind = { { 0, "1", 0 } }
}
{
  event = "msg_showcmd",
  kind = { { 0, "1", 0 } }
}
{
  event = "msg_showcmd",
  kind = { { 0, "1", 0 } }
}
{
  event = "msg_showcmd",
  kind = { { 0, "1", 0 } }
}
{
  event = "msg_showcmd",
  kind = { { 0, "1", 0 } }
}
{
  event = "msg_showcmd",
  kind = {}
}
{
  event = "msg_showcmd",
  kind = { { 0, "~@k", 0 } }
}
{
  event = "msg_showcmd",
  kind = {}
}
{
  event = "msg_showcmd",
  kind = { { 0, "u", 0 } }
}
{ { { 0, "2 changes; before #72  2 seconds ago", 0 } }, false, true,
  event = "msg_show",
  kind = "undo"
}
{
  event = "msg_showcmd",
  kind = {}
}
{
  event = "msg_showcmd",
  kind = { { 0, "u", 0 } }
}
{ { { 0, "2 changes; before #71  3 seconds ago", 0 } }, true, true,
  event = "msg_show",
  kind = "undo"
}
{
  event = "msg_showcmd",
  kind = {}
}
{
  event = "msg_showcmd",
  kind = { { 0, "u", 0 } }
}
{ { { 0, "2 changes; before #70  3 seconds ago", 0 } }, true, true,
  event = "msg_show",
  kind = "undo"
}
{
  event = "msg_showcmd",
  kind = {}
}
{
  event = "msg_showcmd",
  kind = { { 0, "u", 0 } }
}
{ { { 0, "2 changes; before #69  3 seconds ago", 0 } }, true, true,
  event = "msg_show",
  kind = "undo"
}
{
  event = "msg_showcmd",
  kind = {}
}
{
  event = "msg_showcmd",
  kind = { { 0, "u", 0 } }
}
{ { { 0, "2 changes; before #68  3 seconds ago", 0 } }, true, true,
  event = "msg_show",
  kind = "undo"
}
{
  event = "msg_showcmd",
  kind = {}
}
{
  event = "msg_showcmd",
  kind = { { 0, "u", 0 } }
}
{ { { 0, "2 changes; before #67  4 seconds ago", 0 } }, true, true,
  event = "msg_show",
  kind = "undo"
}
{
  event = "msg_showcmd",
  kind = {}
}
{
  event = "msg_showcmd",
  kind = { { 0, "u", 0 } }
}
{ { { 0, "2 changes; before #66  4 seconds ago", 0 } }, true, true,
  event = "msg_show",
  kind = "undo"
}
{
  event = "msg_showcmd",
  kind = {}
}
{
  event = "msg_showcmd",
  kind = { { 0, "u", 0 } }
}
{ { { 0, "2 changes; before #65  4 seconds ago", 0 } }, true, true,
  event = "msg_show",
  kind = "undo"
}
{
  event = "msg_showcmd",
  kind = {}
}
{
  event = "msg_showcmd",
  kind = { { 0, "u", 0 } }
}
{ { { 0, "2 changes; before #64  4 seconds ago", 0 } }, true, true,
  event = "msg_show",
  kind = "undo"
}
{
  event = "msg_showcmd",
  kind = {}
}
{
  event = "msg_showcmd",
  kind = { { 0, "u", 0 } }
}
{ { { 0, "2 changes; before #63  4 seconds ago", 0 } }, true, true,
  event = "msg_show",
  kind = "undo"
}
{
  event = "msg_showcmd",
  kind = {}
}
{
  event = "msg_showcmd",
  kind = { { 0, "u", 0 } }
}
{ { { 0, "2 changes; before #62  7 seconds ago", 0 } }, true, true,
  event = "msg_show",
  kind = "undo"
}
{
  event = "msg_showcmd",
  kind = {}
}
{
  event = "msg_showcmd",
  kind = { { 0, "u", 0 } }
}
{ { { 0, "2 changes; before #61  10 seconds ago", 0 } }, true, true,
  event = "msg_show",
  kind = "undo"
}
{
  event = "msg_showcmd",
  kind = {}
}
{
  event = "msg_showcmd",
  kind = { { 0, "u", 0 } }
}
{ { { 0, "2 changes; before #60  11 seconds ago", 0 } }, true, true,
  event = "msg_show",
  kind = "undo"
}
{
  event = "msg_showcmd",
  kind = {}
}
{
  event = "msg_showcmd",
  kind = { { 0, "u", 0 } }
}
{ { { 0, "2 changes; before #59  12 seconds ago", 0 } }, true, true,
  event = "msg_show",
  kind = "undo"
}
{
  event = "msg_showcmd",
  kind = {}
}
{
  event = "msg_showcmd",
  kind = { { 0, "u", 0 } }
}
{ { { 0, "2 changes; before #58  14 seconds ago", 0 } }, true, true,
  event = "msg_show",
  kind = "undo"
}
{
  event = "msg_showcmd",
  kind = {}
}
{
  event = "msg_showcmd",
  kind = { { 0, "u", 0 } }
}
{ { { 0, "2 changes; before #57  14 seconds ago", 0 } }, true, true,
  event = "msg_show",
  kind = "undo"
}
{
  event = "msg_showcmd",
  kind = {}
}
{
  event = "msg_showcmd",
  kind = { { 0, "u", 0 } }
}
{ { { 0, "2 changes; before #56  14 seconds ago", 0 } }, true, true,
  event = "msg_show",
  kind = "undo"
}
{
  event = "msg_showcmd",
  kind = {}
}
{
  event = "msg_showcmd",
  kind = { { 0, "V", 0 } }
}
{
  event = "msg_showcmd",
  kind = {}
}
{ false,
  event = "cmdline_hide",
  kind = 1
}
{
  event = "msg_clear"
}
{
  event = "msg_showcmd",
  kind = { { 0, "gv", 0 } }
}
{
  event = "msg_showcmd",
  kind = { { 0, "1", 0 } }
}
{
  event = "msg_showcmd",
  kind = { { 0, "1", 0 } }
}
{
  event = "msg_showcmd",
  kind = { { 0, "1", 0 } }
}
{
  event = "msg_showcmd",
  kind = { { 0, "1", 0 } }
}
{
  event = "msg_showcmd",
  kind = { { 0, "1", 0 } }
}
{
  event = "msg_showcmd",
  kind = { { 0, "1", 0 } }
}
{
  event = "msg_showcmd",
  kind = { { 0, "1", 0 } }
}
{
  event = "msg_showcmd",
  kind = {}
}
{ false,
  event = "cmdline_hide",
  kind = 1
}
{
  event = "msg_showcmd",
  kind = { { 0, "gv", 0 } }
}
{
  event = "msg_showcmd",
  kind = { { 0, "1", 0 } }
}
{
  event = "msg_showcmd",
  kind = { { 0, "1", 0 } }
}
{
  event = "msg_showcmd",
  kind = { { 0, "1", 0 } }
}
{
  event = "msg_showcmd",
  kind = { { 0, "1", 0 } }
}
{
  event = "msg_showcmd",
  kind = { { 0, "1", 0 } }
}
{
  event = "msg_showcmd",
  kind = {}
}
{ false,
  event = "cmdline_hide",
  kind = 1
}
{
  event = "msg_showcmd",
  kind = { { 0, "gv", 0 } }
}
{
  event = "msg_showcmd",
  kind = { { 0, "1", 0 } }
}
{
  event = "msg_showcmd",
  kind = { { 0, "1", 0 } }
}
{
  event = "msg_showcmd",
  kind = { { 0, "1", 0 } }
}
{
  event = "msg_showcmd",
  kind = { { 0, "1", 0 } }
}
{
  event = "msg_showcmd",
  kind = { { 0, "1", 0 } }
}
{
  event = "msg_showcmd",
  kind = { { 0, "1", 0 } }
}
{
  event = "msg_showcmd",
  kind = { { 0, "1", 0 } }
}
{
  event = "msg_showcmd",
  kind = { { 0, "1", 0 } }
}
{
  event = "msg_showcmd",
  kind = { { 0, "1", 0 } }
}
{
  event = "msg_showcmd",
  kind = { { 0, "1", 0 } }
}
{
  event = "msg_showcmd",
  kind = { { 0, "1", 0 } }
}
{
  event = "msg_showcmd",
  kind = { { 0, "1", 0 } }
}
{
  event = "msg_showcmd",
  kind = { { 0, "1", 0 } }
}
{
  event = "msg_showcmd",
  kind = { { 0, "1", 0 } }
}
{
  event = "msg_showcmd",
  kind = { { 0, "1", 0 } }
}
{
  event = "msg_showcmd",
  kind = { { 0, "1", 0 } }
}
{
  event = "msg_showcmd",
  kind = { { 0, "1", 0 } }
}
{
  event = "msg_showcmd",
  kind = { { 0, "1", 0 } }
}
{
  event = "msg_showcmd",
  kind = { { 0, "1", 0 } }
}
{
  event = "msg_showcmd",
  kind = { { 0, "1", 0 } }
}
{
  event = "msg_showcmd",
  kind = { { 0, "1", 0 } }
}
{
  event = "msg_showcmd",
  kind = { { 0, "1", 0 } }
}
{
  event = "msg_showcmd",
  kind = { { 0, "1", 0 } }
}
{
  event = "msg_showcmd",
  kind = { { 0, "1", 0 } }
}
{
  event = "msg_showcmd",
  kind = { { 0, "1", 0 } }
}
{
  event = "msg_showcmd",
  kind = { { 0, "1", 0 } }
}
{
  event = "msg_showcmd",
  kind = { { 0, "1", 0 } }
}
{
  event = "msg_showcmd",
  kind = { { 0, "1", 0 } }
}
{
  event = "msg_showcmd",
  kind = { { 0, "1", 0 } }
}
{
  event = "msg_showcmd",
  kind = { { 0, "1", 0 } }
}
{
  event = "msg_showcmd",
  kind = { { 0, "1", 0 } }
}
{
  event = "msg_showcmd",
  kind = { { 0, "1", 0 } }
}
{
  event = "msg_showcmd",
  kind = { { 0, "1", 0 } }
}
{
  event = "msg_showcmd",
  kind = { { 0, "1", 0 } }
}
{
  event = "msg_showcmd",
  kind = { { 0, "1", 0 } }
}
{
  event = "msg_showcmd",
  kind = { { 0, "1", 0 } }
}
{
  event = "msg_showcmd",
  kind = { { 0, "1", 0 } }
}
{
  event = "msg_showcmd",
  kind = { { 0, "1", 0 } }
}
{
  event = "msg_showcmd",
  kind = { { 0, "1", 0 } }
}
{
  event = "msg_showcmd",
  kind = { { 0, "1", 0 } }
}
{
  event = "msg_showcmd",
  kind = { { 0, "1", 0 } }
}
{
  event = "msg_showcmd",
  kind = { { 0, "1", 0 } }
}
{
  event = "msg_showcmd",
  kind = { { 0, "1", 0 } }
}
{
  event = "msg_showcmd",
  kind = { { 0, "1", 0 } }
}
{
  event = "msg_showcmd",
  kind = { { 0, "1", 0 } }
}
{
  event = "msg_showcmd",
  kind = { { 0, "1", 0 } }
}
{
  event = "msg_showcmd",
  kind = { { 0, "1", 0 } }
}
{
  event = "msg_showcmd",
  kind = { { 0, "1", 0 } }
}
{
  event = "msg_showcmd",
  kind = { { 0, "1", 0 } }
}
{
  event = "msg_showcmd",
  kind = { { 0, "1", 0 } }
}
{
  event = "msg_showcmd",
  kind = { { 0, "1", 0 } }
}
{
  event = "msg_showcmd",
  kind = { { 0, "1", 0 } }
}
{
  event = "msg_showcmd",
  kind = { { 0, "1", 0 } }
}
{
  event = "msg_showcmd",
  kind = { { 0, "1", 0 } }
}
{
  event = "msg_showcmd",
  kind = { { 0, "1", 0 } }
}
{
  event = "msg_showcmd",
  kind = { { 0, "1", 0 } }
}
{
  event = "msg_showcmd",
  kind = {}
}
{
  event = "msg_showcmd",
  kind = { { 0, "^[", 0 } }
}
{
  event = "msg_showcmd",
  kind = {}
}
{
  event = "msg_showcmd",
  kind = { { 0, "~@k", 0 } }
}
{
  event = "msg_showcmd",
  kind = {}
}
{
  event = "msg_showcmd",
  kind = { { 0, "~@k", 0 } }
}
{
  event = "msg_showcmd",
  kind = {}
}
{
  event = "msg_showcmd",
  kind = { { 0, "~@k", 0 } }
}
{
  event = "msg_showcmd",
  kind = {}
}
{
  event = "msg_showcmd",
  kind = { { 0, "~@k", 0 } }
}
{
  event = "msg_showcmd",
  kind = {}
}
{
  event = "msg_showcmd",
  kind = { { 0, "~@k", 0 } }
}
{
  event = "msg_showcmd",
  kind = {}
}
{
  event = "msg_showcmd",
  kind = { { 0, "~@k", 0 } }
}
{
  event = "msg_showcmd",
  kind = {}
}
{
  event = "msg_showcmd",
  kind = { { 0, "~@k", 0 } }
}
{
  event = "msg_showcmd",
  kind = {}
}
{
  event = "msg_showcmd",
  kind = { { 0, "~@k", 0 } }
}
{
  event = "msg_showcmd",
  kind = {}
}
{
  event = "msg_showcmd",
  kind = { { 0, "~@k", 0 } }
}
{
  event = "msg_showcmd",
  kind = {}
}
{
  event = "msg_showcmd",
  kind = { { 0, "~@k", 0 } }
}
{
  event = "msg_showcmd",
  kind = {}
}
{
  event = "msg_showcmd",
  kind = { { 0, "~@k", 0 } }
}
{
  event = "msg_showcmd",
  kind = {}
}
{
  event = "msg_showcmd",
  kind = { { 0, "~@k", 0 } }
}
{
  event = "msg_showcmd",
  kind = {}
}
{
  event = "msg_showcmd",
  kind = { { 0, "~@k", 0 } }
}
{
  event = "msg_showcmd",
  kind = {}
}
{
  event = "msg_showcmd",
  kind = { { 0, "~@k", 0 } }
}
{
  event = "msg_showcmd",
  kind = {}
}
{
  event = "msg_showcmd",
  kind = { { 0, "~@k", 0 } }
}
{
  event = "msg_showcmd",
  kind = {}
}
{
  event = "msg_showcmd",
  kind = { { 0, "~@k", 0 } }
}
{
  event = "msg_showcmd",
  kind = {}
}
{
  event = "msg_showcmd",
  kind = { { 0, "~@k", 0 } }
}
{
  event = "msg_showcmd",
  kind = {}
}
{
  event = "msg_showcmd",
  kind = { { 0, "i", 0 } }
}
{
  event = "msg_showcmd",
  kind = {}
}
{
  event = "msg_showcmd",
  kind = { { 0, "~@k", 0 } }
}
{
  event = "msg_showcmd",
  kind = {}
}
{
  event = "msg_showcmd",
  kind = { { 0, "~@k", 0 } }
}
{
  event = "msg_showcmd",
  kind = {}
}
{
  event = "msg_showcmd",
  kind = { { 0, "V", 0 } }
}
{
  event = "msg_showcmd",
  kind = {}
}
{ false,
  event = "cmdline_hide",
  kind = 1
}
{
  event = "msg_showcmd",
  kind = { { 0, "gv", 0 } }
}
{
  event = "msg_showcmd",
  kind = { { 0, "1", 0 } }
}
{
  event = "msg_showcmd",
  kind = { { 0, "1", 0 } }
}
{
  event = "msg_showcmd",
  kind = { { 0, "1", 0 } }
}
{
  event = "msg_showcmd",
  kind = { { 0, "1", 0 } }
}
{
  event = "msg_showcmd",
  kind = { { 0, "1", 0 } }
}
{
  event = "msg_showcmd",
  kind = { { 0, "1", 0 } }
}
{
  event = "msg_showcmd",
  kind = { { 0, "~@k", 0 } }
}
{
  event = "msg_showcmd",
  kind = { { 0, "2", 0 } }
}
{
  event = "msg_showcmd",
  kind = { { 0, "2", 0 } }
}
{
  event = "msg_showcmd",
  kind = { { 0, "2", 0 } }
}
{
  event = "msg_showcmd",
  kind = { { 0, "2", 0 } }
}
{
  event = "msg_showcmd",
  kind = { { 0, "~@k", 0 } }
}
{
  event = "msg_showcmd",
  kind = { { 0, "3", 0 } }
}
{
  event = "msg_showcmd",
  kind = { { 0, "3", 0 } }
}
{
  event = "msg_showcmd",
  kind = { { 0, "3", 0 } }
}
{
  event = "msg_showcmd",
  kind = { { 0, "3", 0 } }
}
{
  event = "msg_showcmd",
  kind = { { 0, "3", 0 } }
}
{
  event = "msg_showcmd",
  kind = { { 0, "3", 0 } }
}
{
  event = "msg_showcmd",
  kind = { { 0, "^[", 0 } }
}
{
  event = "msg_showcmd",
  kind = {}
}
{
  event = "msg_showcmd",
  kind = { { 0, "~@k", 0 } }
}
{
  event = "msg_showcmd",
  kind = {}
}
{
  event = "msg_showcmd",
  kind = { { 0, "~@k", 0 } }
}
{
  event = "msg_showcmd",
  kind = {}
}
{
  event = "msg_showcmd",
  kind = { { 0, "~@k", 0 } }
}
{
  event = "msg_showcmd",
  kind = {}
}
{
  event = "msg_showcmd",
  kind = { { 0, "a", 0 } }
}
{
  event = "msg_showcmd",
  kind = {}
}
{
  event = "msg_showcmd",
  kind = { { 0, "~@k", 0 } }
}
{
  event = "msg_showcmd",
  kind = {}
}
{
  event = "msg_showcmd",
  kind = { { 0, "~@k", 0 } }
}
{
  event = "msg_showcmd",
  kind = {}
}
{
  event = "msg_showcmd",
  kind = { { 0, "dl", 0 } }
}
{
  event = "msg_showcmd",
  kind = {}
}
{ { { 0, '"lua\\configs\\notify.lua" ', 0 } }, false, false,
  event = "msg_show",
  kind = "bufwrite"
}
{ { { 0, '"lua\\configs\\notify.lua" 31L, 840B written', 0 } }, true, true,
  event = "msg_show",
  kind = "bufwrite"
}
{
  event = "msg_showcmd",
  kind = { { 0, "~@k", 0 } }
}
{
  event = "msg_showcmd",
  kind = {}
}
{
  event = "msg_showcmd",
  kind = { { 0, "~@k", 0 } }
}
{
  event = "msg_showcmd",
  kind = {}
}
{
  event = "msg_showcmd",
  kind = { { 0, "~@k", 0 } }
}
{
  event = "msg_showcmd",
  kind = {}
}
{
  event = "msg_showcmd",
  kind = { { 0, "~@k", 0 } }
}
{
  event = "msg_showcmd",
  kind = {}
}
{
  event = "msg_showcmd",
  kind = { { 0, "~@k", 0 } }
}
{
  event = "msg_showcmd",
  kind = {}
}
{
  event = "msg_showcmd",
  kind = { { 0, "V", 0 } }
}
{
  event = "msg_showcmd",
  kind = { { 0, "1", 0 } }
}
{
  event = "msg_showcmd",
  kind = { { 0, "1", 0 } }
}
{
  event = "msg_showcmd",
  kind = {}
}
{
  event = "msg_showcmd",
  kind = { { 0, ">", 0 } }
}
{
  event = "msg_showcmd",
  kind = {}
}
{
  event = "msg_showcmd",
  kind = { { 0, "~@k", 0 } }
}
{
  event = "msg_showcmd",
  kind = {}
}
{
  event = "msg_showcmd",
  kind = { { 0, "~@k", 0 } }
}
{
  event = "msg_showcmd",
  kind = {}
}
{
  event = "msg_showcmd",
  kind = { { 0, "~@k", 0 } }
}
{
  event = "msg_showcmd",
  kind = {}
}
{
  event = "msg_showcmd",
  kind = { { 0, "~@k", 0 } }
}
{
  event = "msg_showcmd",
  kind = {}
}
{
  event = "msg_showcmd",
  kind = { { 0, "~@k", 0 } }
}
{
  event = "msg_showcmd",
  kind = {}
}
{
  event = "msg_showcmd",
  kind = { { 0, "~@k", 0 } }
}
{
  event = "msg_showcmd",
  kind = {}
}
{
  event = "msg_showcmd",
  kind = { { 0, "~@k", 0 } }
}
{
  event = "msg_showcmd",
  kind = {}
}
{
  event = "msg_showcmd",
  kind = { { 0, "~@k", 0 } }
}
{
  event = "msg_showcmd",
  kind = {}
}
{
  event = "msg_showcmd",
  kind = { { 0, "~@k", 0 } }
}
{
  event = "msg_showcmd",
  kind = {}
}
{
  event = "msg_showcmd",
  kind = { { 0, "~@k", 0 } }
}
{
  event = "msg_showcmd",
  kind = {}
}
{
  event = "msg_showcmd",
  kind = { { 0, "~@k", 0 } }
}
{
  event = "msg_showcmd",
  kind = {}
}
{
  event = "msg_showcmd",
  kind = { { 0, "~@k", 0 } }
}
{
  event = "msg_showcmd",
  kind = {}
}
{
  event = "msg_showcmd",
  kind = { { 0, "~@k", 0 } }
}
{
  event = "msg_showcmd",
  kind = {}
}
{
  event = "msg_showcmd",
  kind = { { 0, "~@k", 0 } }
}
{
  event = "msg_showcmd",
  kind = {}
}
{
  event = "msg_showcmd",
  kind = { { 0, "~@k", 0 } }
}
{
  event = "msg_showcmd",
  kind = {}
}
{
  event = "msg_showcmd",
  kind = { { 0, "a", 0 } }
}
{
  event = "msg_showcmd",
  kind = {}
}
{
  event = "msg_showcmd",
  kind = { { 0, "~@k", 0 } }
}
{
  event = "msg_showcmd",
  kind = {}
}
{
  event = "msg_showcmd",
  kind = { { 0, "~@k", 0 } }
}
{
  event = "msg_showcmd",
  kind = {}
}
{
  event = "msg_showcmd",
  kind = { { 0, "d", 0 } }
}
{
  event = "msg_showcmd",
  kind = { { 0, "dd", 0 } }
}
{
  event = "msg_showcmd",
  kind = {}
}
{
  event = "msg_showcmd",
  kind = { { 0, "~@k", 0 } }
}
{
  event = "msg_showcmd",
  kind = {}
}
{
  event = "msg_showcmd",
  kind = { { 0, "d", 0 } }
}
{
  event = "msg_showcmd",
  kind = { { 0, "dd", 0 } }
}
{
  event = "msg_showcmd",
  kind = {}
}
{
  event = "msg_showcmd",
  kind = { { 0, "~@k", 0 } }
}
{
  event = "msg_showcmd",
  kind = {}
}
{ { { 0, '"lua\\configs\\notify.lua" ', 0 } }, true, false,
  event = "msg_show",
  kind = "bufwrite"
}
{ { { 0, '"lua\\configs\\notify.lua" 29L, 815B written', 0 } }, true, true,
  event = "msg_show",
  kind = "bufwrite"
}
{
  event = "msg_showcmd",
  kind = { { 0, "~@k", 0 } }
}
{
  event = "msg_showcmd",
  kind = {}
}
{
  event = "msg_showcmd",
  kind = { { 0, "i", 0 } }
}
{
  event = "msg_showcmd",
  kind = {}
}
{
  event = "msg_showcmd",
  kind = { { 0, "2", 0 } }
}
{
  event = "msg_showcmd",
  kind = { { 0, "2", 0 } }
}
{
  event = "msg_showcmd",
  kind = { { 0, "2", 0 } }
}
{
  event = "msg_showcmd",
  kind = { { 0, "2", 0 } }
}
{
  event = "msg_showcmd",
  kind = { { 0, "2", 0 } }
}
{
  event = "msg_showcmd",
  kind = { { 0, "2", 0 } }
}
{
  event = "msg_showcmd",
  kind = { { 0, "2", 0 } }
}
{
  event = "msg_showcmd",
  kind = { { 0, "2", 0 } }
}
{
  event = "msg_showcmd",
  kind = { { 0, "2", 0 } }
}
{
  event = "msg_showcmd",
  kind = { { 0, "2", 0 } }
}
{
  event = "msg_showcmd",
  kind = { { 0, "2", 0 } }
}
{
  event = "msg_showcmd",
  kind = { { 0, "2", 0 } }
}
{
  event = "msg_showcmd",
  kind = { { 0, "2", 0 } }
}
{
  event = "msg_showcmd",
  kind = { { 0, "2", 0 } }
}
{
  event = "msg_showcmd",
  kind = { { 0, "2", 0 } }
}
{
  event = "msg_showcmd",
  kind = { { 0, "2", 0 } }
}
{
  event = "msg_showcmd",
  kind = { { 0, "2", 0 } }
}
{
  event = "msg_showcmd",
  kind = { { 0, "2", 0 } }
}
{
  event = "msg_showcmd",
  kind = { { 0, "2", 0 } }
}
{
  event = "msg_showcmd",
  kind = { { 0, "2", 0 } }
}
{
  event = "msg_showcmd",
  kind = { { 0, "2", 0 } }
}
{
  event = "msg_showcmd",
  kind = { { 0, "2", 0 } }
}
{
  event = "msg_showcmd",
  kind = { { 0, "2", 0 } }
}
{
  event = "msg_showcmd",
  kind = { { 0, "2", 0 } }
}
{
  event = "msg_showcmd",
  kind = { { 0, "2", 0 } }
}
{
  event = "msg_showcmd",
  kind = { { 0, "2", 0 } }
}
{
  event = "msg_showcmd",
  kind = { { 0, "2", 0 } }
}
{
  event = "msg_showcmd",
  kind = { { 0, "2", 0 } }
}
{
  event = "msg_showcmd",
  kind = { { 0, "2", 0 } }
}
{
  event = "msg_showcmd",
  kind = { { 0, "2", 0 } }
}
{
  event = "msg_showcmd",
  kind = { { 0, "2", 0 } }
}
{
  event = "msg_showcmd",
  kind = { { 0, "2", 0 } }
}
{
  event = "msg_showcmd",
  kind = { { 0, "2", 0 } }
}
{
  event = "msg_showcmd",
  kind = { { 0, "2", 0 } }
}
{
  event = "msg_showcmd",
  kind = { { 0, "2", 0 } }
}
{
  event = "msg_showcmd",
  kind = { { 0, "2", 0 } }
}
{
  event = "msg_showcmd",
  kind = { { 0, "2", 0 } }
}
{
  event = "msg_showcmd",
  kind = { { 0, "2", 0 } }
}
{
  event = "msg_showcmd",
  kind = { { 0, "2", 0 } }
}
{
  event = "msg_showcmd",
  kind = { { 0, "2", 0 } }
}
{
  event = "msg_showcmd",
  kind = { { 0, "2", 0 } }
}
{
  event = "msg_showcmd",
  kind = { { 0, "2", 0 } }
}
{
  event = "msg_showcmd",
  kind = { { 0, "2", 0 } }
}
{
  event = "msg_showcmd",
  kind = { { 0, "2", 0 } }
}
{
  event = "msg_showcmd",
  kind = { { 0, "2", 0 } }
}
{
  event = "msg_showcmd",
  kind = { { 0, "2", 0 } }
}
{
  event = "msg_showcmd",
  kind = { { 0, "2", 0 } }
}
{
  event = "msg_showcmd",
  kind = { { 0, "2", 0 } }
}
{
  event = "msg_showcmd",
  kind = { { 0, "2", 0 } }
}
{
  event = "msg_showcmd",
  kind = { { 0, "2", 0 } }
}
{
  event = "msg_showcmd",
  kind = { { 0, "2", 0 } }
}
{
  event = "msg_showcmd",
  kind = { { 0, "2", 0 } }
}
{
  event = "msg_showcmd",
  kind = { { 0, "2", 0 } }
}
{
  event = "msg_showcmd",
  kind = { { 0, "2", 0 } }
}
{
  event = "msg_showcmd",
  kind = { { 0, "2", 0 } }
}
{
  event = "msg_showcmd",
  kind = { { 0, "2", 0 } }
}
{
  event = "msg_showcmd",
  kind = { { 0, "2", 0 } }
}
{
  event = "msg_showcmd",
  kind = { { 0, "2", 0 } }
}
{
  event = "msg_showcmd",
  kind = { { 0, "2", 0 } }
}
{
  event = "msg_showcmd",
  kind = { { 0, "2", 0 } }
}
{
  event = "msg_showcmd",
  kind = { { 0, "2", 0 } }
}
{
  event = "msg_showcmd",
  kind = { { 0, "2", 0 } }
}
{
  event = "msg_showcmd",
  kind = { { 0, "2", 0 } }
}
{
  event = "msg_showcmd",
  kind = { { 0, "2", 0 } }
}
{
  event = "msg_showcmd",
  kind = { { 0, "2", 0 } }
}
{
  event = "msg_showcmd",
  kind = { { 0, "2", 0 } }
}
{
  event = "msg_showcmd",
  kind = { { 0, "2", 0 } }
}
{
  event = "msg_showcmd",
  kind = { { 0, "2", 0 } }
}
{
  event = "msg_showcmd",
  kind = { { 0, "2", 0 } }
}
{
  event = "msg_showcmd",
  kind = { { 0, "2", 0 } }
}
{
  event = "msg_showcmd",
  kind = { { 0, "2", 0 } }
}
{
  event = "msg_showcmd",
  kind = { { 0, "2", 0 } }
}
{
  event = "msg_showcmd",
  kind = { { 0, "2", 0 } }
}
{
  event = "msg_showcmd",
  kind = { { 0, "2", 0 } }
}
{
  event = "msg_showcmd",
  kind = { { 0, "2", 0 } }
}
{
  event = "msg_showcmd",
  kind = { { 0, "2", 0 } }
}
{
  event = "msg_showcmd",
  kind = { { 0, "2", 0 } }
}
{
  event = "msg_showcmd",
  kind = { { 0, "2", 0 } }
}
{
  event = "msg_showcmd",
  kind = { { 0, "2", 0 } }
}
{
  event = "msg_showcmd",
  kind = { { 0, "2", 0 } }
}
{
  event = "msg_showcmd",
  kind = { { 0, "2", 0 } }
}
{
  event = "msg_showcmd",
  kind = { { 0, "2", 0 } }
}
{
  event = "msg_showcmd",
  kind = { { 0, "2", 0 } }
}
{
  event = "msg_showcmd",
  kind = { { 0, "2", 0 } }
}
{
  event = "msg_showcmd",
  kind = { { 0, "2", 0 } }
}
{
  event = "msg_showcmd",
  kind = { { 0, "2", 0 } }
}
{
  event = "msg_showcmd",
  kind = { { 0, "2", 0 } }
}
{
  event = "msg_showcmd",
  kind = { { 0, "2", 0 } }
}
{
  event = "msg_showcmd",
  kind = { { 0, "2", 0 } }
}
{
  event = "msg_showcmd",
  kind = { { 0, "2", 0 } }
}
{
  event = "msg_showcmd",
  kind = { { 0, "2", 0 } }
}
{
  event = "msg_showcmd",
  kind = { { 0, "2", 0 } }
}
{
  event = "msg_showcmd",
  kind = { { 0, "2", 0 } }
}
{
  event = "msg_showcmd",
  kind = { { 0, "2", 0 } }
}
{
  event = "msg_showcmd",
  kind = { { 0, "2", 0 } }
}
{
  event = "msg_showcmd",
  kind = { { 0, "2", 0 } }
}
{
  event = "msg_showcmd",
  kind = { { 0, "2", 0 } }
}
{
  event = "msg_showcmd",
  kind = { { 0, "2", 0 } }
}
{
  event = "msg_showcmd",
  kind = { { 0, "2", 0 } }
}
{
  event = "msg_showcmd",
  kind = { { 0, "2", 0 } }
}
{
  event = "msg_showcmd",
  kind = { { 0, "2", 0 } }
}
{
  event = "msg_showcmd",
  kind = { { 0, "2", 0 } }
}
{
  event = "msg_showcmd",
  kind = { { 0, "2", 0 } }
}
{
  event = "msg_showcmd",
  kind = { { 0, "2", 0 } }
}
{
  event = "msg_showcmd",
  kind = { { 0, "2", 0 } }
}
{
  event = "msg_showcmd",
  kind = { { 0, "2", 0 } }
}
{
  event = "msg_showcmd",
  kind = { { 0, "2", 0 } }
}
{
  event = "msg_showcmd",
  kind = { { 0, "2", 0 } }
}
{
  event = "msg_showcmd",
  kind = { { 0, "2", 0 } }
}
{
  event = "msg_showcmd",
  kind = { { 0, "2", 0 } }
}
{
  event = "msg_showcmd",
  kind = { { 0, "2", 0 } }
}
{
  event = "msg_showcmd",
  kind = { { 0, "2", 0 } }
}
{
  event = "msg_showcmd",
  kind = { { 0, "2", 0 } }
}
{
  event = "msg_showcmd",
  kind = { { 0, "2", 0 } }
}
{
  event = "msg_showcmd",
  kind = { { 0, "2", 0 } }
}
{
  event = "msg_showcmd",
  kind = { { 0, "2", 0 } }
}
{
  event = "msg_showcmd",
  kind = { { 0, "2", 0 } }
}
{
  event = "msg_showcmd",
  kind = { { 0, "2", 0 } }
}
{
  event = "msg_showcmd",
  kind = { { 0, "2", 0 } }
}
{
  event = "msg_showcmd",
  kind = { { 0, "2", 0 } }
}
{
  event = "msg_showcmd",
  kind = { { 0, "2", 0 } }
}
{
  event = "msg_showcmd",
  kind = { { 0, "2", 0 } }
}
{
  event = "msg_showcmd",
  kind = { { 0, "2", 0 } }
}
{
  event = "msg_showcmd",
  kind = { { 0, "2", 0 } }
}
{
  event = "msg_showcmd",
  kind = { { 0, "2", 0 } }
}
{
  event = "msg_showcmd",
  kind = { { 0, "2", 0 } }
}
{
  event = "msg_showcmd",
  kind = { { 0, "2", 0 } }
}
{
  event = "msg_showcmd",
  kind = { { 0, "2", 0 } }
}
{
  event = "msg_showcmd",
  kind = { { 0, "2", 0 } }
}
{
  event = "msg_showcmd",
  kind = { { 0, "2", 0 } }
}
{
  event = "msg_showcmd",
  kind = { { 0, "2", 0 } }
}
{
  event = "msg_showcmd",
  kind = { { 0, "2", 0 } }
}
{
  event = "msg_showcmd",
  kind = { { 0, "2", 0 } }
}
{
  event = "msg_showcmd",
  kind = { { 0, "2", 0 } }
}
{
  event = "msg_showcmd",
  kind = { { 0, "2", 0 } }
}
{
  event = "msg_showcmd",
  kind = { { 0, "2", 0 } }
}
{
  event = "msg_showcmd",
  kind = { { 0, "2", 0 } }
}
{
  event = "msg_showcmd",
  kind = { { 0, "2", 0 } }
}
{
  event = "msg_showcmd",
  kind = { { 0, "2", 0 } }
}
{
  event = "msg_showcmd",
  kind = { { 0, "2", 0 } }
}
{
  event = "msg_showcmd",
  kind = { { 0, "2", 0 } }
}
{
  event = "msg_showcmd",
  kind = { { 0, "2", 0 } }
}
{
  event = "msg_showcmd",
  kind = { { 0, "2", 0 } }
}
{
  event = "msg_showcmd",
  kind = {}
}
{
  event = "msg_showcmd",
  kind = { { 0, "2", 0 } }
}
{
  event = "msg_showcmd",
  kind = { { 0, "2", 0 } }
}
{
  event = "msg_showcmd",
  kind = { { 0, "2", 0 } }
}
{
  event = "msg_showcmd",
  kind = { { 0, "2", 0 } }
}
{
  event = "msg_showcmd",
  kind = { { 0, "2", 0 } }
}
{
  event = "msg_showcmd",
  kind = { { 0, "2", 0 } }
}
{
  event = "msg_showcmd",
  kind = { { 0, "2", 0 } }
}
{
  event = "msg_showcmd",
  kind = { { 0, "2", 0 } }
}
{
  event = "msg_showcmd",
  kind = { { 0, "2", 0 } }
}
{
  event = "msg_showcmd",
  kind = { { 0, "2", 0 } }
}
{
  event = "msg_showcmd",
  kind = { { 0, "2", 0 } }
}
{
  event = "msg_showcmd",
  kind = { { 0, "2", 0 } }
}
{
  event = "msg_showcmd",
  kind = { { 0, "2", 0 } }
}
{
  event = "msg_showcmd",
  kind = { { 0, "2", 0 } }
}
{
  event = "msg_showcmd",
  kind = { { 0, "2", 0 } }
}
{
  event = "msg_showcmd",
  kind = { { 0, "2", 0 } }
}
{
  event = "msg_showcmd",
  kind = { { 0, "2", 0 } }
}
{
  event = "msg_showcmd",
  kind = { { 0, "2", 0 } }
}
{
  event = "msg_showcmd",
  kind = { { 0, "2", 0 } }
}
{
  event = "msg_showcmd",
  kind = { { 0, "2", 0 } }
}
{
  event = "msg_showcmd",
  kind = { { 0, "2", 0 } }
}
{
  event = "msg_showcmd",
  kind = { { 0, "2", 0 } }
}
{
  event = "msg_showcmd",
  kind = { { 0, "2", 0 } }
}
{
  event = "msg_showcmd",
  kind = { { 0, "2", 0 } }
}
{
  event = "msg_showcmd",
  kind = { { 0, "2", 0 } }
}
{
  event = "msg_showcmd",
  kind = { { 0, "2", 0 } }
}
{
  event = "msg_showcmd",
  kind = { { 0, "2", 0 } }
}
{
  event = "msg_showcmd",
  kind = { { 0, "2", 0 } }
}
{
  event = "msg_showcmd",
  kind = { { 0, "2", 0 } }
}
{
  event = "msg_showcmd",
  kind = { { 0, "2", 0 } }
}
{
  event = "msg_showcmd",
  kind = { { 0, "2", 0 } }
}
{
  event = "msg_showcmd",
  kind = { { 0, "2", 0 } }
}
{
  event = "msg_showcmd",
  kind = { { 0, "2", 0 } }
}
{
  event = "msg_showcmd",
  kind = { { 0, "2", 0 } }
}
{
  event = "msg_showcmd",
  kind = { { 0, "2", 0 } }
}
{
  event = "msg_showcmd",
  kind = { { 0, "2", 0 } }
}
{
  event = "msg_showcmd",
  kind = { { 0, "2", 0 } }
}
{
  event = "msg_showcmd",
  kind = { { 0, "2", 0 } }
}
{
  event = "msg_showcmd",
  kind = { { 0, "2", 0 } }
}
{
  event = "msg_showcmd",
  kind = { { 0, "2", 0 } }
}
{
  event = "msg_showcmd",
  kind = { { 0, "2", 0 } }
}
{
  event = "msg_showcmd",
  kind = { { 0, "2", 0 } }
}
{
  event = "msg_showcmd",
  kind = { { 0, "2", 0 } }
}
{
  event = "msg_showcmd",
  kind = { { 0, "2", 0 } }
}
{
  event = "msg_showcmd",
  kind = { { 0, "2", 0 } }
}
{
  event = "msg_showcmd",
  kind = { { 0, "2", 0 } }
}
{
  event = "msg_showcmd",
  kind = { { 0, "2", 0 } }
}
{
  event = "msg_showcmd",
  kind = { { 0, "2", 0 } }
}
{
  event = "msg_showcmd",
  kind = { { 0, "2", 0 } }
}
{
  event = "msg_showcmd",
  kind = { { 0, "2", 0 } }
}
{
  event = "msg_showcmd",
  kind = { { 0, "2", 0 } }
}
{
  event = "msg_showcmd",
  kind = { { 0, "2", 0 } }
}
{
  event = "msg_showcmd",
  kind = { { 0, "2", 0 } }
}
{
  event = "msg_showcmd",
  kind = { { 0, "2", 0 } }
}
{
  event = "msg_showcmd",
  kind = { { 0, "2", 0 } }
}
{
  event = "msg_showcmd",
  kind = { { 0, "2", 0 } }
}
{
  event = "msg_showcmd",
  kind = { { 0, "2", 0 } }
}
{
  event = "msg_showcmd",
  kind = { { 0, "2", 0 } }
}
{
  event = "msg_showcmd",
  kind = { { 0, "2", 0 } }
}
{
  event = "msg_showcmd",
  kind = { { 0, "2", 0 } }
}
{
  event = "msg_showcmd",
  kind = { { 0, "2", 0 } }
}
{
  event = "msg_showcmd",
  kind = { { 0, "2", 0 } }
}
{
  event = "msg_showcmd",
  kind = { { 0, "2", 0 } }
}
{
  event = "msg_showcmd",
  kind = { { 0, "2", 0 } }
}
{
  event = "msg_showcmd",
  kind = { { 0, "2", 0 } }
}
{
  event = "msg_showcmd",
  kind = { { 0, "2", 0 } }
}
{
  event = "msg_showcmd",
  kind = { { 0, "2", 0 } }
}
{
  event = "msg_showcmd",
  kind = { { 0, "2", 0 } }
}
{
  event = "msg_showcmd",
  kind = { { 0, "2", 0 } }
}
{
  event = "msg_showcmd",
  kind = { { 0, "2", 0 } }
}
{
  event = "msg_showcmd",
  kind = {}
}
{
  event = "msg_showcmd",
  kind = { { 0, "u", 0 } }
}
{ { { 0, "1 change; before #94  2 seconds ago", 0 } }, true, true,
  event = "msg_show",
  kind = "undo"
}
{
  event = "msg_showcmd",
  kind = {}
}
{
  event = "msg_showcmd",
  kind = { { 0, "u", 0 } }
}
{ { { 0, "1 change; before #93  27 seconds ago", 0 } }, true, true,
  event = "msg_show",
  kind = "undo"
}
{
  event = "msg_showcmd",
  kind = {}
}
{
  event = "msg_showcmd",
  kind = { { 0, "u", 0 } }
}
{ { { 0, "3 changes; before #92  50 seconds ago", 0 } }, true, true,
  event = "msg_show",
  kind = "undo"
}
{
  event = "msg_showcmd",
  kind = {}
}
{
  event = "msg_showcmd",
  kind = { { 0, "u", 0 } }
}
{ { { 0, "1 change; before #91  74 seconds ago", 0 } }, true, true,
  event = "msg_show",
  kind = "undo"
}
{
  event = "msg_showcmd",
  kind = {}
}
{
  event = "msg_showcmd",
  kind = { { 0, "u", 0 } }
}
{ { { 0, "1 line less; before #90  76 seconds ago", 0 } }, true, true,
  event = "msg_show",
  kind = "undo"
}
{
  event = "msg_showcmd",
  kind = {}
}
{
  event = "msg_showcmd",
  kind = { { 0, "~@k", 0 } }
}
{
  event = "msg_showcmd",
  kind = {}
}
{
  event = "msg_showcmd",
  kind = { { 0, "~@k", 0 } }
}
{
  event = "msg_showcmd",
  kind = {}
}
{
  event = "msg_showcmd",
  kind = { { 0, "~@k", 0 } }
}
{
  event = "msg_showcmd",
  kind = {}
}
{
  event = "msg_showcmd",
  kind = { { 0, "~@k", 0 } }
}
{
  event = "msg_showcmd",
  kind = {}
}
{
  event = "msg_showcmd",
  kind = { { 0, "~@k", 0 } }
}
{
  event = "msg_showcmd",
  kind = {}
}
{
  event = "msg_showcmd",
  kind = { { 0, "~@k", 0 } }
}
{
  event = "msg_showcmd",
  kind = {}
}
{
  event = "msg_showcmd",
  kind = { { 0, "~@k", 0 } }
}
{
  event = "msg_showcmd",
  kind = {}
}
{
  event = "msg_showcmd",
  kind = { { 0, "~@k", 0 } }
}
{
  event = "msg_showcmd",
  kind = {}
}
{
  event = "msg_showcmd",
  kind = { { 0, "i", 0 } }
}
{
  event = "msg_showcmd",
  kind = {}
}
{
  event = "msg_showcmd",
  kind = { { 0, "2", 0 } }
}
{
  event = "msg_showcmd",
  kind = { { 0, "2", 0 } }
}
{
  event = "msg_showcmd",
  kind = { { 0, "2", 0 } }
}
{
  event = "msg_showcmd",
  kind = { { 0, "2", 0 } }
}
{
  event = "msg_showcmd",
  kind = { { 0, "2", 0 } }
}
{
  event = "msg_showcmd",
  kind = { { 0, "2", 0 } }
}
{
  event = "msg_showcmd",
  kind = { { 0, "~@k", 0 } }
}
{
  event = "msg_showcmd",
  kind = {}
}
{
  event = "msg_showcmd",
  kind = { { 0, "~@k", 0 } }
}
{
  event = "msg_showcmd",
  kind = {}
}
{
  event = "msg_showcmd",
  kind = { { 0, "dl", 0 } }
}
{
  event = "msg_showcmd",
  kind = {}
}
{
  event = "msg_showcmd",
  kind = { { 0, "~@k", 0 } }
}
{
  event = "msg_showcmd",
  kind = {}
}
{
  event = "msg_showcmd",
  kind = { { 0, "dl", 0 } }
}
{
  event = "msg_showcmd",
  kind = {}
}
{
  event = "msg_showcmd",
  kind = { { 0, "~@k", 0 } }
}
{
  event = "msg_showcmd",
  kind = {}
}
{
  event = "msg_showcmd",
  kind = { { 0, "dl", 0 } }
}
{
  event = "msg_showcmd",
  kind = {}
}
{
  event = "msg_showcmd",
  kind = { { 0, "~@k", 0 } }
}
{
  event = "msg_showcmd",
  kind = {}
}
{
  event = "msg_showcmd",
  kind = { { 0, "dl", 0 } }
}
{
  event = "msg_showcmd",
  kind = {}
}
{
  event = "msg_showcmd",
  kind = { { 0, "~@k", 0 } }
}
{
  event = "msg_showcmd",
  kind = {}
}
{
  event = "msg_showcmd",
  kind = { { 0, "dl", 0 } }
}
{
  event = "msg_showcmd",
  kind = {}
}
{
  event = "msg_showcmd",
  kind = { { 0, "~@k", 0 } }
}
{
  event = "msg_showcmd",
  kind = {}
}
{
  event = "msg_showcmd",
  kind = { { 0, "dl", 0 } }
}
{
  event = "msg_showcmd",
  kind = {}
}
{
  event = "msg_showcmd",
  kind = { { 0, "~@k", 0 } }
}
{
  event = "msg_showcmd",
  kind = {}
}
{
  event = "msg_showcmd",
  kind = { { 0, "dl", 0 } }
}
{
  event = "msg_showcmd",
  kind = {}
}
{
  event = "msg_showcmd",
  kind = { { 0, "~@k", 0 } }
}
{
  event = "msg_showcmd",
  kind = {}
}
{
  event = "msg_showcmd",
  kind = { { 0, "dl", 0 } }
}
{
  event = "msg_showcmd",
  kind = {}
}
{
  event = "msg_showcmd",
  kind = { { 0, "~@k", 0 } }
}
{
  event = "msg_showcmd",
  kind = {}
}
{
  event = "msg_showcmd",
  kind = { { 0, "dl", 0 } }
}
{
  event = "msg_showcmd",
  kind = {}
}
{
  event = "msg_showcmd",
  kind = { { 0, "~@k", 0 } }
}
{
  event = "msg_showcmd",
  kind = {}
}
{
  event = "msg_showcmd",
  kind = { { 0, "dl", 0 } }
}
{
  event = "msg_showcmd",
  kind = {}
}
{
  event = "msg_showcmd",
  kind = { { 0, "~@k", 0 } }
}
{
  event = "msg_showcmd",
  kind = {}
}
{
  event = "msg_showcmd",
  kind = { { 0, "dl", 0 } }
}
{
  event = "msg_showcmd",
  kind = {}
}
{
  event = "msg_showcmd",
  kind = { { 0, "~@k", 0 } }
}
{
  event = "msg_showcmd",
  kind = {}
}
{
  event = "msg_showcmd",
  kind = { { 0, "~@k", 0 } }
}
{
  event = "msg_showcmd",
  kind = {}
}
{
  event = "msg_showcmd",
  kind = { { 0, "a", 0 } }
}
{
  event = "msg_showcmd",
  kind = {}
}
{
  event = "msg_showcmd",
  kind = { { 0, "~@k", 0 } }
}
{
  event = "msg_showcmd",
  kind = {}
}
{
  event = "msg_showcmd",
  kind = { { 0, "a", 0 } }
}
{
  event = "msg_showcmd",
  kind = {}
}
{
  event = "msg_showcmd",
  kind = { { 0, "~@k", 0 } }
}
{
  event = "msg_showcmd",
  kind = {}
}
{
  event = "msg_showcmd",
  kind = { { 0, "dl", 0 } }
}
{
  event = "msg_showcmd",
  kind = {}
}
{
  event = "msg_showcmd",
  kind = { { 0, "~@k", 0 } }
}
{
  event = "msg_showcmd",
  kind = {}
}
{
  event = "msg_showcmd",
  kind = { { 0, "~@k", 0 } }
}
{
  event = "msg_showcmd",
  kind = {}
}
{
  event = "msg_showcmd",
  kind = { { 0, "~@k", 0 } }
}
{
  event = "msg_showcmd",
  kind = {}
}
{
  event = "msg_showcmd",
  kind = { { 0, "~@k", 0 } }
}
{
  event = "msg_showcmd",
  kind = {}
}
{
  event = "msg_showcmd",
  kind = { { 0, "~@k", 0 } }
}
{
  event = "msg_showcmd",
  kind = {}
}
{
  event = "msg_showcmd",
  kind = { { 0, "~@k", 0 } }
}
{
  event = "msg_showcmd",
  kind = {}
}
{
  event = "msg_showcmd",
  kind = { { 0, "~@k", 0 } }
}
{
  event = "msg_showcmd",
  kind = {}
}
{
  event = "msg_showcmd",
  kind = { { 0, "i", 0 } }
}
{
  event = "msg_showcmd",
  kind = {}
}
{
  event = "msg_showcmd",
  kind = { { 0, "u", 0 } }
}
{ { { 0, "1 change; before #113  8 seconds ago", 0 } }, true, true,
  event = "msg_show",
  kind = "undo"
}
{
  event = "msg_showcmd",
  kind = {}
}
{
  event = "msg_showcmd",
  kind = { { 0, "a", 0 } }
}
{
  event = "msg_showcmd",
  kind = {}
}
{ { { 0, '"lua\\configs\\notify.lua" ', 0 } }, true, false,
  event = "msg_show",
  kind = "bufwrite"
}
{ { { 0, '"lua\\configs\\notify.lua" 30L, 834B written', 0 } }, true, true,
  event = "msg_show",
  kind = "bufwrite"
}
{
  event = "msg_showcmd",
  kind = { { 0, "u", 0 } }
}
{ { { 0, "4 changes; before #116  6 seconds ago", 0 } }, true, true,
  event = "msg_show",
  kind = "undo"
}
{
  event = "msg_showcmd",
  kind = {}
}
{
  event = "msg_showcmd",
  kind = { { 0, "u", 0 } }
}
{ { { 0, "1 change; before #115  10 seconds ago", 0 } }, true, true,
  event = "msg_show",
  kind = "undo"
}
{
  event = "msg_showcmd",
  kind = {}
}
{
  event = "msg_showcmd",
  kind = { { 0, "u", 0 } }
}
{ { { 0, "1 change; before #114  17 seconds ago", 0 } }, true, true,
  event = "msg_show",
  kind = "undo"
}
{
  event = "msg_showcmd",
  kind = {}
}
{
  event = "msg_showcmd",
  kind = { { 0, "u", 0 } }
}
{ { { 0, "1 change; before #112  68 seconds ago", 0 } }, true, true,
  event = "msg_show",
  kind = "undo"
}
{
  event = "msg_showcmd",
  kind = {}
}
{
  event = "msg_showcmd",
  kind = { { 0, "u", 0 } }
}
{ { { 0, "1 change; before #111  71 seconds ago", 0 } }, true, true,
  event = "msg_show",
  kind = "undo"
}
{
  event = "msg_showcmd",
  kind = {}
}
{
  event = "msg_showcmd",
  kind = { { 0, "u", 0 } }
}
{ { { 0, "1 change; before #110  80 seconds ago", 0 } }, true, true,
  event = "msg_show",
  kind = "undo"
}
{
  event = "msg_showcmd",
  kind = {}
}
{
  event = "msg_showcmd",
  kind = { { 0, "u", 0 } }
}
{ { { 0, "1 change; before #109  91 seconds ago", 0 } }, true, true,
  event = "msg_show",
  kind = "undo"
}
{
  event = "msg_showcmd",
  kind = {}
}
{
  event = "msg_showcmd",
  kind = { { 0, "u", 0 } }
}
{ { { 0, "1 line less; before #108  06:03:58", 0 } }, true, true,
  event = "msg_show",
  kind = "undo"
}
{
  event = "msg_showcmd",
  kind = {}
}
{
  event = "msg_showcmd",
  kind = { { 0, "u", 0 } }
}
{ { { 0, "1 change; before #107  06:03:53", 0 } }, true, true,
  event = "msg_show",
  kind = "undo"
}
{
  event = "msg_showcmd",
  kind = {}
}
{
  event = "msg_showcmd",
  kind = { { 0, "u", 0 } }
}
{ { { 0, "1 change; before #106  06:03:53", 0 } }, true, true,
  event = "msg_show",
  kind = "undo"
}
{
  event = "msg_showcmd",
  kind = {}
}
{
  event = "msg_showcmd",
  kind = { { 0, "u", 0 } }
}
{ { { 0, "1 change; before #105  06:03:52", 0 } }, true, true,
  event = "msg_show",
  kind = "undo"
}
{
  event = "msg_showcmd",
  kind = {}
}
{
  event = "msg_showcmd",
  kind = { { 0, "u", 0 } }
}
{ { { 0, "1 change; before #104  06:03:52", 0 } }, true, true,
  event = "msg_show",
  kind = "undo"
}
{
  event = "msg_showcmd",
  kind = {}
}
{
  event = "msg_showcmd",
  kind = { { 0, "u", 0 } }
}
{ { { 0, "1 change; before #103  06:03:52", 0 } }, true, true,
  event = "msg_show",
  kind = "undo"
}
{
  event = "msg_showcmd",
  kind = {}
}
{
  event = "msg_showcmd",
  kind = { { 0, "u", 0 } }
}
{ { { 0, "1 change; before #102  06:03:52", 0 } }, true, true,
  event = "msg_show",
  kind = "undo"
}
{
  event = "msg_showcmd",
  kind = {}
}
{
  event = "msg_showcmd",
  kind = { { 0, "u", 0 } }
}
{ { { 0, "1 change; before #101  06:03:52", 0 } }, true, true,
  event = "msg_show",
  kind = "undo"
}
{
  event = "msg_showcmd",
  kind = {}
}
{
  event = "msg_showcmd",
  kind = { { 0, "u", 0 } }
}
{ { { 0, "1 change; before #100  06:03:52", 0 } }, true, true,
  event = "msg_show",
  kind = "undo"
}
{
  event = "msg_showcmd",
  kind = {}
}
{
  event = "msg_showcmd",
  kind = { { 0, "u", 0 } }
}
{ { { 0, "1 change; before #99  06:03:52", 0 } }, true, true,
  event = "msg_show",
  kind = "undo"
}
{
  event = "msg_showcmd",
  kind = {}
}
{
  event = "msg_showcmd",
  kind = { { 0, "u", 0 } }
}
{ { { 0, "1 change; before #98  06:03:52", 0 } }, true, true,
  event = "msg_show",
  kind = "undo"
}
{
  event = "msg_showcmd",
  kind = {}
}
{
  event = "msg_showcmd",
  kind = { { 0, "u", 0 } }
}
{ { { 0, "1 change; before #97  06:03:52", 0 } }, true, true,
  event = "msg_show",
  kind = "undo"
}
{
  event = "msg_showcmd",
  kind = {}
}
{
  event = "msg_showcmd",
  kind = { { 0, "u", 0 } }
}
{ { { 0, "1 change; before #96  06:03:51", 0 } }, true, true,
  event = "msg_show",
  kind = "undo"
}
{
  event = "msg_showcmd",
  kind = {}
}
{
  event = "msg_showcmd",
  kind = { { 0, "u", 0 } }
}
{ { { 0, "1 change; before #95  06:03:47", 0 } }, true, true,
  event = "msg_show",
  kind = "undo"
}
{
  event = "msg_showcmd",
  kind = {}
}
{
  event = "msg_showcmd",
  kind = { { 0, "u", 0 } }
}
{ { { 0, "3 changes; before #89  06:02:25", 0 } }, true, true,
  event = "msg_show",
  kind = "undo"
}
{
  event = "msg_showcmd",
  kind = {}
}
{
  event = "msg_showcmd",
  kind = { { 0, "u", 0 } }
}
{ { { 0, "1 more line; before #88  06:02:24", 0 } }, true, true,
  event = "msg_show",
  kind = "undo"
}
{
  event = "msg_showcmd",
  kind = {}
}
{
  event = "msg_showcmd",
  kind = { { 0, "u", 0 } }
}
{ { { 0, "1 more line; before #87  06:02:24", 0 } }, true, true,
  event = "msg_show",
  kind = "undo"
}
{
  event = "msg_showcmd",
  kind = {}
}
{
  event = "msg_showcmd",
  kind = { { 0, "u", 0 } }
}
{ { { 0, "1 change; before #86  06:02:17", 0 } }, true, true,
  event = "msg_show",
  kind = "undo"
}
{
  event = "msg_showcmd",
  kind = {}
}
{
  event = "msg_showcmd",
  kind = { { 0, "u", 0 } }
}
{ { { 0, "1 change; before #85  06:02:10", 0 } }, true, true,
  event = "msg_show",
  kind = "undo"
}
{
  event = "msg_showcmd",
  kind = {}
}
{
  event = "msg_showcmd",
  kind = { { 0, "u", 0 } }
}
{ { { 0, "1 change; before #84  06:02:09", 0 } }, true, true,
  event = "msg_show",
  kind = "undo"
}
{
  event = "msg_showcmd",
  kind = {}
}
{
  event = "msg_showcmd",
  kind = { { 0, "u", 0 } }
}
{ { { 0, "1 change; before #83  06:02:09", 0 } }, true, true,
  event = "msg_show",
  kind = "undo"
}
{
  event = "msg_showcmd",
  kind = {}
}
{
  event = "msg_showcmd",
  kind = { { 0, "u", 0 } }
}
{ { { 0, "1 change; before #82  06:02:02", 0 } }, true, true,
  event = "msg_show",
  kind = "undo"
}
{
  event = "msg_showcmd",
  kind = {}
}
{
  event = "msg_showcmd",
  kind = { { 0, "u", 0 } }
}
{ { { 0, "3 changes; before #81  06:01:56", 0 } }, true, true,
  event = "msg_show",
  kind = "undo"
}
{
  event = "msg_showcmd",
  kind = {}
}
{
  event = "msg_showcmd",
  kind = { { 0, "u", 0 } }
}
{ { { 0, "1 more line; before #80  06:01:55", 0 } }, true, true,
  event = "msg_show",
  kind = "undo"
}
{
  event = "msg_showcmd",
  kind = {}
}
{
  event = "msg_showcmd",
  kind = { { 0, "u", 0 } }
}
{ { { 0, "1 change; before #79  06:01:53", 0 } }, true, true,
  event = "msg_show",
  kind = "undo"
}
{
  event = "msg_showcmd",
  kind = {}
}
{
  event = "msg_showcmd",
  kind = { { 0, "u", 0 } }
}
{ { { 0, "1 line less; before #78  06:01:49", 0 } }, true, true,
  event = "msg_show",
  kind = "undo"
}
{
  event = "msg_showcmd",
  kind = {}
}
{
  event = "msg_showcmd",
  kind = { { 0, "u", 0 } }
}
{ { { 0, "2 changes; before #77  06:01:47", 0 } }, true, true,
  event = "msg_show",
  kind = "undo"
}
{
  event = "msg_showcmd",
  kind = {}
}
{
  event = "msg_showcmd",
  kind = { { 0, "u", 0 } }
}
{ { { 0, "1 change; before #76  06:01:31", 0 } }, true, true,
  event = "msg_show",
  kind = "undo"
}
{
  event = "msg_showcmd",
  kind = {}
}
{
  event = "msg_showcmd",
  kind = { { 0, "u", 0 } }
}
{ { { 0, "2 changes; before #75  06:01:23", 0 } }, true, true,
  event = "msg_show",
  kind = "undo"
}
{
  event = "msg_showcmd",
  kind = {}
}
{
  event = "msg_showcmd",
  kind = { { 0, "u", 0 } }
}
{ { { 0, "2 changes; before #74  06:01:23", 0 } }, true, true,
  event = "msg_show",
  kind = "undo"
}
{
  event = "msg_showcmd",
  kind = {}
}
{
  event = "msg_showcmd",
  kind = { { 0, "u", 0 } }
}
{ { { 0, "2 changes; before #73  06:01:22", 0 } }, true, true,
  event = "msg_show",
  kind = "undo"
}
{
  event = "msg_showcmd",
  kind = {}
}
{
  event = "msg_showcmd",
  kind = { { 0, "u", 0 } }
}
{ { { 0, "2 changes; before #55  06:01:04", 0 } }, true, true,
  event = "msg_show",
  kind = "undo"
}
{
  event = "msg_showcmd",
  kind = {}
}
{
  event = "msg_showcmd",
  kind = { { 0, "u", 0 } }
}
{ { { 0, "1 more line; before #54  06:01:00", 0 } }, true, true,
  event = "msg_show",
  kind = "undo"
}
{
  event = "msg_showcmd",
  kind = {}
}
{
  event = "msg_showcmd",
  kind = { { 0, "u", 0 } }
}
{ { { 0, "2 fewer lines; before #53  06:00:56", 0 } }, true, true,
  event = "msg_show",
  kind = "undo"
}
{
  event = "msg_showcmd",
  kind = {}
}
{
  event = "msg_showcmd",
  kind = { { 0, "u", 0 } }
}
{ { { 0, "1 change; before #52  06:00:55", 0 } }, true, true,
  event = "msg_show",
  kind = "undo"
}
{
  event = "msg_showcmd",
  kind = {}
}
{
  event = "msg_showcmd",
  kind = { { 0, "u", 0 } }
}
{ { { 0, "1 line less; before #51  06:00:45", 0 } }, true, true,
  event = "msg_show",
  kind = "undo"
}
{
  event = "msg_showcmd",
  kind = {}
}
{ { { 0, '"lua\\configs\\notify.lua" ', 0 } }, true, false,
  event = "msg_show",
  kind = "bufwrite"
}
{ { { 0, '"lua\\configs\\notify.lua" 29L, 810B written', 0 } }, true, true,
  event = "msg_show",
  kind = "bufwrite"
}
{
  event = "msg_showcmd",
  kind = { { 0, "~@k", 0 } }
}
{
  event = "msg_showcmd",
  kind = {}
}
{
  event = "msg_showcmd",
  kind = { { 0, "^]", 0 } }
}
{ { { 379, "E349: No identifier under cursor", 6 } }, false, true,
  event = "msg_show",
  kind = "emsg"
}
{
  event = "msg_clear"
}
{
  event = "msg_showcmd",
  kind = {}
}
{ { { 0, '"lua\\configs\\notify.lua" ', 0 } }, false, false,
  event = "msg_show",
  kind = "bufwrite"
}
{ { { 0, '"lua\\configs\\notify.lua" 29L, 810B written', 0 } }, true, true,
  event = "msg_show",
  kind = "bufwrite"
}
{
  event = "msg_showcmd",
  kind = { { 0, "~@k", 0 } }
}
{
  event = "msg_showcmd",
  kind = {}
}
{
  event = "msg_showcmd",
  kind = { { 0, "~@k", 0 } }
}
{
  event = "msg_showcmd",
  kind = {}
}
{
  event = "msg_showcmd",
  kind = { { 0, "~@k", 0 } }
}
{
  event = "msg_showcmd",
  kind = {}
}
{
  event = "msg_showcmd",
  kind = { { 0, "~@k", 0 } }
}
{
  event = "msg_showcmd",
  kind = {}
}
{
  event = "msg_showcmd",
  kind = { { 0, "~@k", 0 } }
}
{
  event = "msg_showcmd",
  kind = {}
}
{
  event = "msg_showcmd",
  kind = { { 0, "~@k", 0 } }
}
{
  event = "msg_showcmd",
  kind = {}
}
{
  event = "msg_showcmd",
  kind = { { 0, "~@k", 0 } }
}
{
  event = "msg_showcmd",
  kind = {}
}
{
  event = "msg_showcmd",
  kind = { { 0, "~@k", 0 } }
}
{
  event = "msg_showcmd",
  kind = {}
}
{
  event = "msg_showcmd",
  kind = { { 0, "~@k", 0 } }
}
{
  event = "msg_showcmd",
  kind = {}
}
{
  event = "msg_showcmd",
  kind = { { 0, "~@k", 0 } }
}
{
  event = "msg_showcmd",
  kind = {}
}
{
  event = "msg_showcmd",
  kind = { { 0, "~@k", 0 } }
}
{
  event = "msg_showcmd",
  kind = {}
}
{
  event = "msg_showcmd",
  kind = { { 0, "~@k", 0 } }
}
{
  event = "msg_showcmd",
  kind = {}
}
{
  event = "msg_showcmd",
  kind = { { 0, "~@k", 0 } }
}
{
  event = "msg_showcmd",
  kind = {}
}
{
  event = "msg_showcmd",
  kind = { { 0, "~@k", 0 } }
}
{
  event = "msg_showcmd",
  kind = {}
}
{
  event = "msg_showcmd",
  kind = { { 0, "~@k", 0 } }
}
{
  event = "msg_showcmd",
  kind = {}
}
{
  event = "msg_showcmd",
  kind = { { 0, "~@k", 0 } }
}
{
  event = "msg_showcmd",
  kind = {}
}
{
  event = "msg_showcmd",
  kind = { { 0, "~@k", 0 } }
}
{
  event = "msg_showcmd",
  kind = {}
}
{
  event = "msg_showcmd",
  kind = { { 0, "^W^W", 0 } }
}
{
  event = "msg_showcmd",
  kind = {}
}
{
  event = "msg_showcmd",
  kind = { { 0, "~@k", 0 } }
}
{
  event = "msg_showcmd",
  kind = {}
}
{
  event = "msg_showcmd",
  kind = { { 0, "~@k", 0 } }
}
{
  event = "msg_showcmd",
  kind = {}
}
{
  event = "msg_showcmd",
  kind = { { 0, "~@k", 0 } }
}
{
  event = "msg_showcmd",
  kind = {}
}
{
  event = "msg_showcmd",
  kind = { { 0, "~@k", 0 } }
}
{
  event = "msg_showcmd",
  kind = {}
}
{
  event = "msg_showcmd",
  kind = { { 0, "~@k", 0 } }
}
{
  event = "msg_showcmd",
  kind = {}
}
{
  event = "msg_showcmd",
  kind = { { 0, "~@k", 0 } }
}
{
  event = "msg_showcmd",
  kind = {}
}
{
  event = "msg_showcmd",
  kind = { { 0, "~@k", 0 } }
}
{
  event = "msg_showcmd",
  kind = {}
}
{
  event = "msg_showcmd",
  kind = { { 0, "~@k", 0 } }
}
{
  event = "msg_showcmd",
  kind = {}
}
{
  event = "msg_showcmd",
  kind = { { 0, "~@k", 0 } }
}
{
  event = "msg_showcmd",
  kind = {}
}
{
  event = "msg_showcmd",
  kind = { { 0, "~@k", 0 } }
}
{
  event = "msg_showcmd",
  kind = {}
}
{
  event = "msg_showcmd",
  kind = { { 0, "~@k", 0 } }
}
{
  event = "msg_showcmd",
  kind = {}
}
{
  event = "msg_showcmd",
  kind = { { 0, "~@k", 0 } }
}
{
  event = "msg_showcmd",
  kind = {}
}
{
  event = "msg_showcmd",
  kind = { { 0, "~@k", 0 } }
}
{
  event = "msg_showcmd",
  kind = {}
}
{
  event = "msg_showcmd",
  kind = { { 0, "~@k", 0 } }
}
{
  event = "msg_showcmd",
  kind = {}
}
{
  event = "msg_showcmd",
  kind = { { 0, "~@k", 0 } }
}
{
  event = "msg_showcmd",
  kind = {}
}
{
  event = "msg_showcmd",
  kind = { { 0, "~@k", 0 } }
}
{
  event = "msg_showcmd",
  kind = {}
}
{
  event = "msg_showcmd",
  kind = { { 0, "~@k", 0 } }
}
{
  event = "msg_showcmd",
  kind = {}
}
{
  event = "msg_showcmd",
  kind = { { 0, "~@k", 0 } }
}
{
  event = "msg_showcmd",
  kind = {}
}
{
  event = "msg_showcmd",
  kind = { { 0, "~@k", 0 } }
}
{
  event = "msg_showcmd",
  kind = {}
}
{
  event = "msg_showcmd",
  kind = { { 0, "~@k", 0 } }
}
{
  event = "msg_showcmd",
  kind = {}
}
{
  event = "msg_showcmd",
  kind = { { 0, "~@k", 0 } }
}
{
  event = "msg_showcmd",
  kind = {}
}
{
  event = "msg_showcmd",
  kind = { { 0, "~@k", 0 } }
}
{
  event = "msg_showcmd",
  kind = {}
}
{
  event = "msg_showcmd",
  kind = { { 0, "~@k", 0 } }
}
{
  event = "msg_showcmd",
  kind = {}
}
{
  event = "msg_showcmd",
  kind = { { 0, "~@k", 0 } }
}
{
  event = "msg_showcmd",
  kind = {}
}
{
  event = "msg_showcmd",
  kind = { { 0, "~@k", 0 } }
}
{
  event = "msg_showcmd",
  kind = {}
}
{
  event = "msg_showcmd",
  kind = { { 0, "~@k", 0 } }
}
{
  event = "msg_showcmd",
  kind = {}
}
{
  event = "msg_showcmd",
  kind = { { 0, "~@k", 0 } }
}
{
  event = "msg_showcmd",
  kind = {}
}
{
  event = "msg_showcmd",
  kind = { { 0, "~@k", 0 } }
}
{
  event = "msg_showcmd",
  kind = {}
}
{
  event = "msg_showcmd",
  kind = { { 0, "~@k", 0 } }
}
{
  event = "msg_showcmd",
  kind = {}
}
{
  event = "msg_showcmd",
  kind = { { 0, "~@k", 0 } }
}
{
  event = "msg_showcmd",
  kind = {}
}
{
  event = "msg_showcmd",
  kind = { { 0, "~@k", 0 } }
}
{
  event = "msg_showcmd",
  kind = {}
}
{
  event = "msg_showcmd",
  kind = { { 0, "~@k", 0 } }
}
{
  event = "msg_showcmd",
  kind = {}
}
{
  event = "msg_showcmd",
  kind = { { 0, "~@k", 0 } }
}
{
  event = "msg_showcmd",
  kind = {}
}
{
  event = "msg_showcmd",
  kind = { { 0, "~@k", 0 } }
}
{
  event = "msg_showcmd",
  kind = {}
}
{
  event = "msg_showcmd",
  kind = { { 0, "~@k", 0 } }
}
{
  event = "msg_showcmd",
  kind = {}
}
{
  event = "msg_showcmd",
  kind = { { 0, "~@k", 0 } }
}
{
  event = "msg_showcmd",
  kind = {}
}
{
  event = "msg_showcmd",
  kind = { { 0, "~@k", 0 } }
}
{
  event = "msg_showcmd",
  kind = {}
}
{
  event = "msg_showcmd",
  kind = { { 0, "G", 0 } }
}
{
  event = "msg_showcmd",
  kind = {}
}
{
  event = "msg_showcmd",
  kind = { { 0, "o", 0 } }
}
{
  event = "msg_showcmd",
  kind = {}
}
{ { { 0, "Add the code at the top of the file to require this file?: \n1: lazy.core.config\n2: Disable auto require", 0 } }, true, false,
  event = "msg_show",
  kind = "confirm"
}
{ 0, "", "Type number and <Enter> or click with the mouse (q or empty cancels): ", 0, 1, 0,
  event = "cmdline_show",
  kind = { { 0, "" } }
}
{ 1, "", "Type number and <Enter> or click with the mouse (q or empty cancels): ", 0, 1, 0,
  event = "cmdline_show",
  kind = { { 0, "s" } }
}
{ 2, "", "Type number and <Enter> or click with the mouse (q or empty cancels): ", 0, 1, 0,
  event = "cmdline_show",
  kind = { { 0, "si" } }
}
{ true,
  event = "cmdline_hide",
  kind = 1
}
{
  event = "msg_clear"
}
{
  event = "msg_showcmd",
  kind = { { 0, "i", 0 } }
}
{
  event = "msg_showcmd",
  kind = {}
}
{
  event = "msg_showcmd",
  kind = { { 0, ":", 0 } }
}
{ 0, ":", "", 0, 1, 0,
  event = "cmdline_show",
  kind = { { 0, "" } }
}
{ 1, ":", "", 0, 1, 0,
  event = "cmdline_show",
  kind = { { 0, "w" } }
}
{ false,
  event = "cmdline_hide",
  kind = 1
}
{ { { 0, '"~\\AppData\\Local\\nvim\\init.lua" ', 0 } }, false, false,
  event = "msg_show",
  kind = "bufwrite"
}
{ { { 0, '"~\\AppData\\Local\\nvim\\init.lua" 47L, 1072B written', 0 } }, true, true,
  event = "msg_show",
  kind = "bufwrite"
}
{
  event = "msg_showcmd",
  kind = {}
}
{ false,
  event = "cmdline_hide",
  kind = 1
}
{
  event = "msg_showcmd",
  kind = { { 0, ":", 0 } }
}
{ 0, ":", "", 0, 1, 0,
  event = "cmdline_show",
  kind = { { 0, "" } }
}
{ 1, ":", "", 0, 1, 0,
  event = "cmdline_show",
  kind = { { 0, "k" } }
}
{ 2, ":", "", 0, 1, 0,
  event = "cmdline_show",
  kind = { { 0, "kl" } }
}
{ 3, ":", "", 0, 1, 0,
  event = "cmdline_show",
  kind = { { 0, "kls" } }
}
{ 4, ":", "", 0, 1, 0,
  event = "cmdline_show",
  kind = { { 0, "klsd" } }
}
{ 5, ":", "", 0, 1, 0,
  event = "cmdline_show",
  kind = { { 0, "klsdj" } }
}
{ 6, ":", "", 0, 1, 0,
  event = "cmdline_show",
  kind = { { 0, "klsdjd" } }
}
{ 7, ":", "", 0, 1, 0,
  event = "cmdline_show",
  kind = { { 0, "klsdjdd" } }
}
{ 8, ":", "", 0, 1, 0,
  event = "cmdline_show",
  kind = { { 0, "klsdjdds" } }
}
{ 9, ":", "", 0, 1, 0,
  event = "cmdline_show",
  kind = { { 0, "klsdjddsk" } }
}
{ 10, ":", "", 0, 1, 0,
  event = "cmdline_show",
  kind = { { 0, "klsdjddskf" } }
}
{ 11, ":", "", 0, 1, 0,
  event = "cmdline_show",
  kind = { { 0, "klsdjddskfs" } }
}
{ false,
  event = "cmdline_hide",
  kind = 1
}
{
  event = "msg_showcmd",
  kind = {}
}
{ { { 373, "E488: Trailing characters: lsdjddskfs", 6 } }, false, true,
  event = "msg_show",
  kind = "emsg"
}
{
  event = "msg_showcmd",
  kind = { { 0, "^W", 0 } }
}
{
  event = "msg_showcmd",
  kind = {}
}
{
  event = "msg_showcmd",
  kind = { { 0, "^W^W", 0 } }
}
{
  event = "msg_showcmd",
  kind = {}
}
{
  event = "msg_showcmd",
  kind = { { 0, "^W^W", 0 } }
}
{
  event = "msg_showcmd",
  kind = {}
}
{
  event = "msg_showcmd",
  kind = { { 0, "~@k", 0 } }
}
{
  event = "msg_showcmd",
  kind = {}
}
{
  event = "msg_showcmd",
  kind = { { 0, "^W^W", 0 } }
}
{
  event = "msg_showcmd",
  kind = {}
}
{
  event = "msg_showcmd",
  kind = { { 0, "~@k", 0 } }
}
{
  event = "msg_showcmd",
  kind = {}
}
{
  event = "msg_showcmd",
  kind = { { 0, "~@k", 0 } }
}
{
  event = "msg_showcmd",
  kind = {}
}
{
  event = "msg_showcmd",
  kind = { { 0, "~@k", 0 } }
}
{
  event = "msg_showcmd",
  kind = {}
}
{
  event = "msg_showcmd",
  kind = { { 0, "~@k", 0 } }
}
{
  event = "msg_showcmd",
  kind = {}
}
{
  event = "msg_showcmd",
  kind = { { 0, "~@k", 0 } }
}
{
  event = "msg_showcmd",
  kind = {}
}
{
  event = "msg_showcmd",
  kind = { { 0, "~@k", 0 } }
}
{
  event = "msg_showcmd",
  kind = {}
}
{
  event = "msg_showcmd",
  kind = { { 0, "~@k", 0 } }
}
{
  event = "msg_showcmd",
  kind = {}
}
{
  event = "msg_showcmd",
  kind = { { 0, "~@k", 0 } }
}
{
  event = "msg_showcmd",
  kind = {}
}
{
  event = "msg_showcmd",
  kind = { { 0, "~@k", 0 } }
}
{
  event = "msg_showcmd",
  kind = {}
}
{
  event = "msg_showcmd",
  kind = { { 0, "~@k", 0 } }
}
{
  event = "msg_showcmd",
  kind = {}
}
{
  event = "msg_showcmd",
  kind = { { 0, "~@k", 0 } }
}
{
  event = "msg_showcmd",
  kind = {}
}
{
  event = "msg_showcmd",
  kind = { { 0, "~@k", 0 } }
}
{
  event = "msg_showcmd",
  kind = {}
}
{
  event = "msg_showcmd",
  kind = { { 0, "~@k", 0 } }
}
{
  event = "msg_showcmd",
  kind = {}
}
{
  event = "msg_showcmd",
  kind = { { 0, "~@k", 0 } }
}
{
  event = "msg_showcmd",
  kind = {}
}
{
  event = "msg_showcmd",
  kind = { { 0, "~@k", 0 } }
}
{
  event = "msg_showcmd",
  kind = {}
}
{
  event = "msg_showcmd",
  kind = { { 0, "~@k", 0 } }
}
{
  event = "msg_showcmd",
  kind = {}
}
{
  event = "msg_showcmd",
  kind = { { 0, "~@k", 0 } }
}
{
  event = "msg_showcmd",
  kind = {}
}
{
  event = "msg_showcmd",
  kind = { { 0, "~@k", 0 } }
}
{
  event = "msg_showcmd",
  kind = {}
}
{
  event = "msg_showcmd",
  kind = { { 0, "~@k", 0 } }
}
{
  event = "msg_showcmd",
  kind = {}
}
{
  event = "msg_showcmd",
  kind = { { 0, "~@k", 0 } }
}
{
  event = "msg_showcmd",
  kind = {}
}
{
  event = "msg_showcmd",
  kind = { { 0, "~@k", 0 } }
}
{
  event = "msg_showcmd",
  kind = {}
}
{
  event = "msg_showcmd",
  kind = { { 0, "~@k", 0 } }
}
{
  event = "msg_showcmd",
  kind = {}
}
{
  event = "msg_showcmd",
  kind = { { 0, "~@k", 0 } }
}
{
  event = "msg_showcmd",
  kind = {}
}
{
  event = "msg_showcmd",
  kind = { { 0, "a", 0 } }
}
{
  event = "msg_showcmd",
  kind = {}
}
{ { { 0, '"lua\\configs\\notify.lua" ', 0 } }, true, false,
  event = "msg_show",
  kind = "bufwrite"
}
{ { { 0, '"lua\\configs\\notify.lua" 29L, 810B written', 0 } }, true, true,
  event = "msg_show",
  kind = "bufwrite"
}
{
  event = "msg_showcmd",
  kind = { { 0, "a", 0 } }
}
{
  event = "msg_showcmd",
  kind = {}
}
{ { { 0, '"lua\\configs\\notify.lua" ', 0 } }, true, false,
  event = "msg_show",
  kind = "bufwrite"
}
{ { { 0, '"lua\\configs\\notify.lua" 29L, 797B written', 0 } }, true, true,
  event = "msg_show",
  kind = "bufwrite"
}
{ { { 0, '"lua\\configs\\notify.lua" ', 0 } }, true, false,
  event = "msg_show",
  kind = "bufwrite"
}
{ { { 0, '"lua\\configs\\notify.lua" 29L, 797B written', 0 } }, true, true,
  event = "msg_show",
  kind = "bufwrite"
}
{
  event = "msg_showcmd",
  kind = { { 0, "^W^W", 0 } }
}
{
  event = "msg_showcmd",
  kind = {}
}
{
  event = "msg_showcmd",
  kind = { { 0, "~@k", 0 } }
}
{
  event = "msg_showcmd",
  kind = {}
}
{
  event = "msg_showcmd",
  kind = { { 0, "~@k", 0 } }
}
{
  event = "msg_showcmd",
  kind = {}
}
{
  event = "msg_showcmd",
  kind = { { 0, "~@k", 0 } }
}
{
  event = "msg_showcmd",
  kind = {}
}
{
  event = "msg_showcmd",
  kind = { { 0, "~@k", 0 } }
}
{
  event = "msg_showcmd",
  kind = {}
}
{
  event = "msg_showcmd",
  kind = { { 0, "~@k", 0 } }
}
{
  event = "msg_showcmd",
  kind = {}
}
{
  event = "msg_showcmd",
  kind = { { 0, "~@k", 0 } }
}
{
  event = "msg_showcmd",
  kind = {}
}
{
  event = "msg_showcmd",
  kind = { { 0, "~@k", 0 } }
}
{
  event = "msg_showcmd",
  kind = {}
}
{
  event = "msg_showcmd",
  kind = { { 0, "~@k", 0 } }
}
{
  event = "msg_showcmd",
  kind = {}
}
{
  event = "msg_showcmd",
  kind = { { 0, "~@k", 0 } }
}
{
  event = "msg_showcmd",
  kind = {}
}
{
  event = "msg_showcmd",
  kind = { { 0, "~@k", 0 } }
}
{
  event = "msg_showcmd",
  kind = {}
}
{
  event = "msg_showcmd",
  kind = { { 0, "~@k", 0 } }
}
{
  event = "msg_showcmd",
  kind = {}
}
{
  event = "msg_showcmd",
  kind = { { 0, "~@k", 0 } }
}
{
  event = "msg_showcmd",
  kind = {}
}
{
  event = "msg_showcmd",
  kind = { { 0, "~@k", 0 } }
}
{
  event = "msg_showcmd",
  kind = {}
}
{
  event = "msg_showcmd",
  kind = { { 0, "~@k", 0 } }
}
{
  event = "msg_showcmd",
  kind = {}
}
{
  event = "msg_showcmd",
  kind = { { 0, "~@k", 0 } }
}
{
  event = "msg_showcmd",
  kind = {}
}
{
  event = "msg_showcmd",
  kind = { { 0, "~@k", 0 } }
}
{
  event = "msg_showcmd",
  kind = {}
}
{
  event = "msg_showcmd",
  kind = { { 0, "~@k", 0 } }
}
{
  event = "msg_showcmd",
  kind = {}
}
{
  event = "msg_showcmd",
  kind = { { 0, "~@k", 0 } }
}
{
  event = "msg_showcmd",
  kind = {}
}
{
  event = "msg_showcmd",
  kind = { { 0, "~@k", 0 } }
}
{
  event = "msg_showcmd",
  kind = {}
}
{
  event = "msg_showcmd",
  kind = { { 0, "~@k", 0 } }
}
{
  event = "msg_showcmd",
  kind = {}
}
{
  event = "msg_showcmd",
  kind = { { 0, "~@k", 0 } }
}
{
  event = "msg_showcmd",
  kind = {}
}
{
  event = "msg_showcmd",
  kind = { { 0, "dl", 0 } }
}
{
  event = "msg_showcmd",
  kind = {}
}
{
  event = "msg_showcmd",
  kind = { { 0, "~@k", 0 } }
}
{
  event = "msg_showcmd",
  kind = {}
}
{
  event = "msg_showcmd",
  kind = { { 0, "dl", 0 } }
}
{
  event = "msg_showcmd",
  kind = {}
}
{ { { 0, '"init.lua" ', 0 } }, true, false,
  event = "msg_show",
  kind = "bufwrite"
}
{ { { 0, '"init.lua" 45L, 1068B written', 0 } }, true, true,
  event = "msg_show",
  kind = "bufwrite"
}
{
  event = "msg_showcmd",
  kind = { { 0, "n", 0 } }
}
{ { { 0, "?\\<nvim_open_win()\\>             ", 0 } }, true, false,
  event = "msg_show",
  kind = "search_cmd"
}
{ { { 373, "E486: Pattern not found: \\<nvim_open_win()\\>", 6 } }, false, true,
  event = "msg_show",
  kind = "emsg"
}
{
  event = "msg_clear"
}
{
  event = "msg_showcmd",
  kind = {}
}
{
  event = "msg_showcmd",
  kind = { { 0, "v", 0 } }
}
{
  event = "msg_showcmd",
  kind = { { 0, "1", 0 } }
}
{
  event = "msg_showcmd",
  kind = { { 0, "1", 0 } }
}
{
  event = "msg_showcmd",
  kind = { { 0, "1", 0 } }
}
{
  event = "msg_showcmd",
  kind = { { 0, "1", 0 } }
}
{
  event = "msg_showcmd",
  kind = { { 0, "1", 0 } }
}
{
  event = "msg_showcmd",
  kind = {}
}
{
  event = "msg_showcmd",
  kind = { { 0, "im", 0 } }
}
{
  event = "msg_showcmd",
  kind = { { 0, "1", 0 } }
}
{
  event = "msg_showcmd",
  kind = { { 0, "1", 0 } }
}
{
  event = "msg_showcmd",
  kind = { { 0, "1", 0 } }
}
{
  event = "msg_showcmd",
  kind = { { 0, "1", 0 } }
}
{
  event = "msg_showcmd",
  kind = { { 0, "1", 0 } }
}
{
  event = "msg_showcmd",
  kind = { { 0, "1", 0 } }
}
{
  event = "msg_showcmd",
  kind = { { 0, "1", 0 } }
}
{
  event = "msg_showcmd",
  kind = { { 0, "1", 0 } }
}
{
  event = "msg_showcmd",
  kind = { { 0, "^M", 0 } }
}
{
  event = "msg_showcmd",
  kind = { { 0, "2", 0 } }
}
{
  event = "msg_showcmd",
  kind = { { 0, "2", 0 } }
}
{
  event = "msg_showcmd",
  kind = { { 0, "2", 0 } }
}
{
  event = "msg_showcmd",
  kind = { { 0, "2", 0 } }
}
{
  event = "msg_showcmd",
  kind = { { 0, "2", 0 } }
}
{
  event = "msg_showcmd",
  kind = { { 0, "2", 0 } }
}
{
  event = "msg_showcmd",
  kind = { { 0, "2", 0 } }
}
{
  event = "msg_showcmd",
  kind = { { 0, "2", 0 } }
}
{
  event = "msg_showcmd",
  kind = { { 0, "2", 0 } }
}
{
  event = "msg_showcmd",
  kind = { { 0, "2", 0 } }
}
{
  event = "msg_showcmd",
  kind = { { 0, "2", 0 } }
}
{
  event = "msg_showcmd",
  kind = { { 0, "2", 0 } }
}
{
  event = "msg_showcmd",
  kind = { { 0, "2", 0 } }
}
{
  event = "msg_showcmd",
  kind = { { 0, "2", 0 } }
}
{
  event = "msg_showcmd",
  kind = { { 0, "2", 0 } }
}
{
  event = "msg_showcmd",
  kind = { { 0, "2", 0 } }
}
{
  event = "msg_showcmd",
  kind = { { 0, "2", 0 } }
}
{
  event = "msg_showcmd",
  kind = { { 0, "2", 0 } }
}
{
  event = "msg_showcmd",
  kind = { { 0, "2", 0 } }
}
{
  event = "msg_showcmd",
  kind = { { 0, "2", 0 } }
}
{
  event = "msg_showcmd",
  kind = { { 0, "2", 0 } }
}
{
  event = "msg_showcmd",
  kind = { { 0, "2", 0 } }
}
{
  event = "msg_showcmd",
  kind = { { 0, "2", 0 } }
}
{
  event = "msg_showcmd",
  kind = { { 0, "^[", 0 } }
}
{
  event = "msg_showcmd",
  kind = {}
}
{
  event = "msg_showcmd",
  kind = { { 0, "A", 0 } }
}
{
  event = "msg_showcmd",
  kind = {}
}
{
  event = "msg_showcmd",
  kind = { { 0, "i", 0 } }
}
{
  event = "msg_showcmd",
  kind = {}
}
{ { { 0, '"init.lua" ', 0 } }, false, false,
  event = "msg_show",
  kind = "bufwrite"
}
{ { { 0, '"init.lua" 46L, 1092B written', 0 } }, true, true,
  event = "msg_show",
  kind = "bufwrite"
}
{
  event = "msg_showcmd",
  kind = { { 0, "~@k", 0 } }
}
{
  event = "msg_showcmd",
  kind = {}
}
{ false,
  event = "cmdline_hide",
  kind = 1
}
{
  event = "msg_showcmd",
  kind = { { 0, ":", 0 } }
}
{ 0, ":", "", 0, 1, 0,
  event = "cmdline_show",
  kind = { { 0, "" } }
}
{ 1, ":", "", 0, 1, 0,
  event = "cmdline_show",
  kind = { { 0, "o" } }
}
{ 2, ":", "", 0, 1, 0,
  event = "cmdline_show",
  kind = { { 0, "os" } }
}
{ 3, ":", "", 0, 1, 0,
  event = "cmdline_show",
  kind = { { 0, "osk" } }
}
{ 4, ":", "", 0, 1, 0,
  event = "cmdline_show",
  kind = { { 0, "oskd" } }
}
{ 5, ":", "", 0, 1, 0,
  event = "cmdline_show",
  kind = { { 0, "oskdf" } }
}
{ 6, ":", "", 0, 1, 0,
  event = "cmdline_show",
  kind = { { 0, "oskdfk" } }
}
{ 7, ":", "", 0, 1, 0,
  event = "cmdline_show",
  kind = { { 0, "oskdfks" } }
}
{ 8, ":", "", 0, 1, 0,
  event = "cmdline_show",
  kind = { { 0, "oskdfksp" } }
}
{ 9, ":", "", 0, 1, 0,
  event = "cmdline_show",
  kind = { { 0, "oskdfkspf" } }
}
{ false,
  event = "cmdline_hide",
  kind = 1
}
{
  event = "msg_showcmd",
  kind = {}
}
{ { { 382, "E492: Not an editor command: oskdfkspf", 6 } }, false, true,
  event = "msg_show",
  kind = "emsg"
}
{
  event = "msg_showcmd",
  kind = { { 0, "s", 0 } }
}
{
  event = "msg_showcmd",
  kind = {}
}
{
  event = "msg_showcmd",
  kind = { { 0, "cl", 0 } }
}
{
  event = "msg_showcmd",
  kind = {}
}
{
  event = "msg_showcmd",
  kind = { { 0, "~@k", 0 } }
}
{
  event = "msg_showcmd",
  kind = {}
}
{
  event = "msg_showcmd",
  kind = { { 0, "~@k", 0 } }
}
{
  event = "msg_showcmd",
  kind = {}
}
{
  event = "msg_showcmd",
  kind = { { 0, "~@k", 0 } }
}
{
  event = "msg_showcmd",
  kind = {}
}
{
  event = "msg_showcmd",
  kind = { { 0, "~@k", 0 } }
}
{
  event = "msg_showcmd",
  kind = {}
}
{
  event = "msg_showcmd",
  kind = { { 0, "~@k", 0 } }
}
{
  event = "msg_showcmd",
  kind = {}
}
{
  event = "msg_showcmd",
  kind = { { 0, "~@k", 0 } }
}
{
  event = "msg_showcmd",
  kind = {}
}
{
  event = "msg_showcmd",
  kind = { { 0, "~@k", 0 } }
}
{
  event = "msg_showcmd",
  kind = {}
}
{
  event = "msg_showcmd",
  kind = { { 0, "~@k", 0 } }
}
{
  event = "msg_showcmd",
  kind = {}
}
{
  event = "msg_showcmd",
  kind = { { 0, "~@k", 0 } }
}
{
  event = "msg_showcmd",
  kind = {}
}
{
  event = "msg_showcmd",
  kind = { { 0, "~@k", 0 } }
}
{
  event = "msg_showcmd",
  kind = {}
}
{
  event = "msg_showcmd",
  kind = { { 0, "~@k", 0 } }
}
{
  event = "msg_showcmd",
  kind = {}
}
{
  event = "msg_showcmd",
  kind = { { 0, "~@k", 0 } }
}
{
  event = "msg_showcmd",
  kind = {}
}
{
  event = "msg_showcmd",
  kind = { { 0, "~@k", 0 } }
}
{
  event = "msg_showcmd",
  kind = {}
}
{
  event = "msg_showcmd",
  kind = { { 0, "~@k", 0 } }
}
{
  event = "msg_showcmd",
  kind = {}
}
{
  event = "msg_showcmd",
  kind = { { 0, "~@k", 0 } }
}
{
  event = "msg_showcmd",
  kind = {}
}
{
  event = "msg_showcmd",
  kind = { { 0, "~@k", 0 } }
}
{
  event = "msg_showcmd",
  kind = {}
}
{
  event = "msg_showcmd",
  kind = { { 0, "~@k", 0 } }
}
{
  event = "msg_showcmd",
  kind = {}
}
{
  event = "msg_showcmd",
  kind = { { 0, "~@k", 0 } }
}
{
  event = "msg_showcmd",
  kind = {}
}
{
  event = "msg_showcmd",
  kind = { { 0, "~@k", 0 } }
}
{
  event = "msg_showcmd",
  kind = {}
}
{
  event = "msg_showcmd",
  kind = { { 0, "~@k", 0 } }
}
{
  event = "msg_showcmd",
  kind = {}
}
{
  event = "msg_showcmd",
  kind = { { 0, "~@k", 0 } }
}
{
  event = "msg_showcmd",
  kind = {}
}
{
  event = "msg_showcmd",
  kind = { { 0, "~@k", 0 } }
}
{
  event = "msg_showcmd",
  kind = {}
}
{
  event = "msg_showcmd",
  kind = { { 0, "~@k", 0 } }
}
{
  event = "msg_showcmd",
  kind = {}
}
{
  event = "msg_showcmd",
  kind = { { 0, "~@k", 0 } }
}
{
  event = "msg_showcmd",
  kind = {}
}
{
  event = "msg_showcmd",
  kind = { { 0, "~@k", 0 } }
}
{
  event = "msg_showcmd",
  kind = {}
}
{
  event = "msg_showcmd",
  kind = { { 0, "~@k", 0 } }
}
{
  event = "msg_showcmd",
  kind = {}
}
{
  event = "msg_showcmd",
  kind = { { 0, "~@k", 0 } }
}
{
  event = "msg_showcmd",
  kind = {}
}
{
  event = "msg_showcmd",
  kind = { { 0, "d", 0 } }
}
{
  event = "msg_showcmd",
  kind = { { 0, "dd", 0 } }
}
{
  event = "msg_showcmd",
  kind = {}
}
{ { { 0, '"init.lua" ', 0 } }, true, false,
  event = "msg_show",
  kind = "bufwrite"
}
{ { { 0, '"init.lua" 45L, 1065B written', 0 } }, true, true,
  event = "msg_show",
  kind = "bufwrite"
}
{
  event = "msg_showcmd",
  kind = { { 0, "~@k", 0 } }
}
{
  event = "msg_showcmd",
  kind = {}
}
{
  event = "msg_showcmd",
  kind = { { 0, "<20>", 0 } }
}
{
  event = "msg_showcmd",
  kind = {}
}
{ false,
  event = "cmdline_hide",
  kind = 1
}
{
  event = "msg_showcmd",
  kind = { { 0, ":", 0 } }
}
{ 0, ":", "", 0, 1, 0,
  event = "cmdline_show",
  kind = { { 0, "" } }
}
{ 1, ":", "", 0, 1, 0,
  event = "cmdline_show",
  kind = { { 0, "#" } }
}
{ 2, ":", "", 0, 1, 0,
  event = "cmdline_show",
  kind = { { 0, "#s" } }
}
{ 3, ":", "", 0, 1, 0,
  event = "cmdline_show",
  kind = { { 0, "#sa" } }
}
{ 4, ":", "", 0, 1, 0,
  event = "cmdline_show",
  kind = { { 0, "#sad" } }
}
{ 6, ":", "", 0, 1, 0,
  event = "cmdline_show",
  kind = { { 0, "#sadö" } }
}
{ 8, ":", "", 0, 1, 0,
  event = "cmdline_show",
  kind = { { 0, "#sadöä" } }
}
{ 9, ":", "", 0, 1, 0,
  event = "cmdline_show",
  kind = { { 0, "#sadöäd" } }
}
{ 11, ":", "", 0, 1, 0,
  event = "cmdline_show",
  kind = { { 0, "#sadöädö" } }
}
{ 12, ":", "", 0, 1, 0,
  event = "cmdline_show",
  kind = { { 0, "#sadöädöa" } }
}
{ false,
  event = "cmdline_hide",
  kind = 1
}
{
  event = "msg_showcmd",
  kind = {}
}
{ { { 382, "E488: Trailing characters: sadöädöa", 6 } }, false, true,
  event = "msg_show",
  kind = "emsg"
}
{
  event = "msg_showcmd",
  kind = { { 0, "^W", 0 } }
}
{
  event = "msg_showcmd",
  kind = {}
}
{
  event = "msg_showcmd",
  kind = { { 0, "^W^W", 0 } }
}
{
  event = "msg_showcmd",
  kind = {}
}
{
  event = "msg_showcmd",
  kind = { { 0, "^W^W", 0 } }
}
{
  event = "msg_showcmd",
  kind = {}
}
{
  event = "msg_showcmd",
  kind = { { 0, "~@k", 0 } }
}
{
  event = "msg_showcmd",
  kind = {}
}
{
  event = "msg_showcmd",
  kind = { { 0, "~@k", 0 } }
}
{
  event = "msg_showcmd",
  kind = {}
}
{
  event = "msg_showcmd",
  kind = { { 0, "~@k", 0 } }
}
{
  event = "msg_showcmd",
  kind = {}
}
{
  event = "msg_showcmd",
  kind = { { 0, "~@k", 0 } }
}
{
  event = "msg_showcmd",
  kind = {}
}
{
  event = "msg_showcmd",
  kind = { { 0, "~@k", 0 } }
}
{
  event = "msg_showcmd",
  kind = {}
}
{
  event = "msg_showcmd",
  kind = { { 0, "~@k", 0 } }
}
{
  event = "msg_showcmd",
  kind = {}
}
{
  event = "msg_showcmd",
  kind = { { 0, "~@k", 0 } }
}
{
  event = "msg_showcmd",
  kind = {}
}
{
  event = "msg_showcmd",
  kind = { { 0, "~@k", 0 } }
}
{
  event = "msg_showcmd",
  kind = {}
}
{
  event = "msg_showcmd",
  kind = { { 0, "~@k", 0 } }
}
{
  event = "msg_showcmd",
  kind = {}
}
{
  event = "msg_showcmd",
  kind = { { 0, "~@k", 0 } }
}
{
  event = "msg_showcmd",
  kind = {}
}
{
  event = "msg_showcmd",
  kind = { { 0, "~@k", 0 } }
}
{
  event = "msg_showcmd",
  kind = {}
}
{
  event = "msg_showcmd",
  kind = { { 0, "~@k", 0 } }
}
{
  event = "msg_showcmd",
  kind = {}
}
{
  event = "msg_showcmd",
  kind = { { 0, "~@k", 0 } }
}
{
  event = "msg_showcmd",
  kind = {}
}
{
  event = "msg_showcmd",
  kind = { { 0, "~@k", 0 } }
}
{
  event = "msg_showcmd",
  kind = {}
}
{
  event = "msg_showcmd",
  kind = { { 0, "~@k", 0 } }
}
{
  event = "msg_showcmd",
  kind = {}
}
{
  event = "msg_showcmd",
  kind = { { 0, "~@k", 0 } }
}
{
  event = "msg_showcmd",
  kind = {}
}
{
  event = "msg_showcmd",
  kind = { { 0, "~@k", 0 } }
}
{
  event = "msg_showcmd",
  kind = {}
}
{
  event = "msg_showcmd",
  kind = { { 0, "~@k", 0 } }
}
{
  event = "msg_showcmd",
  kind = {}
}
{
  event = "msg_showcmd",
  kind = { { 0, "~@k", 0 } }
}
{
  event = "msg_showcmd",
  kind = {}
}
{
  event = "msg_showcmd",
  kind = { { 0, "~@k", 0 } }
}
{
  event = "msg_showcmd",
  kind = {}
}
{
  event = "msg_showcmd",
  kind = { { 0, "~@k", 0 } }
}
{
  event = "msg_showcmd",
  kind = {}
}
{
  event = "msg_showcmd",
  kind = { { 0, "~@k", 0 } }
}
{
  event = "msg_showcmd",
  kind = {}
}
{
  event = "msg_showcmd",
  kind = { { 0, "~@k", 0 } }
}
{
  event = "msg_showcmd",
  kind = {}
}
{
  event = "msg_showcmd",
  kind = { { 0, "~@k", 0 } }
}
{
  event = "msg_showcmd",
  kind = {}
}
{
  event = "msg_showcmd",
  kind = { { 0, "~@k", 0 } }
}
{
  event = "msg_showcmd",
  kind = {}
}
{
  event = "msg_showcmd",
  kind = { { 0, "~@k", 0 } }
}
{
  event = "msg_showcmd",
  kind = {}
}
{
  event = "msg_showcmd",
  kind = { { 0, "~@k", 0 } }
}
{
  event = "msg_showcmd",
  kind = {}
}
{
  event = "msg_showcmd",
  kind = { { 0, "~@k", 0 } }
}
{
  event = "msg_showcmd",
  kind = {}
}
{
  event = "msg_showcmd",
  kind = { { 0, "~@k", 0 } }
}
{
  event = "msg_showcmd",
  kind = {}
}
{
  event = "msg_showcmd",
  kind = { { 0, "~@k", 0 } }
}
{
  event = "msg_showcmd",
  kind = {}
}
{
  event = "msg_showcmd",
  kind = { { 0, "~@k", 0 } }
}
{
  event = "msg_showcmd",
  kind = {}
}
{
  event = "msg_showcmd",
  kind = { { 0, "~@k", 0 } }
}
{
  event = "msg_showcmd",
  kind = {}
}
{
  event = "msg_showcmd",
  kind = { { 0, "~@k", 0 } }
}
{
  event = "msg_showcmd",
  kind = {}
}
{
  event = "msg_showcmd",
  kind = { { 0, "~@k", 0 } }
}
{
  event = "msg_showcmd",
  kind = {}
}
{
  event = "msg_showcmd",
  kind = { { 0, "~@k", 0 } }
}
{
  event = "msg_showcmd",
  kind = {}
}
{
  event = "msg_showcmd",
  kind = { { 0, "~@k", 0 } }
}
{
  event = "msg_showcmd",
  kind = {}
}
{
  event = "msg_showcmd",
  kind = { { 0, "~@k", 0 } }
}
{
  event = "msg_showcmd",
  kind = {}
}
{
  event = "msg_showcmd",
  kind = { { 0, "~@k", 0 } }
}
{
  event = "msg_showcmd",
  kind = {}
}
{
  event = "msg_showcmd",
  kind = { { 0, "~@k", 0 } }
}
{
  event = "msg_showcmd",
  kind = {}
}
{
  event = "msg_showcmd",
  kind = { { 0, "~@k", 0 } }
}
{
  event = "msg_showcmd",
  kind = {}
}
{
  event = "msg_showcmd",
  kind = { { 0, "i", 0 } }
}
{
  event = "msg_showcmd",
  kind = {}
}
{ { { 0, '"lua\\chadrc.lua" ', 0 } }, true, false,
  event = "msg_show",
  kind = "bufwrite"
}
{ { { 0, '"lua\\chadrc.lua" 40L, 839B written', 0 } }, true, true,
  event = "msg_show",
  kind = "bufwrite"
}
{
  event = "msg_showcmd",
  kind = { { 0, ":", 0 } }
}
{
  event = "msg_clear"
}
{ 0, ":", "", 0, 1, 0,
  event = "cmdline_show",
  kind = { { 0, "" } }
}
{ 12, ":", "", 0, 1, 0,
  event = "cmdline_show",
  kind = { { 0, "#sadöädöa" } }
}
{ false,
  event = "cmdline_hide",
  kind = 1
}
{
  event = "msg_showcmd",
  kind = {}
}
{ { { 620, "E488: Trailing characters: sadöädöa", 6 } }, false, true,
  event = "msg_show",
  kind = "emsg"
}
{
  event = "msg_showcmd",
  kind = { { 0, "^W^W", 0 } }
}
{
  event = "msg_showcmd",
  kind = {}
}
{
  event = "msg_showcmd",
  kind = { { 0, "~@k", 0 } }
}
{
  event = "msg_showcmd",
  kind = {}
}
{
  event = "msg_showcmd",
  kind = { { 0, "~@k", 0 } }
}
{
  event = "msg_showcmd",
  kind = {}
}
{
  event = "msg_showcmd",
  kind = { { 0, "~@k", 0 } }
}
{
  event = "msg_showcmd",
  kind = {}
}
{
  event = "msg_showcmd",
  kind = { { 0, "~@k", 0 } }
}
{
  event = "msg_showcmd",
  kind = {}
}
{
  event = "msg_showcmd",
  kind = { { 0, "~@k", 0 } }
}
{
  event = "msg_showcmd",
  kind = {}
}
{
  event = "msg_showcmd",
  kind = { { 0, "~@k", 0 } }
}
{
  event = "msg_showcmd",
  kind = {}
}
{
  event = "msg_showcmd",
  kind = { { 0, "~@k", 0 } }
}
{
  event = "msg_showcmd",
  kind = {}
}
{
  event = "msg_showcmd",
  kind = { { 0, "~@k", 0 } }
}
{
  event = "msg_showcmd",
  kind = {}
}
{
  event = "msg_showcmd",
  kind = { { 0, "~@k", 0 } }
}
{
  event = "msg_showcmd",
  kind = {}
}
{
  event = "msg_showcmd",
  kind = { { 0, "~@k", 0 } }
}
{
  event = "msg_showcmd",
  kind = {}
}
{
  event = "msg_showcmd",
  kind = { { 0, "~@k", 0 } }
}
{
  event = "msg_showcmd",
  kind = {}
}
{
  event = "msg_showcmd",
  kind = { { 0, "~@k", 0 } }
}
{
  event = "msg_showcmd",
  kind = {}
}
{
  event = "msg_showcmd",
  kind = { { 0, "~@k", 0 } }
}
{
  event = "msg_showcmd",
  kind = {}
}
{
  event = "msg_showcmd",
  kind = { { 0, "~@k", 0 } }
}
{
  event = "msg_showcmd",
  kind = {}
}
{
  event = "msg_showcmd",
  kind = { { 0, "~@k", 0 } }
}
{
  event = "msg_showcmd",
  kind = {}
}
{
  event = "msg_showcmd",
  kind = { { 0, "~@k", 0 } }
}
{
  event = "msg_showcmd",
  kind = {}
}
{
  event = "msg_showcmd",
  kind = { { 0, "~@k", 0 } }
}
{
  event = "msg_showcmd",
  kind = {}
}
{
  event = "msg_showcmd",
  kind = { { 0, "~@k", 0 } }
}
{
  event = "msg_showcmd",
  kind = {}
}
{
  event = "msg_showcmd",
  kind = { { 0, "~@k", 0 } }
}
{
  event = "msg_showcmd",
  kind = {}
}
{
  event = "msg_showcmd",
  kind = { { 0, "~@k", 0 } }
}
{
  event = "msg_showcmd",
  kind = {}
}
{
  event = "msg_showcmd",
  kind = { { 0, "~@k", 0 } }
}
{
  event = "msg_showcmd",
  kind = {}
}
{
  event = "msg_showcmd",
  kind = { { 0, "~@k", 0 } }
}
{
  event = "msg_showcmd",
  kind = {}
}
{
  event = "msg_showcmd",
  kind = { { 0, "~@k", 0 } }
}
{
  event = "msg_showcmd",
  kind = {}
}
{
  event = "msg_showcmd",
  kind = { { 0, "~@k", 0 } }
}
{
  event = "msg_showcmd",
  kind = {}
}
{
  event = "msg_showcmd",
  kind = { { 0, "~@k", 0 } }
}
{
  event = "msg_showcmd",
  kind = {}
}
{
  event = "msg_showcmd",
  kind = { { 0, "~@k", 0 } }
}
{
  event = "msg_showcmd",
  kind = {}
}
{
  event = "msg_showcmd",
  kind = { { 0, "~@k", 0 } }
}
{
  event = "msg_showcmd",
  kind = {}
}
{
  event = "msg_showcmd",
  kind = { { 0, "~@k", 0 } }
}
{
  event = "msg_showcmd",
  kind = {}
}
{
  event = "msg_showcmd",
  kind = { { 0, "~@k", 0 } }
}
{
  event = "msg_showcmd",
  kind = {}
}
{
  event = "msg_showcmd",
  kind = { { 0, "~@k", 0 } }
}
{
  event = "msg_showcmd",
  kind = {}
}
{
  event = "msg_showcmd",
  kind = { { 0, "~@k", 0 } }
}
{
  event = "msg_showcmd",
  kind = {}
}
{
  event = "msg_showcmd",
  kind = { { 0, "~@k", 0 } }
}
{
  event = "msg_showcmd",
  kind = {}
}
{
  event = "msg_showcmd",
  kind = { { 0, "~@k", 0 } }
}
{
  event = "msg_showcmd",
  kind = {}
}
{
  event = "msg_showcmd",
  kind = { { 0, "~@k", 0 } }
}
{
  event = "msg_showcmd",
  kind = {}
}
{
  event = "msg_showcmd",
  kind = { { 0, "~@k", 0 } }
}
{
  event = "msg_showcmd",
  kind = {}
}
{
  event = "msg_showcmd",
  kind = { { 0, "~@k", 0 } }
}
{
  event = "msg_showcmd",
  kind = {}
}
{
  event = "msg_showcmd",
  kind = { { 0, "~@k", 0 } }
}
{
  event = "msg_showcmd",
  kind = {}
}
{
  event = "msg_showcmd",
  kind = { { 0, "~@k", 0 } }
}
{
  event = "msg_showcmd",
  kind = {}
}
{
  event = "msg_showcmd",
  kind = { { 0, "~@k", 0 } }
}
{
  event = "msg_showcmd",
  kind = {}
}
{
  event = "msg_showcmd",
  kind = { { 0, "~@k", 0 } }
}
{
  event = "msg_showcmd",
  kind = {}
}
{
  event = "msg_showcmd",
  kind = { { 0, "~@k", 0 } }
}
{
  event = "msg_showcmd",
  kind = {}
}
{
  event = "msg_showcmd",
  kind = { { 0, "~@k", 0 } }
}
{
  event = "msg_showcmd",
  kind = {}
}
{
  event = "msg_showcmd",
  kind = { { 0, "~@k", 0 } }
}
{
  event = "msg_showcmd",
  kind = {}
}
{
  event = "msg_showcmd",
  kind = { { 0, "~@k", 0 } }
}
{
  event = "msg_showcmd",
  kind = {}
}
{
  event = "msg_showcmd",
  kind = { { 0, "~@k", 0 } }
}
{
  event = "msg_showcmd",
  kind = {}
}
{
  event = "msg_showcmd",
  kind = { { 0, "~@k", 0 } }
}
{
  event = "msg_showcmd",
  kind = {}
}
{
  event = "msg_showcmd",
  kind = { { 0, "~@k", 0 } }
}
{
  event = "msg_showcmd",
  kind = {}
}
{
  event = "msg_showcmd",
  kind = { { 0, "~@k", 0 } }
}
{
  event = "msg_showcmd",
  kind = {}
}
{
  event = "msg_showcmd",
  kind = { { 0, "^W^W", 0 } }
}
{
  event = "msg_showcmd",
  kind = {}
}
{
  event = "msg_showcmd",
  kind = { { 0, "^W^W", 0 } }
}
{
  event = "msg_showcmd",
  kind = {}
}
{
  event = "msg_showcmd",
  kind = { { 0, "^W^W", 0 } }
}
{
  event = "msg_showcmd",
  kind = {}
}
{
  event = "msg_showcmd",
  kind = { { 0, "^W^W", 0 } }
}
{
  event = "msg_showcmd",
  kind = {}
}
{
  event = "msg_showcmd",
  kind = { { 0, "~@k", 0 } }
}
{
  event = "msg_showcmd",
  kind = {}
}
{
  event = "msg_showcmd",
  kind = { { 0, "~@k", 0 } }
}
{
  event = "msg_showcmd",
  kind = {}
}
{
  event = "msg_showcmd",
  kind = { { 0, "~@k", 0 } }
}
{
  event = "msg_showcmd",
  kind = {}
}
{
  event = "msg_showcmd",
  kind = { { 0, "~@k", 0 } }
}
{
  event = "msg_showcmd",
  kind = {}
}
{
  event = "msg_showcmd",
  kind = { { 0, "~@k", 0 } }
}
{
  event = "msg_showcmd",
  kind = {}
}
{
  event = "msg_showcmd",
  kind = { { 0, "~@k", 0 } }
}
{
  event = "msg_showcmd",
  kind = {}
}
{
  event = "msg_showcmd",
  kind = { { 0, "~@k", 0 } }
}
{
  event = "msg_showcmd",
  kind = {}
}
{
  event = "msg_showcmd",
  kind = { { 0, "~@k", 0 } }
}
{
  event = "msg_showcmd",
  kind = {}
}
{
  event = "msg_showcmd",
  kind = { { 0, "~@k", 0 } }
}
{
  event = "msg_showcmd",
  kind = {}
}
{
  event = "msg_showcmd",
  kind = { { 0, "~@k", 0 } }
}
{
  event = "msg_showcmd",
  kind = {}
}
{
  event = "msg_showcmd",
  kind = { { 0, "~@k", 0 } }
}
{
  event = "msg_showcmd",
  kind = {}
}
{
  event = "msg_showcmd",
  kind = { { 0, "~@k", 0 } }
}
{
  event = "msg_showcmd",
  kind = {}
}
{
  event = "msg_showcmd",
  kind = { { 0, "~@k", 0 } }
}
{
  event = "msg_showcmd",
  kind = {}
}
{
  event = "msg_showcmd",
  kind = { { 0, "~@k", 0 } }
}
{
  event = "msg_showcmd",
  kind = {}
}
{
  event = "msg_showcmd",
  kind = { { 0, "~@k", 0 } }
}
{
  event = "msg_showcmd",
  kind = {}
}
{
  event = "msg_showcmd",
  kind = { { 0, "~@k", 0 } }
}
{
  event = "msg_showcmd",
  kind = {}
}
{
  event = "msg_showcmd",
  kind = { { 0, "~@k", 0 } }
}
{
  event = "msg_showcmd",
  kind = {}
}
{
  event = "msg_showcmd",
  kind = { { 0, "~@k", 0 } }
}
{
  event = "msg_showcmd",
  kind = {}
}
{
  event = "msg_showcmd",
  kind = { { 0, "~@k", 0 } }
}
{
  event = "msg_showcmd",
  kind = {}
}
{
  event = "msg_showcmd",
  kind = { { 0, "~@k", 0 } }
}
{
  event = "msg_showcmd",
  kind = {}
}
{
  event = "msg_showcmd",
  kind = { { 0, "~@k", 0 } }
}
{
  event = "msg_showcmd",
  kind = {}
}
{
  event = "msg_showcmd",
  kind = { { 0, "~@k", 0 } }
}
{
  event = "msg_showcmd",
  kind = {}
}
{
  event = "msg_showcmd",
  kind = { { 0, "~@k", 0 } }
}
{
  event = "msg_showcmd",
  kind = {}
}
{
  event = "msg_showcmd",
  kind = { { 0, "~@k", 0 } }
}
{
  event = "msg_showcmd",
  kind = {}
}
{
  event = "msg_showcmd",
  kind = { { 0, "~@k", 0 } }
}
{
  event = "msg_showcmd",
  kind = {}
}
{
  event = "msg_showcmd",
  kind = { { 0, "~@k", 0 } }
}
{
  event = "msg_showcmd",
  kind = {}
}
{
  event = "msg_showcmd",
  kind = { { 0, "~@k", 0 } }
}
{
  event = "msg_showcmd",
  kind = {}
}
{
  event = "msg_showcmd",
  kind = { { 0, "~@k", 0 } }
}
{
  event = "msg_showcmd",
  kind = {}
}
{
  event = "msg_showcmd",
  kind = { { 0, "~@k", 0 } }
}
{
  event = "msg_showcmd",
  kind = {}
}
{
  event = "msg_showcmd",
  kind = { { 0, "~@k", 0 } }
}
{
  event = "msg_showcmd",
  kind = {}
}
{
  event = "msg_showcmd",
  kind = { { 0, "~@k", 0 } }
}
{
  event = "msg_showcmd",
  kind = {}
}
{
  event = "msg_showcmd",
  kind = { { 0, "~@k", 0 } }
}
{
  event = "msg_showcmd",
  kind = {}
}
{
  event = "msg_showcmd",
  kind = { { 0, "~@k", 0 } }
}
{
  event = "msg_showcmd",
  kind = {}
}
{
  event = "msg_showcmd",
  kind = { { 0, "~@k", 0 } }
}
{
  event = "msg_showcmd",
  kind = {}
}
{
  event = "msg_showcmd",
  kind = { { 0, "~@k", 0 } }
}
{
  event = "msg_showcmd",
  kind = {}
}
{
  event = "msg_showcmd",
  kind = { { 0, "~@k", 0 } }
}
{
  event = "msg_showcmd",
  kind = {}
}
{
  event = "msg_showcmd",
  kind = { { 0, "~@k", 0 } }
}
{
  event = "msg_showcmd",
  kind = {}
}
{
  event = "msg_showcmd",
  kind = { { 0, "~@k", 0 } }
}
{
  event = "msg_showcmd",
  kind = {}
}
{
  event = "msg_showcmd",
  kind = { { 0, "~@k", 0 } }
}
{
  event = "msg_showcmd",
  kind = {}
}
{
  event = "msg_showcmd",
  kind = { { 0, "~@k", 0 } }
}
{
  event = "msg_showcmd",
  kind = {}
}
{
  event = "msg_showcmd",
  kind = { { 0, "~@k", 0 } }
}
{
  event = "msg_showcmd",
  kind = {}
}
{
  event = "msg_showcmd",
  kind = { { 0, "~@k", 0 } }
}
{
  event = "msg_showcmd",
  kind = {}
}
{
  event = "msg_showcmd",
  kind = { { 0, "~@k", 0 } }
}
{
  event = "msg_showcmd",
  kind = {}
}
{
  event = "msg_clear"
}
{ 0, "", "Remove lua.zip? y/N: ", 0, 1, 0,
  event = "cmdline_show",
  kind = { { 0, "" } }
}
{ 1, "", "Remove lua.zip? y/N: ", 0, 1, 0,
  event = "cmdline_show",
  kind = { { 0, "y" } }
}
{ false,
  event = "cmdline_hide",
  kind = 1
}
{
  event = "msg_showcmd",
  kind = { { 0, "~@k", 0 } }
}
{
  event = "msg_showcmd",
  kind = {}
}
{
  event = "msg_showcmd",
  kind = { { 0, "~@k", 0 } }
}
{
  event = "msg_showcmd",
  kind = {}
}
{
  event = "msg_showcmd",
  kind = { { 0, "~@k", 0 } }
}
{
  event = "msg_showcmd",
  kind = {}
}
{
  event = "msg_showcmd",
  kind = { { 0, "~@k", 0 } }
}
{
  event = "msg_showcmd",
  kind = {}
}
{
  event = "msg_showcmd",
  kind = { { 0, "~@k", 0 } }
}
{
  event = "msg_showcmd",
  kind = {}
}
{
  event = "msg_showcmd",
  kind = { { 0, "~@k", 0 } }
}
{
  event = "msg_showcmd",
  kind = {}
}
{
  event = "msg_showcmd",
  kind = { { 0, "~@k", 0 } }
}
{
  event = "msg_showcmd",
  kind = {}
}
{
  event = "msg_showcmd",
  kind = { { 0, "~@k", 0 } }
}
{
  event = "msg_showcmd",
  kind = {}
}
{
  event = "msg_showcmd",
  kind = { { 0, "~@k", 0 } }
}
{
  event = "msg_showcmd",
  kind = {}
}
{
  event = "msg_showcmd",
  kind = { { 0, "~@k", 0 } }
}
{
  event = "msg_showcmd",
  kind = {}
}
{
  event = "msg_showcmd",
  kind = { { 0, "~@k", 0 } }
}
{
  event = "msg_showcmd",
  kind = {}
}
{
  event = "msg_showcmd",
  kind = { { 0, "~@k", 0 } }
}
{
  event = "msg_showcmd",
  kind = {}
}
{
  event = "msg_showcmd",
  kind = { { 0, "i", 0 } }
}
{
  event = "msg_showcmd",
  kind = {}
}
{
  event = "msg_showcmd",
  kind = { { 0, "2", 0 } }
}
{
  event = "msg_showcmd",
  kind = { { 0, "2", 0 } }
}
{
  event = "msg_showcmd",
  kind = { { 0, "2", 0 } }
}
{
  event = "msg_showcmd",
  kind = { { 0, "2", 0 } }
}
{
  event = "msg_showcmd",
  kind = { { 0, "2", 0 } }
}
{
  event = "msg_showcmd",
  kind = { { 0, "2", 0 } }
}
{
  event = "msg_showcmd",
  kind = { { 0, "2", 0 } }
}
{
  event = "msg_showcmd",
  kind = { { 0, "2", 0 } }
}
{
  event = "msg_showcmd",
  kind = { { 0, "2", 0 } }
}
{
  event = "msg_showcmd",
  kind = { { 0, "2", 0 } }
}
{
  event = "msg_showcmd",
  kind = { { 0, "2", 0 } }
}
{
  event = "msg_showcmd",
  kind = { { 0, "u", 0 } }
}
{
  event = "msg_showcmd",
  kind = {}
}
{
  event = "msg_showcmd",
  kind = { { 0, "u", 0 } }
}
{ { { 0, "1 change; before #126  0 seconds ago", 0 } }, false, true,
  event = "msg_show",
  kind = "undo"
}
{
  event = "msg_showcmd",
  kind = {}
}
{
  event = "msg_showcmd",
  kind = { { 0, "u", 0 } }
}
{ { { 0, "1 change; before #125  74 seconds ago", 0 } }, true, true,
  event = "msg_show",
  kind = "undo"
}
{
  event = "msg_showcmd",
  kind = {}
}
{ { { 0, '"lua\\configs\\notify.lua" ', 0 } }, true, false,
  event = "msg_show",
  kind = "bufwrite"
}
{ { { 0, '"lua\\configs\\notify.lua" 29L, 797B written', 0 } }, true, true,
  event = "msg_show",
  kind = "bufwrite"
}
{
  event = "msg_showcmd",
  kind = { { 0, "~@k", 0 } }
}
{
  event = "msg_showcmd",
  kind = {}
}
{
  event = "msg_showcmd",
  kind = { { 0, "^W~@k", 0 } }
}
{
  event = "msg_showcmd",
  kind = {}
}
{
  event = "msg_showcmd",
  kind = { { 0, "~@k", 0 } }
}
{
  event = "msg_showcmd",
  kind = {}
}
{
  event = "msg_showcmd",
  kind = { { 0, "~@k", 0 } }
}
{
  event = "msg_showcmd",
  kind = {}
}
{
  event = "msg_showcmd",
  kind = { { 0, "^W^W", 0 } }
}
{
  event = "msg_showcmd",
  kind = {}
}
{
  event = "msg_showcmd",
  kind = { { 0, "~@k", 0 } }
}
{
  event = "msg_showcmd",
  kind = {}
}
{
  event = "msg_showcmd",
  kind = { { 0, "~@k", 0 } }
}
{
  event = "msg_showcmd",
  kind = {}
}
{
  event = "msg_showcmd",
  kind = { { 0, "~@k", 0 } }
}
{
  event = "msg_showcmd",
  kind = {}
}
{
  event = "msg_showcmd",
  kind = { { 0, "~@k", 0 } }
}
{
  event = "msg_showcmd",
  kind = {}
}
{
  event = "msg_showcmd",
  kind = { { 0, "~@k", 0 } }
}
{
  event = "msg_showcmd",
  kind = {}
}
{
  event = "msg_showcmd",
  kind = { { 0, "~@k", 0 } }
}
{
  event = "msg_showcmd",
  kind = {}
}
{
  event = "msg_showcmd",
  kind = { { 0, "~@k", 0 } }
}
{
  event = "msg_showcmd",
  kind = {}
}
{
  event = "msg_showcmd",
  kind = { { 0, "~@k", 0 } }
}
{
  event = "msg_showcmd",
  kind = {}
}
{
  event = "msg_showcmd",
  kind = { { 0, "~@k", 0 } }
}
{
  event = "msg_showcmd",
  kind = {}
}
{
  event = "msg_showcmd",
  kind = { { 0, "~@k", 0 } }
}
{
  event = "msg_showcmd",
  kind = {}
}
{
  event = "msg_showcmd",
  kind = { { 0, "~@k", 0 } }
}
{
  event = "msg_showcmd",
  kind = {}
}
{
  event = "msg_showcmd",
  kind = { { 0, "~@k", 0 } }
}
{
  event = "msg_showcmd",
  kind = {}
}
{
  event = "msg_showcmd",
  kind = { { 0, "~@k", 0 } }
}
{
  event = "msg_showcmd",
  kind = {}
}
{
  event = "msg_showcmd",
  kind = { { 0, "~@k", 0 } }
}
{
  event = "msg_showcmd",
  kind = {}
}
{
  event = "msg_showcmd",
  kind = { { 0, "~@k", 0 } }
}
{
  event = "msg_showcmd",
  kind = {}
}
{
  event = "msg_showcmd",
  kind = { { 0, "~@k", 0 } }
}
{
  event = "msg_showcmd",
  kind = {}
}
{
  event = "msg_showcmd",
  kind = { { 0, "~@k", 0 } }
}
{
  event = "msg_showcmd",
  kind = {}
}
{
  event = "msg_showcmd",
  kind = { { 0, "^W^W", 0 } }
}
{
  event = "msg_showcmd",
  kind = {}
}
{
  event = "msg_showcmd",
  kind = { { 0, "~@k", 0 } }
}
{
  event = "msg_showcmd",
  kind = {}
}
{
  event = "msg_showcmd",
  kind = { { 0, "^W^W", 0 } }
}
{
  event = "msg_showcmd",
  kind = {}
}
{
  event = "msg_showcmd",
  kind = { { 0, "~@k", 0 } }
}
{
  event = "msg_showcmd",
  kind = {}
}
{
  event = "msg_showcmd",
  kind = { { 0, "^W^W", 0 } }
}
{
  event = "msg_showcmd",
  kind = {}
}
{
  event = "msg_showcmd",
  kind = { { 0, "^W^W", 0 } }
}
{
  event = "msg_showcmd",
  kind = {}
}
{
  event = "msg_showcmd",
  kind = { { 0, "~@k", 0 } }
}
{
  event = "msg_showcmd",
  kind = {}
}
{
  event = "msg_showcmd",
  kind = { { 0, "~@k", 0 } }
}
{
  event = "msg_showcmd",
  kind = {}
}
{
  event = "msg_showcmd",
  kind = { { 0, "~@k", 0 } }
}
{
  event = "msg_showcmd",
  kind = {}
}
{
  event = "msg_showcmd",
  kind = { { 0, "~@k", 0 } }
}
{
  event = "msg_showcmd",
  kind = {}
}
{
  event = "msg_showcmd",
  kind = { { 0, "V", 0 } }
}
{
  event = "msg_showcmd",
  kind = {}
}
{
  event = "msg_showcmd",
  kind = { { 0, "~@k", 0 } }
}
{
  event = "msg_showcmd",
  kind = { { 0, "2", 0 } }
}
{
  event = "msg_showcmd",
  kind = { { 0, "2", 0 } }
}
{
  event = "msg_showcmd",
  kind = { { 0, "2", 0 } }
}
{
  event = "msg_showcmd",
  kind = { { 0, "2", 0 } }
}
{
  event = "msg_showcmd",
  kind = { { 0, "2", 0 } }
}
{
  event = "msg_showcmd",
  kind = { { 0, "2", 0 } }
}
{
  event = "msg_showcmd",
  kind = { { 0, "2", 0 } }
}
{
  event = "msg_showcmd",
  kind = { { 0, "2", 0 } }
}
{
  event = "msg_showcmd",
  kind = { { 0, "2", 0 } }
}
{
  event = "msg_showcmd",
  kind = { { 0, "2", 0 } }
}
{
  event = "msg_showcmd",
  kind = { { 0, "2", 0 } }
}
{
  event = "msg_showcmd",
  kind = { { 0, "2", 0 } }
}
{
  event = "msg_showcmd",
  kind = { { 0, "2", 0 } }
}
{
  event = "msg_showcmd",
  kind = { { 0, "2", 0 } }
}
{
  event = "msg_showcmd",
  kind = { { 0, "2", 0 } }
}
{
  event = "msg_showcmd",
  kind = { { 0, "2", 0 } }
}
{
  event = "msg_showcmd",
  kind = { { 0, "2", 0 } }
}
{
  event = "msg_showcmd",
  kind = { { 0, "2", 0 } }
}
{
  event = "msg_showcmd",
  kind = { { 0, "2", 0 } }
}
{
  event = "msg_showcmd",
  kind = { { 0, "2", 0 } }
}
{
  event = "msg_showcmd",
  kind = { { 0, "2", 0 } }
}
{
  event = "msg_showcmd",
  kind = { { 0, "2", 0 } }
}
{
  event = "msg_showcmd",
  kind = { { 0, "2", 0 } }
}
{
  event = "msg_showcmd",
  kind = { { 0, "2", 0 } }
}
{
  event = "msg_showcmd",
  kind = { { 0, "2", 0 } }
}
{
  event = "msg_showcmd",
  kind = { { 0, "2", 0 } }
}
{
  event = "msg_showcmd",
  kind = { { 0, "2", 0 } }
}
{
  event = "msg_showcmd",
  kind = { { 0, "2", 0 } }
}
{
  event = "msg_showcmd",
  kind = { { 0, "^[", 0 } }
}
{
  event = "msg_showcmd",
  kind = {}
}
{ { { 0, '29 lines yanked into "+', 0 } }, true, true,
  event = "msg_show",
  kind = ""
}
{
  event = "msg_showcmd",
  kind = { { 0, "~@k", 0 } }
}
{
  event = "msg_showcmd",
  kind = {}
}
{
  event = "msg_showcmd",
  kind = { { 0, "~@k", 0 } }
}
{
  event = "msg_showcmd",
  kind = {}
}
{
  event = "msg_showcmd",
  kind = { { 0, "~@k", 0 } }
}
{
  event = "msg_showcmd",
  kind = {}
}
{
  event = "msg_showcmd",
  kind = { { 0, "~@k", 0 } }
}
{
  event = "msg_showcmd",
  kind = {}
}
{
  event = "msg_showcmd",
  kind = { { 0, "o", 0 } }
}
{
  event = "msg_showcmd",
  kind = {}
}
{ { { 0, '"~\\AppData\\Local\\nvim\\lua\\configs\\notify_config.lua" ', 0 } }, true, false,
  event = "msg_show",
  kind = "bufwrite"
}
{ { { 0, '"~\\AppData\\Local\\nvim\\lua\\configs\\notify_config.lua" 36L, 904B written', 0 } }, true, true,
  event = "msg_show",
  kind = "bufwrite"
}
{
  event = "msg_showcmd",
  kind = { { 0, "^W^W", 0 } }
}
{
  event = "msg_showcmd",
  kind = {}
}
{
  event = "msg_showcmd",
  kind = { { 0, "^W~@k", 0 } }
}
{
  event = "msg_showcmd",
  kind = {}
}
{
  event = "msg_showcmd",
  kind = { { 0, "~@k", 0 } }
}
{
  event = "msg_showcmd",
  kind = {}
}
{
  event = "msg_clear"
}
{ 0, "", "Remove notify.lua? y/N: ", 0, 1, 0,
  event = "cmdline_show",
  kind = { { 0, "" } }
}
{ 1, "", "Remove notify.lua? y/N: ", 0, 1, 0,
  event = "cmdline_show",
  kind = { { 0, "y" } }
}
{ false,
  event = "cmdline_hide",
  kind = 1
}
{
  event = "msg_showcmd",
  kind = { { 0, ":", 0 } }
}
{ 0, ":", "", 0, 1, 0,
  event = "cmdline_show",
  kind = { { 0, "" } }
}
{ true,
  event = "cmdline_hide",
  kind = 1
}
{
  event = "msg_showcmd",
  kind = {}
}
{
  event = "msg_showcmd",
  kind = { { 0, "^W^W", 0 } }
}
{
  event = "msg_showcmd",
  kind = {}
}
{
  event = "msg_showcmd",
  kind = { { 0, "^W^W", 0 } }
}
{
  event = "msg_showcmd",
  kind = {}
}
{
  event = "msg_showcmd",
  kind = { { 0, "~@k", 0 } }
}
{
  event = "msg_showcmd",
  kind = {}
}
{
  event = "msg_showcmd",
  kind = { { 0, "~@k", 0 } }
}
{
  event = "msg_showcmd",
  kind = {}
}
{ 0, "", "Remove lazy_config.lua? y/N: ", 0, 1, 0,
  event = "cmdline_show",
  kind = { { 0, "" } }
}
{ true,
  event = "cmdline_hide",
  kind = 1
}
{
  event = "msg_showcmd",
  kind = { { 0, "~@k", 0 } }
}
{
  event = "msg_showcmd",
  kind = {}
}
{
  event = "msg_showcmd",
  kind = { { 0, "~@k", 0 } }
}
{
  event = "msg_showcmd",
  kind = {}
}
{
  event = "msg_showcmd",
  kind = { { 0, "~@k", 0 } }
}
{
  event = "msg_showcmd",
  kind = {}
}
{
  event = "msg_showcmd",
  kind = { { 0, "~@k", 0 } }
}
{
  event = "msg_showcmd",
  kind = {}
}
{
  event = "msg_showcmd",
  kind = { { 0, "~@k", 0 } }
}
{
  event = "msg_showcmd",
  kind = {}
}
{
  event = "msg_showcmd",
  kind = { { 0, "~@k", 0 } }
}
{
  event = "msg_showcmd",
  kind = {}
}
{
  event = "msg_showcmd",
  kind = { { 0, "~@k", 0 } }
}
{
  event = "msg_showcmd",
  kind = {}
}
{
  event = "msg_showcmd",
  kind = { { 0, "~@k", 0 } }
}
{
  event = "msg_showcmd",
  kind = {}
}
{
  event = "msg_showcmd",
  kind = { { 0, "~@k", 0 } }
}
{
  event = "msg_showcmd",
  kind = {}
}
{
  event = "msg_showcmd",
  kind = { { 0, "~@k", 0 } }
}
{
  event = "msg_showcmd",
  kind = {}
}
{
  event = "msg_showcmd",
  kind = { { 0, "~@k", 0 } }
}
{
  event = "msg_showcmd",
  kind = {}
}
{
  event = "msg_showcmd",
  kind = { { 0, "~@k", 0 } }
}
{
  event = "msg_showcmd",
  kind = {}
}
{
  event = "msg_showcmd",
  kind = { { 0, "~@k", 0 } }
}
{
  event = "msg_showcmd",
  kind = {}
}
{
  event = "msg_showcmd",
  kind = { { 0, "~@k", 0 } }
}
{
  event = "msg_showcmd",
  kind = {}
}
{
  event = "msg_showcmd",
  kind = { { 0, "~@k", 0 } }
}
{
  event = "msg_showcmd",
  kind = {}
}
{
  event = "msg_showcmd",
  kind = { { 0, "~@k", 0 } }
}
{
  event = "msg_showcmd",
  kind = {}
}
{
  event = "msg_showcmd",
  kind = { { 0, "V", 0 } }
}
{
  event = "msg_showcmd",
  kind = {}
}
{
  event = "msg_showcmd",
  kind = { { 0, "s", 0 } }
}
{
  event = "msg_showcmd",
  kind = {}
}
{
  event = "msg_showcmd",
  kind = { { 0, "u", 0 } }
}
{ { { 0, "1 change; before #118  2 seconds ago", 0 } }, false, true,
  event = "msg_show",
  kind = "undo"
}
{
  event = "msg_showcmd",
  kind = {}
}
{
  event = "msg_showcmd",
  kind = { { 0, "d", 0 } }
}
{
  event = "msg_showcmd",
  kind = { { 0, "dd", 0 } }
}
{
  event = "msg_showcmd",
  kind = {}
}
{
  event = "msg_showcmd",
  kind = { { 0, "~@k", 0 } }
}
{
  event = "msg_showcmd",
  kind = {}
}
{
  event = "msg_showcmd",
  kind = { { 0, "~@k", 0 } }
}
{
  event = "msg_showcmd",
  kind = {}
}
{
  event = "msg_showcmd",
  kind = { { 0, "~@k", 0 } }
}
{
  event = "msg_showcmd",
  kind = {}
}
{
  event = "msg_showcmd",
  kind = { { 0, "~@k", 0 } }
}
{
  event = "msg_showcmd",
  kind = {}
}
{
  event = "msg_showcmd",
  kind = { { 0, "~@k", 0 } }
}
{
  event = "msg_showcmd",
  kind = {}
}
{
  event = "msg_showcmd",
  kind = { { 0, "~@k", 0 } }
}
{
  event = "msg_showcmd",
  kind = {}
}
{
  event = "msg_showcmd",
  kind = { { 0, "~@k", 0 } }
}
{
  event = "msg_showcmd",
  kind = {}
}
{
  event = "msg_showcmd",
  kind = { { 0, "~@k", 0 } }
}
{
  event = "msg_showcmd",
  kind = {}
}
{
  event = "msg_showcmd",
  kind = { { 0, "~@k", 0 } }
}
{
  event = "msg_showcmd",
  kind = {}
}
{
  event = "msg_showcmd",
  kind = { { 0, "~@k", 0 } }
}
{
  event = "msg_showcmd",
  kind = {}
}
{
  event = "msg_showcmd",
  kind = { { 0, "~@k", 0 } }
}
{
  event = "msg_showcmd",
  kind = {}
}
{
  event = "msg_showcmd",
  kind = { { 0, "~@k", 0 } }
}
{
  event = "msg_showcmd",
  kind = {}
}
{
  event = "msg_showcmd",
  kind = { { 0, "~@k", 0 } }
}
{
  event = "msg_showcmd",
  kind = {}
}
{
  event = "msg_showcmd",
  kind = { { 0, "~@k", 0 } }
}
{
  event = "msg_showcmd",
  kind = {}
}
{
  event = "msg_showcmd",
  kind = { { 0, "~@k", 0 } }
}
{
  event = "msg_showcmd",
  kind = {}
}
{
  event = "msg_showcmd",
  kind = { { 0, "~@k", 0 } }
}
{
  event = "msg_showcmd",
  kind = {}
}
{
  event = "msg_showcmd",
  kind = { { 0, "~@k", 0 } }
}
{
  event = "msg_showcmd",
  kind = {}
}
{
  event = "msg_showcmd",
  kind = { { 0, "~@k", 0 } }
}
{
  event = "msg_showcmd",
  kind = {}
}
{
  event = "msg_showcmd",
  kind = { { 0, "~@k", 0 } }
}
{
  event = "msg_showcmd",
  kind = {}
}
{
  event = "msg_showcmd",
  kind = { { 0, "~@k", 0 } }
}
{
  event = "msg_showcmd",
  kind = {}
}
{
  event = "msg_showcmd",
  kind = { { 0, "~@k", 0 } }
}
{
  event = "msg_showcmd",
  kind = {}
}
{
  event = "msg_showcmd",
  kind = { { 0, "~@k", 0 } }
}
{
  event = "msg_showcmd",
  kind = {}
}
{
  event = "msg_showcmd",
  kind = { { 0, "dl", 0 } }
}
{
  event = "msg_showcmd",
  kind = {}
}
{
  event = "msg_showcmd",
  kind = { { 0, "~@k", 0 } }
}
{
  event = "msg_showcmd",
  kind = {}
}
{
  event = "msg_showcmd",
  kind = { { 0, "dl", 0 } }
}
{
  event = "msg_showcmd",
  kind = {}
}
{ { { 0, '"lua\\chadrc.lua" ', 0 } }, true, false,
  event = "msg_show",
  kind = "bufwrite"
}
{ { { 0, '"lua\\chadrc.lua" 37L, 771B written', 0 } }, true, true,
  event = "msg_show",
  kind = "bufwrite"
}
{
  event = "msg_showcmd",
  kind = { { 0, "~@k", 0 } }
}
{
  event = "msg_showcmd",
  kind = {}
}
{
  event = "msg_showcmd",
  kind = { { 0, ":", 0 } }
}
{
  event = "msg_clear"
}
{ 0, ":", "", 0, 1, 0,
  event = "cmdline_show",
  kind = { { 0, "" } }
}
{ 1, ":", "", 0, 1, 0,
  event = "cmdline_show",
  kind = { { 0, "w" } }
}
{ false,
  event = "cmdline_hide",
  kind = 1
}
{ { { 0, '"~\\AppData\\Local\\nvim\\lua\\configs\\notify_config.lua" ', 0 } }, false, false,
  event = "msg_show",
  kind = "bufwrite"
}
{ { { 0, '"~\\AppData\\Local\\nvim\\lua\\configs\\notify_config.lua" 39L, 972B written', 0 } }, true, true,
  event = "msg_show",
  kind = "bufwrite"
}
{
  event = "msg_showcmd",
  kind = {}
}
{
  event = "msg_showcmd",
  kind = { { 0, ":", 0 } }
}
{
  event = "msg_clear"
}
{ 0, ":", "", 0, 1, 0,
  event = "cmdline_show",
  kind = { { 0, "" } }
}
{ 1, ":", "", 0, 1, 0,
  event = "cmdline_show",
  kind = { { 0, "L" } }
}
{ 2, ":", "", 0, 1, 0,
  event = "cmdline_show",
  kind = { { 0, "La" } }
}
{ 3, ":", "", 0, 1, 0,
  event = "cmdline_show",
  kind = { { 0, "Las" } }
}
{ 4, ":", "", 0, 1, 0,
  event = "cmdline_show",
  kind = { { 0, "Last" } }
}
{ -1, 0, 0, -1,
  event = "popupmenu_show",
  kind = { { "LastFileClear", "", "", "" }, { "LastFileRestore", "", "", "" }, { "LastFileSave", "", "", "" } }
}
{ 4, ":", "", 0, 1, 0,
  event = "cmdline_show",
  kind = { { 0, "Last" } }
}
{
  event = "popupmenu_select",
  kind = 0
}
{ 4, ":", "", 0, 1, 0,
  event = "cmdline_show",
  kind = { { 0, "Last" } }
}
{ 13, ":", "", 0, 1, 0,
  event = "cmdline_show",
  kind = { { 0, "LastFileClear" } }
}
{
  event = "popupmenu_select",
  kind = 1
}
{ 15, ":", "", 0, 1, 0,
  event = "cmdline_show",
  kind = { { 0, "LastFileRestore" } }
}
{
  event = "popupmenu_select",
  kind = 2
}
{ 12, ":", "", 0, 1, 0,
  event = "cmdline_show",
  kind = { { 0, "LastFileSave" } }
}
{
  event = "popupmenu_hide"
}
{ false,
  event = "cmdline_hide",
  kind = 1
}
{
  event = "msg_showcmd",
  kind = {}
}
{
  event = "msg_showcmd",
  kind = { { 0, "~@k", 0 } }
}
{
  event = "msg_showcmd",
  kind = {}
}
{
  event = "msg_showcmd",
  kind = { { 0, "~@k", 0 } }
}
{
  event = "msg_showcmd",
  kind = {}
}
{
  event = "msg_showcmd",
  kind = { { 0, "~@k", 0 } }
}
{
  event = "msg_showcmd",
  kind = {}
}
{
  event = "msg_showcmd",
  kind = { { 0, "i", 0 } }
}
{
  event = "msg_showcmd",
  kind = {}
}
{
  event = "msg_showcmd",
  kind = { { 0, ":", 0 } }
}
{ 0, ":", "", 0, 1, 0,
  event = "cmdline_show",
  kind = { { 0, "" } }
}
{ 1, ":", "", 0, 1, 0,
  event = "cmdline_show",
  kind = { { 0, "w" } }
}
{ false,
  event = "cmdline_hide",
  kind = 1
}
{ { { 0, '"~\\AppData\\Local\\nvim\\lua\\configs\\notify_config.lua" ', 0 } }, false, false,
  event = "msg_show",
  kind = "bufwrite"
}
{ { { 0, '"~\\AppData\\Local\\nvim\\lua\\configs\\notify_config.lua" 39L, 974B written', 0 } }, true, true,
  event = "msg_show",
  kind = "bufwrite"
}
{
  event = "msg_showcmd",
  kind = {}
}
{
  event = "msg_showcmd",
  kind = { { 0, "~@k", 0 } }
}
{
  event = "msg_showcmd",
  kind = {}
}
{
  event = "msg_showcmd",
  kind = { { 0, "~@k", 0 } }
}
{
  event = "msg_showcmd",
  kind = {}
}
{
  event = "msg_showcmd",
  kind = { { 0, "~@k", 0 } }
}
{
  event = "msg_showcmd",
  kind = {}
}
{
  event = "msg_showcmd",
  kind = { { 0, "~@k", 0 } }
}
{
  event = "msg_showcmd",
  kind = {}
}
{
  event = "msg_showcmd",
  kind = { { 0, "~@k", 0 } }
}
{
  event = "msg_showcmd",
  kind = {}
}
{
  event = "msg_showcmd",
  kind = { { 0, "V", 0 } }
}
{
  event = "msg_showcmd",
  kind = {}
}
{ false,
  event = "cmdline_hide",
  kind = 1
}
{
  event = "msg_clear"
}
{
  event = "msg_showcmd",
  kind = { { 0, "gv", 0 } }
}
{
  event = "msg_showcmd",
  kind = { { 0, "1", 0 } }
}
{
  event = "msg_showcmd",
  kind = { { 0, "1", 0 } }
}
{
  event = "msg_showcmd",
  kind = { { 0, "1", 0 } }
}
{
  event = "msg_showcmd",
  kind = { { 0, "1", 0 } }
}
{
  event = "msg_showcmd",
  kind = { { 0, "1", 0 } }
}
{
  event = "msg_showcmd",
  kind = { { 0, "1", 0 } }
}
{
  event = "msg_showcmd",
  kind = { { 0, "1", 0 } }
}
{
  event = "msg_showcmd",
  kind = { { 0, "1", 0 } }
}
{
  event = "msg_showcmd",
  kind = { { 0, "1", 0 } }
}
{
  event = "msg_showcmd",
  kind = {}
}
{ false,
  event = "cmdline_hide",
  kind = 1
}
{
  event = "msg_showcmd",
  kind = { { 0, "gv", 0 } }
}
{
  event = "msg_showcmd",
  kind = { { 0, "1", 0 } }
}
{
  event = "msg_showcmd",
  kind = { { 0, "1", 0 } }
}
{
  event = "msg_showcmd",
  kind = {}
}
{ false,
  event = "cmdline_hide",
  kind = 1
}
{
  event = "msg_showcmd",
  kind = { { 0, "gv", 0 } }
}
{
  event = "msg_showcmd",
  kind = { { 0, "1", 0 } }
}
{
  event = "msg_showcmd",
  kind = { { 0, "1", 0 } }
}
{
  event = "msg_showcmd",
  kind = {}
}
{ false,
  event = "cmdline_hide",
  kind = 1
}
{
  event = "msg_showcmd",
  kind = { { 0, "gv", 0 } }
}
{
  event = "msg_showcmd",
  kind = { { 0, "1", 0 } }
}
{
  event = "msg_showcmd",
  kind = { { 0, "1", 0 } }
}
{
  event = "msg_showcmd",
  kind = {}
}
{ false,
  event = "cmdline_hide",
  kind = 1
}
{
  event = "msg_showcmd",
  kind = { { 0, "gv", 0 } }
}
{
  event = "msg_showcmd",
  kind = { { 0, "1", 0 } }
}
{
  event = "msg_showcmd",
  kind = { { 0, "1", 0 } }
}
{
  event = "msg_showcmd",
  kind = {}
}
{ false,
  event = "cmdline_hide",
  kind = 1
}
{
  event = "msg_showcmd",
  kind = { { 0, "gv", 0 } }
}
{
  event = "msg_showcmd",
  kind = { { 0, "1", 0 } }
}
{
  event = "msg_showcmd",
  kind = {}
}
{ false,
  event = "cmdline_hide",
  kind = 1
}
{ false,
  event = "cmdline_hide",
  kind = 1
}
{
  event = "msg_showcmd",
  kind = { { 0, "gv", 0 } }
}
{
  event = "msg_showcmd",
  kind = { { 0, "1", 0 } }
}
{
  event = "msg_showcmd",
  kind = { { 0, "1", 0 } }
}
{
  event = "msg_showcmd",
  kind = {}
}
{ false,
  event = "cmdline_hide",
  kind = 1
}
{
  event = "msg_showcmd",
  kind = { { 0, "gv", 0 } }
}
{
  event = "msg_showcmd",
  kind = { { 0, "1", 0 } }
}
{
  event = "msg_showcmd",
  kind = {}
}
{ false,
  event = "cmdline_hide",
  kind = 1
}
{
  event = "msg_showcmd",
  kind = { { 0, "gv", 0 } }
}
{
  event = "msg_showcmd",
  kind = { { 0, "1", 0 } }
}
{
  event = "msg_showcmd",
  kind = {}
}
{ false,
  event = "cmdline_hide",
  kind = 1
}
{
  event = "msg_showcmd",
  kind = { { 0, "gv", 0 } }
}
{
  event = "msg_showcmd",
  kind = {}
}
{ false,
  event = "cmdline_hide",
  kind = 1
}
{
  event = "msg_showcmd",
  kind = { { 0, "gv", 0 } }
}
{
  event = "msg_showcmd",
  kind = { { 0, "1", 0 } }
}
{
  event = "msg_showcmd",
  kind = { { 0, "1", 0 } }
}
{
  event = "msg_showcmd",
  kind = {}
}
{ false,
  event = "cmdline_hide",
  kind = 1
}
{
  event = "msg_showcmd",
  kind = { { 0, "gv", 0 } }
}
{
  event = "msg_showcmd",
  kind = { { 0, "1", 0 } }
}
{
  event = "msg_showcmd",
  kind = { { 0, "1", 0 } }
}
{
  event = "msg_showcmd",
  kind = {}
}
{ false,
  event = "cmdline_hide",
  kind = 1
}
{ false,
  event = "cmdline_hide",
  kind = 1
}
{
  event = "msg_showcmd",
  kind = { { 0, "gv", 0 } }
}
{
  event = "msg_showcmd",
  kind = { { 0, "1", 0 } }
}
{
  event = "msg_showcmd",
  kind = {}
}
{ false,
  event = "cmdline_hide",
  kind = 1
}
{
  event = "msg_showcmd",
  kind = { { 0, "gv", 0 } }
}
{
  event = "msg_showcmd",
  kind = { { 0, "1", 0 } }
}
{
  event = "msg_showcmd",
  kind = {}
}
{ false,
  event = "cmdline_hide",
  kind = 1
}
{
  event = "msg_showcmd",
  kind = { { 0, "gv", 0 } }
}
{
  event = "msg_showcmd",
  kind = { { 0, "1", 0 } }
}
{
  event = "msg_showcmd",
  kind = {}
}
{ false,
  event = "cmdline_hide",
  kind = 1
}
{
  event = "msg_showcmd",
  kind = { { 0, "gv", 0 } }
}
{
  event = "msg_showcmd",
  kind = { { 0, "1", 0 } }
}
{
  event = "msg_showcmd",
  kind = {}
}
{ false,
  event = "cmdline_hide",
  kind = 1
}
{
  event = "msg_showcmd",
  kind = { { 0, "gv", 0 } }
}
{
  event = "msg_showcmd",
  kind = { { 0, "1", 0 } }
}
{
  event = "msg_showcmd",
  kind = { { 0, "1", 0 } }
}
{
  event = "msg_showcmd",
  kind = {}
}
{ false,
  event = "cmdline_hide",
  kind = 1
}
{
  event = "msg_showcmd",
  kind = { { 0, "gv", 0 } }
}
{
  event = "msg_showcmd",
  kind = { { 0, "1", 0 } }
}
{
  event = "msg_showcmd",
  kind = { { 0, "1", 0 } }
}
{
  event = "msg_showcmd",
  kind = {}
}
{ false,
  event = "cmdline_hide",
  kind = 1
}
{
  event = "msg_showcmd",
  kind = { { 0, "gv", 0 } }
}
{
  event = "msg_showcmd",
  kind = { { 0, "1", 0 } }
}
{
  event = "msg_showcmd",
  kind = { { 0, "1", 0 } }
}
{
  event = "msg_showcmd",
  kind = { { 0, "1", 0 } }
}
{
  event = "msg_showcmd",
  kind = { { 0, "1", 0 } }
}
{
  event = "msg_showcmd",
  kind = { { 0, "1", 0 } }
}
{
  event = "msg_showcmd",
  kind = { { 0, "1", 0 } }
}
{
  event = "msg_showcmd",
  kind = { { 0, "1", 0 } }
}
{
  event = "msg_showcmd",
  kind = { { 0, "1", 0 } }
}
{
  event = "msg_showcmd",
  kind = {}
}
{ false,
  event = "cmdline_hide",
  kind = 1
}
{
  event = "msg_showcmd",
  kind = { { 0, "gv", 0 } }
}
{
  event = "msg_showcmd",
  kind = { { 0, "1", 0 } }
}
{
  event = "msg_showcmd",
  kind = { { 0, "1", 0 } }
}
{
  event = "msg_showcmd",
  kind = { { 0, "1", 0 } }
}
{
  event = "msg_showcmd",
  kind = { { 0, "1", 0 } }
}
{
  event = "msg_showcmd",
  kind = { { 0, "1", 0 } }
}
{
  event = "msg_showcmd",
  kind = { { 0, "1", 0 } }
}
{
  event = "msg_showcmd",
  kind = { { 0, "1", 0 } }
}
{
  event = "msg_showcmd",
  kind = { { 0, "1", 0 } }
}
{
  event = "msg_showcmd",
  kind = { { 0, "1", 0 } }
}
{
  event = "msg_showcmd",
  kind = { { 0, "1", 0 } }
}
{
  event = "msg_showcmd",
  kind = { { 0, "1", 0 } }
}
{
  event = "msg_showcmd",
  kind = { { 0, "1", 0 } }
}
{
  event = "msg_showcmd",
  kind = { { 0, "1", 0 } }
}
{
  event = "msg_showcmd",
  kind = { { 0, "1", 0 } }
}
{
  event = "msg_showcmd",
  kind = { { 0, "1", 0 } }
}
{
  event = "msg_showcmd",
  kind = { { 0, "1", 0 } }
}
{
  event = "msg_showcmd",
  kind = { { 0, "1", 0 } }
}
{
  event = "msg_showcmd",
  kind = { { 0, "1", 0 } }
}
{
  event = "msg_showcmd",
  kind = { { 0, "1", 0 } }
}
{
  event = "msg_showcmd",
  kind = { { 0, "1", 0 } }
}
{
  event = "msg_showcmd",
  kind = { { 0, "1", 0 } }
}
{
  event = "msg_showcmd",
  kind = { { 0, "1", 0 } }
}
{
  event = "msg_showcmd",
  kind = { { 0, "1", 0 } }
}
{
  event = "msg_showcmd",
  kind = { { 0, "1^[", 0 } }
}
{
  event = "msg_showcmd",
  kind = {}
}
{
  event = "msg_showcmd",
  kind = { { 0, "~@k", 0 } }
}
{
  event = "msg_showcmd",
  kind = {}
}
{
  event = "msg_showcmd",
  kind = { { 0, "~@k", 0 } }
}
{
  event = "msg_showcmd",
  kind = {}
}
{
  event = "msg_showcmd",
  kind = { { 0, "~@k", 0 } }
}
{
  event = "msg_showcmd",
  kind = {}
}
{
  event = "msg_showcmd",
  kind = { { 0, "~@k", 0 } }
}
{
  event = "msg_showcmd",
  kind = {}
}
{
  event = "msg_showcmd",
  kind = { { 0, "~@k", 0 } }
}
{
  event = "msg_showcmd",
  kind = {}
}
{
  event = "msg_showcmd",
  kind = { { 0, "~@k", 0 } }
}
{
  event = "msg_showcmd",
  kind = {}
}
{
  event = "msg_showcmd",
  kind = { { 0, "~@k", 0 } }
}
{
  event = "msg_showcmd",
  kind = {}
}
{
  event = "msg_showcmd",
  kind = { { 0, "~@k", 0 } }
}
{
  event = "msg_showcmd",
  kind = {}
}
{
  event = "msg_showcmd",
  kind = { { 0, "~@k", 0 } }
}
{
  event = "msg_showcmd",
  kind = {}
}
{
  event = "msg_showcmd",
  kind = { { 0, "~@k", 0 } }
}
{
  event = "msg_showcmd",
  kind = {}
}
{
  event = "msg_showcmd",
  kind = { { 0, "~@k", 0 } }
}
{
  event = "msg_showcmd",
  kind = {}
}
{
  event = "msg_showcmd",
  kind = { { 0, "~@k", 0 } }
}
{
  event = "msg_showcmd",
  kind = {}
}
{
  event = "msg_showcmd",
  kind = { { 0, "~@k", 0 } }
}
{
  event = "msg_showcmd",
  kind = {}
}
{
  event = "msg_showcmd",
  kind = { { 0, "~@k", 0 } }
}
{
  event = "msg_showcmd",
  kind = {}
}
{
  event = "msg_showcmd",
  kind = { { 0, "~@k", 0 } }
}
{
  event = "msg_showcmd",
  kind = {}
}
{
  event = "msg_showcmd",
  kind = { { 0, "~@k", 0 } }
}
{
  event = "msg_showcmd",
  kind = {}
}
{
  event = "msg_showcmd",
  kind = { { 0, "~@k", 0 } }
}
{
  event = "msg_showcmd",
  kind = {}
}
{
  event = "msg_showcmd",
  kind = { { 0, "~@k", 0 } }
}
{
  event = "msg_showcmd",
  kind = {}
}
{
  event = "msg_showcmd",
  kind = { { 0, "~@k", 0 } }
}
{
  event = "msg_showcmd",
  kind = {}
}
{
  event = "msg_showcmd",
  kind = { { 0, "~@k", 0 } }
}
{
  event = "msg_showcmd",
  kind = {}
}
{
  event = "msg_showcmd",
  kind = { { 0, "~@k", 0 } }
}
{
  event = "msg_showcmd",
  kind = {}
}
{
  event = "msg_showcmd",
  kind = { { 0, "~@k", 0 } }
}
{
  event = "msg_showcmd",
  kind = {}
}
{
  event = "msg_showcmd",
  kind = { { 0, "~@k", 0 } }
}
{
  event = "msg_showcmd",
  kind = {}
}
{
  event = "msg_showcmd",
  kind = { { 0, "d", 0 } }
}
{
  event = "msg_showcmd",
  kind = { { 0, "dd", 0 } }
}
{
  event = "msg_showcmd",
  kind = {}
}
{
  event = "msg_showcmd",
  kind = { { 0, "d", 0 } }
}
{
  event = "msg_showcmd",
  kind = { { 0, "dd", 0 } }
}
{
  event = "msg_showcmd",
  kind = {}
}
{
  event = "msg_showcmd",
  kind = { { 0, "d", 0 } }
}
{
  event = "msg_showcmd",
  kind = { { 0, "dd", 0 } }
}
{
  event = "msg_showcmd",
  kind = {}
}
{
  event = "msg_showcmd",
  kind = { { 0, "~@k", 0 } }
}
{
  event = "msg_showcmd",
  kind = {}
}
{
  event = "msg_showcmd",
  kind = { { 0, "d", 0 } }
}
{
  event = "msg_showcmd",
  kind = { { 0, "dd", 0 } }
}
{
  event = "msg_showcmd",
  kind = {}
}
{ { { 0, '"~\\AppData\\Local\\nvim\\lua\\configs\\notify_config.lua" ', 0 } }, false, false,
  event = "msg_show",
  kind = "bufwrite"
}
{ { { 0, '"~\\AppData\\Local\\nvim\\lua\\configs\\notify_config.lua" 35L, 939B written', 0 } }, true, true,
  event = "msg_show",
  kind = "bufwrite"
}
{
  event = "msg_showcmd",
  kind = { { 0, ":", 0 } }
}
{
  event = "msg_clear"
}
{ 0, ":", "", 0, 1, 0,
  event = "cmdline_show",
  kind = { { 0, "" } }
}
{ 1, ":", "", 0, 1, 0,
  event = "cmdline_show",
  kind = { { 0, "w" } }
}
{ 12, ":", "", 0, 1, 0,
  event = "cmdline_show",
  kind = { { 0, "LastFileSave" } }
}
{ false,
  event = "cmdline_hide",
  kind = 1
}
{
  event = "msg_showcmd",
  kind = {}
}
{ false,
  event = "cmdline_hide",
  kind = 1
}
{
  event = "msg_showcmd",
  kind = { { 0, "~@k", 0 } }
}
{
  event = "msg_showcmd",
  kind = {}
}
{
  event = "msg_showcmd",
  kind = { { 0, "~@k", 0 } }
}
{
  event = "msg_showcmd",
  kind = {}
}
{
  event = "msg_showcmd",
  kind = { { 0, "~@k", 0 } }
}
{
  event = "msg_showcmd",
  kind = {}
}
{
  event = "msg_showcmd",
  kind = { { 0, "~@k", 0 } }
}
{
  event = "msg_showcmd",
  kind = {}
}
{
  event = "msg_showcmd",
  kind = { { 0, ":", 0 } }
}
{ 0, ":", "", 0, 1, 0,
  event = "cmdline_show",
  kind = { { 0, "" } }
}
{ 1, ":", "", 0, 1, 0,
  event = "cmdline_show",
  kind = { { 0, "N" } }
}
{ 2, ":", "", 0, 1, 0,
  event = "cmdline_show",
  kind = { { 0, "No" } }
}
{ 3, ":", "", 0, 1, 0,
  event = "cmdline_show",
  kind = { { 0, "Noi" } }
}
{ -1, 0, 0, -1,
  event = "popupmenu_show",
  kind = { { "Noice", "", "", "" }, { "NoiceAll", "", "", "" }, { "NoiceConfig", "", "", "" }, { "NoiceDebug", "", "", "" }, { "NoiceDisable", "", "", "" }, { "NoiceDismiss", "", "", "" }, { "NoiceEnable", "", "", "" }, { "NoiceErrors", "", "", "" }, { "NoiceFzf", "", "", "" }, { "NoiceHistory", "", "", "" }, { "NoiceLast", "", "", "" }, { "NoiceLog", "", "", "" }, { "NoicePick", "", "", "" }, { "NoiceRoutes", "", "", "" }, { "NoiceSnacks", "", "", "" }, { "NoiceStats", "", "", "" }, { "NoiceTelescope", "", "", "" }, { "NoiceViewstats", "", "", "" } }
}
{ 3, ":", "", 0, 1, 0,
  event = "cmdline_show",
  kind = { { 0, "Noi" } }
}
{
  event = "popupmenu_select",
  kind = 0
}
{ 3, ":", "", 0, 1, 0,
  event = "cmdline_show",
  kind = { { 0, "Noi" } }
}
{ 5, ":", "", 0, 1, 0,
  event = "cmdline_show",
  kind = { { 0, "Noice" } }
}
{
  event = "popupmenu_select",
  kind = 1
}
{ 8, ":", "", 0, 1, 0,
  event = "cmdline_show",
  kind = { { 0, "NoiceAll" } }
}
{
  event = "popupmenu_hide"
}
{ false,
  event = "cmdline_hide",
  kind = 1
}
{
  event = "msg_showcmd",
  kind = {}
}
{
  event = "msg_showcmd",
  kind = { { 0, ":", 0 } }
}
{ 0, ":", "", 0, 1, 0,
  event = "cmdline_show",
  kind = { { 0, "" } }
}
{ 1, ":", "", 0, 1, 0,
  event = "cmdline_show",
  kind = { { 0, "q" } }
}
{ -1, 0, 0, -1,
  event = "popupmenu_show",
  kind = { { "qall", "", "", "" }, { "quit", "", "", "" }, { "quitall", "", "", "" } }
}
{ 1, ":", "", 0, 1, 0,
  event = "cmdline_show",
  kind = { { 0, "q" } }
}
{
  event = "popupmenu_select",
  kind = 0
}
{ 1, ":", "", 0, 1, 0,
  event = "cmdline_show",
  kind = { { 0, "q" } }
}
{ 4, ":", "", 0, 1, 0,
  event = "cmdline_show",
  kind = { { 0, "qall" } }
}
{
  event = "popupmenu_hide"
}
{ false,
  event = "cmdline_hide",
  kind = 1
}
{
  event = "msg_showcmd",
  kind = { { 0, "~@k", 0 } }
}
{
  event = "msg_showcmd",
  kind = {}
}
{
  event = "msg_showcmd",
  kind = { { 0, "~@k", 0 } }
}
{
  event = "msg_showcmd",
  kind = {}
}
{
  event = "msg_showcmd",
  kind = { { 0, "~@k", 0 } }
}
{
  event = "msg_showcmd",
  kind = {}
}
{
  event = "msg_showcmd",
  kind = { { 0, "~@k", 0 } }
}
{
  event = "msg_showcmd",
  kind = {}
}
{
  event = "msg_showcmd",
  kind = { { 0, "~@k", 0 } }
}
{
  event = "msg_showcmd",
  kind = {}
}
{
  event = "msg_showcmd",
  kind = { { 0, "~@k", 0 } }
}
{
  event = "msg_showcmd",
  kind = {}
}
{
  event = "msg_showcmd",
  kind = { { 0, "~@k", 0 } }
}
{
  event = "msg_showcmd",
  kind = {}
}
{
  event = "msg_showcmd",
  kind = { { 0, "~@k", 0 } }
}
{
  event = "msg_showcmd",
  kind = {}
}
{
  event = "msg_showcmd",
  kind = { { 0, "~@k", 0 } }
}
{
  event = "msg_showcmd",
  kind = {}
}
{
  event = "msg_showcmd",
  kind = { { 0, "~@k", 0 } }
}
{
  event = "msg_showcmd",
  kind = {}
}
{
  event = "msg_showcmd",
  kind = { { 0, "~@k", 0 } }
}
{
  event = "msg_showcmd",
  kind = {}
}
{
  event = "msg_showcmd",
  kind = { { 0, "~@k", 0 } }
}
{
  event = "msg_showcmd",
  kind = {}
}
{
  event = "msg_showcmd",
  kind = { { 0, "~@k", 0 } }
}
{
  event = "msg_showcmd",
  kind = {}
}
{
  event = "msg_showcmd",
  kind = { { 0, "~@k", 0 } }
}
{
  event = "msg_showcmd",
  kind = {}
}
{
  event = "msg_showcmd",
  kind = { { 0, "~@k", 0 } }
}
{
  event = "msg_showcmd",
  kind = {}
}
{
  event = "msg_showcmd",
  kind = { { 0, "~@k", 0 } }
}
{
  event = "msg_showcmd",
  kind = {}
}
{
  event = "msg_showcmd",
  kind = { { 0, "~@k", 0 } }
}
{
  event = "msg_showcmd",
  kind = {}
}
{
  event = "msg_showcmd",
  kind = { { 0, "~@k", 0 } }
}
{
  event = "msg_showcmd",
  kind = {}
}
{
  event = "msg_showcmd",
  kind = { { 0, "~@k", 0 } }
}
{
  event = "msg_showcmd",
  kind = {}
}
{
  event = "msg_showcmd",
  kind = { { 0, "~@k", 0 } }
}
{
  event = "msg_showcmd",
  kind = {}
}
{
  event = "msg_showcmd",
  kind = { { 0, "~@k", 0 } }
}
{
  event = "msg_showcmd",
  kind = {}
}
{
  event = "msg_showcmd",
  kind = { { 0, "~@k", 0 } }
}
{
  event = "msg_showcmd",
  kind = {}
}
{
  event = "msg_showcmd",
  kind = { { 0, "~@k", 0 } }
}
{
  event = "msg_showcmd",
  kind = {}
}
{
  event = "msg_showcmd",
  kind = { { 0, "~@k", 0 } }
}
{
  event = "msg_showcmd",
  kind = {}
}
{
  event = "msg_showcmd",
  kind = { { 0, "~@k", 0 } }
}
{
  event = "msg_showcmd",
  kind = {}
}
{
  event = "msg_showcmd",
  kind = { { 0, "~@k", 0 } }
}
{
  event = "msg_showcmd",
  kind = {}
}
{
  event = "msg_showcmd",
  kind = { { 0, "~@k", 0 } }
}
{
  event = "msg_showcmd",
  kind = {}
}
{
  event = "msg_showcmd",
  kind = { { 0, "~@k", 0 } }
}
{
  event = "msg_showcmd",
  kind = {}
}
{
  event = "msg_showcmd",
  kind = { { 0, "~@k", 0 } }
}
{
  event = "msg_showcmd",
  kind = {}
}
{
  event = "msg_showcmd",
  kind = { { 0, "~@k", 0 } }
}
{
  event = "msg_showcmd",
  kind = {}
}
{
  event = "msg_showcmd",
  kind = { { 0, "~@k", 0 } }
}
{
  event = "msg_showcmd",
  kind = {}
}
{
  event = "msg_showcmd",
  kind = { { 0, "~@k", 0 } }
}
{
  event = "msg_showcmd",
  kind = {}
}
{
  event = "msg_showcmd",
  kind = { { 0, "~@k", 0 } }
}
{
  event = "msg_showcmd",
  kind = {}
}
{
  event = "msg_showcmd",
  kind = { { 0, "~@k", 0 } }
}
{
  event = "msg_showcmd",
  kind = {}
}
{
  event = "msg_showcmd",
  kind = { { 0, "~@k", 0 } }
}
{
  event = "msg_showcmd",
  kind = {}
}
{
  event = "msg_showcmd",
  kind = { { 0, "~@k", 0 } }
}
{
  event = "msg_showcmd",
  kind = {}
}
{
  event = "msg_showcmd",
  kind = { { 0, "~@k", 0 } }
}
{
  event = "msg_showcmd",
  kind = {}
}
{
  event = "msg_showcmd",
  kind = { { 0, "~@k", 0 } }
}
{
  event = "msg_showcmd",
  kind = {}
}
{
  event = "msg_showcmd",
  kind = { { 0, "~@k", 0 } }
}
{
  event = "msg_showcmd",
  kind = {}
}
{
  event = "msg_showcmd",
  kind = { { 0, "~@k", 0 } }
}
{
  event = "msg_showcmd",
  kind = {}
}
{
  event = "msg_showcmd",
  kind = { { 0, "~@k", 0 } }
}
{
  event = "msg_showcmd",
  kind = {}
}
{
  event = "msg_showcmd",
  kind = { { 0, "~@k", 0 } }
}
{
  event = "msg_showcmd",
  kind = {}
}
{
  event = "msg_showcmd",
  kind = { { 0, "~@k", 0 } }
}
{
  event = "msg_showcmd",
  kind = {}
}
{
  event = "msg_showcmd",
  kind = { { 0, "~@k", 0 } }
}
{
  event = "msg_showcmd",
  kind = {}
}
{
  event = "msg_showcmd",
  kind = { { 0, "~@k", 0 } }
}
{
  event = "msg_showcmd",
  kind = {}
}
{
  event = "msg_showcmd",
  kind = { { 0, "~@k", 0 } }
}
{
  event = "msg_showcmd",
  kind = {}
}
{
  event = "msg_showcmd",
  kind = { { 0, "~@k", 0 } }
}
{
  event = "msg_showcmd",
  kind = {}
}
{
  event = "msg_showcmd",
  kind = { { 0, "~@k", 0 } }
}
{
  event = "msg_showcmd",
  kind = {}
}
{
  event = "msg_showcmd",
  kind = { { 0, "~@k", 0 } }
}
{
  event = "msg_showcmd",
  kind = {}
}
{
  event = "msg_showcmd",
  kind = { { 0, "~@k", 0 } }
}
{
  event = "msg_showcmd",
  kind = {}
}
{
  event = "msg_showcmd",
  kind = { { 0, "~@k", 0 } }
}
{
  event = "msg_showcmd",
  kind = {}
}
{
  event = "msg_showcmd",
  kind = { { 0, "~@k", 0 } }
}
{
  event = "msg_showcmd",
  kind = {}
}
{
  event = "msg_showcmd",
  kind = { { 0, "~@k", 0 } }
}
{
  event = "msg_showcmd",
  kind = {}
}
{
  event = "msg_showcmd",
  kind = { { 0, "~@k", 0 } }
}
{
  event = "msg_showcmd",
  kind = {}
}
{
  event = "msg_showcmd",
  kind = { { 0, "~@k", 0 } }
}
{
  event = "msg_showcmd",
  kind = {}
}
{
  event = "msg_showcmd",
  kind = { { 0, "~@k", 0 } }
}
{
  event = "msg_showcmd",
  kind = {}
}
{
  event = "msg_showcmd",
  kind = { { 0, "~@k", 0 } }
}
{
  event = "msg_showcmd",
  kind = {}
}
{
  event = "msg_showcmd",
  kind = { { 0, "~@k", 0 } }
}
{
  event = "msg_showcmd",
  kind = {}
}
{
  event = "msg_showcmd",
  kind = { { 0, "~@k", 0 } }
}
{
  event = "msg_showcmd",
  kind = {}
}
{
  event = "msg_showcmd",
  kind = { { 0, "~@k", 0 } }
}
{
  event = "msg_showcmd",
  kind = {}
}
{
  event = "msg_showcmd",
  kind = { { 0, "~@k", 0 } }
}
{
  event = "msg_showcmd",
  kind = {}
}
{
  event = "msg_showcmd",
  kind = { { 0, "~@k", 0 } }
}
{
  event = "msg_showcmd",
  kind = {}
}
{
  event = "msg_showcmd",
  kind = { { 0, "~@k", 0 } }
}
{
  event = "msg_showcmd",
  kind = {}
}
{
  event = "msg_showcmd",
  kind = { { 0, "~@k", 0 } }
}
{
  event = "msg_showcmd",
  kind = {}
}
{
  event = "msg_showcmd",
  kind = { { 0, "~@k", 0 } }
}
{
  event = "msg_showcmd",
  kind = {}
}
{
  event = "msg_showcmd",
  kind = { { 0, "~@k", 0 } }
}
{
  event = "msg_showcmd",
  kind = {}
}
{
  event = "msg_showcmd",
  kind = { { 0, "~@k", 0 } }
}
{
  event = "msg_showcmd",
  kind = {}
}
{
  event = "msg_showcmd",
  kind = { { 0, "~@k", 0 } }
}
{
  event = "msg_showcmd",
  kind = {}
}
{
  event = "msg_showcmd",
  kind = { { 0, "~@k", 0 } }
}
{
  event = "msg_showcmd",
  kind = {}
}
{
  event = "msg_showcmd",
  kind = { { 0, "~@k", 0 } }
}
{
  event = "msg_showcmd",
  kind = {}
}
{
  event = "msg_showcmd",
  kind = { { 0, "~@k", 0 } }
}
{
  event = "msg_showcmd",
  kind = {}
}
{
  event = "msg_showcmd",
  kind = { { 0, "~@k", 0 } }
}
{
  event = "msg_showcmd",
  kind = {}
}
{
  event = "msg_showcmd",
  kind = { { 0, "~@k", 0 } }
}
{
  event = "msg_showcmd",
  kind = {}
}
{
  event = "msg_showcmd",
  kind = { { 0, "~@k", 0 } }
}
{
  event = "msg_showcmd",
  kind = {}
}
{
  event = "msg_showcmd",
  kind = { { 0, "~@k", 0 } }
}
{
  event = "msg_showcmd",
  kind = {}
}
{
  event = "msg_showcmd",
  kind = { { 0, "~@k", 0 } }
}
{
  event = "msg_showcmd",
  kind = {}
}
{
  event = "msg_showcmd",
  kind = { { 0, "~@k", 0 } }
}
{
  event = "msg_showcmd",
  kind = {}
}
{
  event = "msg_showcmd",
  kind = { { 0, "~@k", 0 } }
}
{
  event = "msg_showcmd",
  kind = {}
}
{
  event = "msg_showcmd",
  kind = { { 0, "~@k", 0 } }
}
{
  event = "msg_showcmd",
  kind = {}
}
{
  event = "msg_showcmd",
  kind = { { 0, "~@k", 0 } }
}
{
  event = "msg_showcmd",
  kind = {}
}
{
  event = "msg_showcmd",
  kind = { { 0, "~@k", 0 } }
}
{
  event = "msg_showcmd",
  kind = {}
}
{
  event = "msg_showcmd",
  kind = { { 0, "~@k", 0 } }
}
{
  event = "msg_showcmd",
  kind = {}
}
{
  event = "msg_showcmd",
  kind = { { 0, "~@k", 0 } }
}
{
  event = "msg_showcmd",
  kind = {}
}
{
  event = "msg_showcmd",
  kind = { { 0, "~@k", 0 } }
}
{
  event = "msg_showcmd",
  kind = {}
}
{
  event = "msg_showcmd",
  kind = { { 0, "~@k", 0 } }
}
{
  event = "msg_showcmd",
  kind = {}
}
{
  event = "msg_showcmd",
  kind = { { 0, "~@k", 0 } }
}
{
  event = "msg_showcmd",
  kind = {}
}
{
  event = "msg_showcmd",
  kind = { { 0, "~@k", 0 } }
}
{
  event = "msg_showcmd",
  kind = {}
}
{
  event = "msg_showcmd",
  kind = { { 0, "~@k", 0 } }
}
{
  event = "msg_showcmd",
  kind = {}
}
{
  event = "msg_showcmd",
  kind = { { 0, "~@@", 0 } }
}
{
  event = "msg_showcmd",
  kind = {}
}
{
  event = "msg_showcmd",
  kind = { { 0, "i", 0 } }
}
{
  event = "msg_showcmd",
  kind = {}
}
{
  event = "msg_showcmd",
  kind = { { 0, ":", 0 } }
}
{ 0, ":", "", 0, 1, 0,
  event = "cmdline_show",
  kind = { { 0, "" } }
}
{ 1, ":", "", 0, 1, 0,
  event = "cmdline_show",
  kind = { { 0, "w" } }
}
{ false,
  event = "cmdline_hide",
  kind = 1
}
{ { { 0, '"lua\\configs\\noice_config.lua" ', 0 } }, false, false,
  event = "msg_show",
  kind = "bufwrite"
}
{ { { 0, '"lua\\configs\\noice_config.lua" 168L, 5716B written', 0 } }, true, true,
  event = "msg_show",
  kind = "bufwrite"
}
{
  event = "msg_showcmd",
  kind = {}
}
{
  event = "msg_showcmd",
  kind = { { 0, "^W", 0 } }
}
{
  event = "msg_showcmd",
  kind = {}
}
{
  event = "msg_showcmd",
  kind = { { 0, "^W^W", 0 } }
}
{
  event = "msg_showcmd",
  kind = {}
}
{
  event = "msg_showcmd",
  kind = { { 0, "~@k", 0 } }
}
{
  event = "msg_showcmd",
  kind = {}
}
{
  event = "msg_showcmd",
  kind = { { 0, "^W^W", 0 } }
}
{
  event = "msg_showcmd",
  kind = {}
}
{
  event = "msg_showcmd",
  kind = { { 0, "~@k", 0 } }
}
{
  event = "msg_showcmd",
  kind = {}
}
{
  event = "msg_showcmd",
  kind = { { 0, "~@k", 0 } }
}
{
  event = "msg_showcmd",
  kind = {}
}
{
  event = "msg_showcmd",
  kind = { { 0, ":", 0 } }
}
{
  event = "msg_clear"
}
{ 0, ":", "", 0, 1, 0,
  event = "cmdline_show",
  kind = { { 0, "" } }
}
{ 1, ":", "", 0, 1, 0,
  event = "cmdline_show",
  kind = { { 0, "a" } }
}
{ 2, ":", "", 0, 1, 0,
  event = "cmdline_show",
  kind = { { 0, "as" } }
}
{ 3, ":", "", 0, 1, 0,
  event = "cmdline_show",
  kind = { { 0, "asd" } }
}
{ 4, ":", "", 0, 1, 0,
  event = "cmdline_show",
  kind = { { 0, "asda" } }
}
{ 5, ":", "", 0, 1, 0,
  event = "cmdline_show",
  kind = { { 0, "asdaa" } }
}
{ 6, ":", "", 0, 1, 0,
  event = "cmdline_show",
  kind = { { 0, "asdaas" } }
}
{ 7, ":", "", 0, 1, 0,
  event = "cmdline_show",
  kind = { { 0, "asdaasd" } }
}
{ 8, ":", "", 0, 1, 0,
  event = "cmdline_show",
  kind = { { 0, "asdaasdd" } }
}
{ 9, ":", "", 0, 1, 0,
  event = "cmdline_show",
  kind = { { 0, "asdaasdda" } }
}
{ false,
  event = "cmdline_hide",
  kind = 1
}
{
  event = "msg_showcmd",
  kind = {}
}
{ { { 379, "E492: Not an editor command: asdaasdda", 6 } }, false, true,
  event = "msg_show",
  kind = "emsg"
}
{
  event = "msg_showcmd",
  kind = { { 0, "~@k", 0 } }
}
{
  event = "msg_showcmd",
  kind = {}
}
{
  event = "msg_showcmd",
  kind = { { 0, "~@k", 0 } }
}
{
  event = "msg_showcmd",
  kind = {}
}
{
  event = "msg_showcmd",
  kind = { { 0, "~@k", 0 } }
}
{
  event = "msg_showcmd",
  kind = {}
}
{
  event = "msg_showcmd",
  kind = { { 0, "~@k", 0 } }
}
{
  event = "msg_showcmd",
  kind = {}
}
{
  event = "msg_showcmd",
  kind = { { 0, "~@k", 0 } }
}
{
  event = "msg_showcmd",
  kind = {}
}
{
  event = "msg_showcmd",
  kind = { { 0, "~@k", 0 } }
}
{
  event = "msg_showcmd",
  kind = {}
}
{
  event = "msg_showcmd",
  kind = { { 0, "~@k", 0 } }
}
{
  event = "msg_showcmd",
  kind = {}
}
{
  event = "msg_showcmd",
  kind = { { 0, "~@k", 0 } }
}
{
  event = "msg_showcmd",
  kind = {}
}
{
  event = "msg_showcmd",
  kind = { { 0, "dl", 0 } }
}
{
  event = "msg_showcmd",
  kind = {}
}
{
  event = "msg_showcmd",
  kind = { { 0, "~@k", 0 } }
}
{
  event = "msg_showcmd",
  kind = {}
}
{
  event = "msg_showcmd",
  kind = { { 0, "dl", 0 } }
}
{
  event = "msg_showcmd",
  kind = {}
}
{
  event = "msg_showcmd",
  kind = { { 0, "~@k", 0 } }
}
{
  event = "msg_showcmd",
  kind = {}
}
{
  event = "msg_showcmd",
  kind = { { 0, "~@k", 0 } }
}
{
  event = "msg_showcmd",
  kind = {}
}
{
  event = "msg_showcmd",
  kind = { { 0, "~@k", 0 } }
}
{
  event = "msg_showcmd",
  kind = {}
}
{
  event = "msg_showcmd",
  kind = { { 0, "~@k", 0 } }
}
{
  event = "msg_showcmd",
  kind = {}
}
{
  event = "msg_showcmd",
  kind = { { 0, "~@k", 0 } }
}
{
  event = "msg_showcmd",
  kind = {}
}
{
  event = "msg_showcmd",
  kind = { { 0, "~@k", 0 } }
}
{
  event = "msg_showcmd",
  kind = {}
}
{
  event = "msg_showcmd",
  kind = { { 0, "~@k", 0 } }
}
{
  event = "msg_showcmd",
  kind = {}
}
{
  event = "msg_showcmd",
  kind = { { 0, "~@k", 0 } }
}
{
  event = "msg_showcmd",
  kind = {}
}
{
  event = "msg_showcmd",
  kind = { { 0, "~@k", 0 } }
}
{
  event = "msg_showcmd",
  kind = {}
}
{
  event = "msg_showcmd",
  kind = { { 0, "~@k", 0 } }
}
{
  event = "msg_showcmd",
  kind = {}
}
{
  event = "msg_showcmd",
  kind = { { 0, "~@k", 0 } }
}
{
  event = "msg_showcmd",
  kind = {}
}
{
  event = "msg_showcmd",
  kind = { { 0, "~@k", 0 } }
}
{
  event = "msg_showcmd",
  kind = {}
}
{
  event = "msg_showcmd",
  kind = { { 0, "~@k", 0 } }
}
{
  event = "msg_showcmd",
  kind = {}
}
{
  event = "msg_showcmd",
  kind = { { 0, "~@k", 0 } }
}
{
  event = "msg_showcmd",
  kind = {}
}
{
  event = "msg_showcmd",
  kind = { { 0, "~@k", 0 } }
}
{
  event = "msg_showcmd",
  kind = {}
}
{
  event = "msg_showcmd",
  kind = { { 0, "~@k", 0 } }
}
{
  event = "msg_showcmd",
  kind = {}
}
{
  event = "msg_showcmd",
  kind = { { 0, "~@k", 0 } }
}
{
  event = "msg_showcmd",
  kind = {}
}
{
  event = "msg_showcmd",
  kind = { { 0, "~@k", 0 } }
}
{
  event = "msg_showcmd",
  kind = {}
}
{
  event = "msg_showcmd",
  kind = { { 0, "~@k", 0 } }
}
{
  event = "msg_showcmd",
  kind = {}
}
{
  event = "msg_showcmd",
  kind = { { 0, "~@k", 0 } }
}
{
  event = "msg_showcmd",
  kind = {}
}
{
  event = "msg_showcmd",
  kind = { { 0, "~@k", 0 } }
}
{
  event = "msg_showcmd",
  kind = {}
}
{
  event = "msg_showcmd",
  kind = { { 0, "~@k", 0 } }
}
{
  event = "msg_showcmd",
  kind = {}
}
{
  event = "msg_showcmd",
  kind = { { 0, "~@k", 0 } }
}
{
  event = "msg_showcmd",
  kind = {}
}
{
  event = "msg_showcmd",
  kind = { { 0, "~@k", 0 } }
}
{
  event = "msg_showcmd",
  kind = {}
}
{
  event = "msg_showcmd",
  kind = { { 0, "~@k", 0 } }
}
{
  event = "msg_showcmd",
  kind = {}
}
{
  event = "msg_showcmd",
  kind = { { 0, "~@k", 0 } }
}
{
  event = "msg_showcmd",
  kind = {}
}
{
  event = "msg_showcmd",
  kind = { { 0, "~@k", 0 } }
}
{
  event = "msg_showcmd",
  kind = {}
}
{
  event = "msg_showcmd",
  kind = { { 0, "~@k", 0 } }
}
{
  event = "msg_showcmd",
  kind = {}
}
{
  event = "msg_showcmd",
  kind = { { 0, "~@k", 0 } }
}
{
  event = "msg_showcmd",
  kind = {}
}
{
  event = "msg_showcmd",
  kind = { { 0, "~@k", 0 } }
}
{
  event = "msg_showcmd",
  kind = {}
}
{
  event = "msg_showcmd",
  kind = { { 0, "~@k", 0 } }
}
{
  event = "msg_showcmd",
  kind = {}
}
{
  event = "msg_showcmd",
  kind = { { 0, "~@k", 0 } }
}
{
  event = "msg_showcmd",
  kind = {}
}
{
  event = "msg_showcmd",
  kind = { { 0, "~@k", 0 } }
}
{
  event = "msg_showcmd",
  kind = {}
}
{
  event = "msg_showcmd",
  kind = { { 0, "~@k", 0 } }
}
{
  event = "msg_showcmd",
  kind = {}
}
{
  event = "msg_showcmd",
  kind = { { 0, "~@k", 0 } }
}
{
  event = "msg_showcmd",
  kind = {}
}
{
  event = "msg_showcmd",
  kind = { { 0, "i", 0 } }
}
{
  event = "msg_showcmd",
  kind = {}
}
{
  event = "msg_showcmd",
  kind = { { 0, ":", 0 } }
}
{
  event = "msg_clear"
}
{ 0, ":", "", 0, 1, 0,
  event = "cmdline_show",
  kind = { { 0, "" } }
}
{ 1, ":", "", 0, 1, 0,
  event = "cmdline_show",
  kind = { { 0, "w" } }
}
{ false,
  event = "cmdline_hide",
  kind = 1
}
{ { { 0, '"lua\\configs\\notify_config.lua" ', 0 } }, false, false,
  event = "msg_show",
  kind = "bufwrite"
}
{ { { 0, '"lua\\configs\\notify_config.lua" 35L, 939B written', 0 } }, true, true,
  event = "msg_show",
  kind = "bufwrite"
}
{
  event = "msg_showcmd",
  kind = {}
}
{
  event = "msg_showcmd",
  kind = { { 0, ":", 0 } }
}
{
  event = "msg_clear"
}
{ 0, ":", "", 0, 1, 0,
  event = "cmdline_show",
  kind = { { 0, "" } }
}
{ 1, ":", "", 0, 1, 0,
  event = "cmdline_show",
  kind = { { 0, "w" } }
}
{ 9, ":", "", 0, 1, 0,
  event = "cmdline_show",
  kind = { { 0, "asdaasdda" } }
}
{ 4, ":", "", 0, 1, 0,
  event = "cmdline_show",
  kind = { { 0, "qall" } }
}
{ 8, ":", "", 0, 1, 0,
  event = "cmdline_show",
  kind = { { 0, "NoiceAll" } }
}
{ false,
  event = "cmdline_hide",
  kind = 1
}
{
  event = "msg_showcmd",
  kind = {}
}
{
  event = "msg_showcmd",
  kind = { { 0, ":", 0 } }
}
{ 0, ":", "", 0, 1, 0,
  event = "cmdline_show",
  kind = { { 0, "" } }
}
{ 1, ":", "", 0, 1, 0,
  event = "cmdline_show",
  kind = { { 0, "q" } }
}
{ false,
  event = "cmdline_hide",
  kind = 1
}
{
  event = "msg_showcmd",
  kind = {}
}
{
  event = "msg_showcmd",
  kind = { { 0, ":", 0 } }
}
{ 0, ":", "", 0, 1, 0,
  event = "cmdline_show",
  kind = { { 0, "" } }
}
{ true,
  event = "cmdline_hide",
  kind = 1
}
{
  event = "msg_showcmd",
  kind = {}
}
{
  event = "msg_showcmd",
  kind = { { 0, "^W^W", 0 } }
}
{
  event = "msg_showcmd",
  kind = {}
}
{
  event = "msg_showcmd",
  kind = { { 0, ":", 0 } }
}
{ 0, ":", "", 0, 1, 0,
  event = "cmdline_show",
  kind = { { 0, "" } }
}
{ 1, ":", "", 0, 1, 0,
  event = "cmdline_show",
  kind = { { 0, "q" } }
}
{ 8, ":", "", 0, 1, 0,
  event = "cmdline_show",
  kind = { { 0, "NoiceAll" } }
}
{ 1, ":", "", 0, 1, 0,
  event = "cmdline_show",
  kind = { { 0, "w" } }
}
{ 9, ":", "", 0, 1, 0,
  event = "cmdline_show",
  kind = { { 0, "asdaasdda" } }
}
{ 4, ":", "", 0, 1, 0,
  event = "cmdline_show",
  kind = { { 0, "qall" } }
}
{ 12, ":", "", 0, 1, 0,
  event = "cmdline_show",
  kind = { { 0, "LastFileSave" } }
}
{ 3, ":", "", 0, 1, 0,
  event = "cmdline_show",
  kind = { { 0, "wq!" } }
}
{ 3, ":", "", 0, 1, 0,
  event = "cmdline_show",
  kind = { { 0, "qa!" } }
}
{ 7, ":", "", 0, 1, 0,
  event = "cmdline_show",
  kind = { { 0, "LspInfo" } }
}
{ 12, ":", "", 0, 1, 0,
  event = "cmdline_show",
  kind = { { 0, "#sadöädöa" } }
}
{ 9, ":", "", 0, 1, 0,
  event = "cmdline_show",
  kind = { { 0, "oskdfkspf" } }
}
{ 8, ":", "", 0, 1, 0,
  event = "cmdline_show",
  kind = { { 0, "oskdfksp" } }
}
{ 7, ":", "", 0, 1, 0,
  event = "cmdline_show",
  kind = { { 0, "oskdfks" } }
}
{ 6, ":", "", 0, 1, 0,
  event = "cmdline_show",
  kind = { { 0, "oskdfk" } }
}
{ 5, ":", "", 0, 1, 0,
  event = "cmdline_show",
  kind = { { 0, "oskdf" } }
}
{ 4, ":", "", 0, 1, 0,
  event = "cmdline_show",
  kind = { { 0, "oskd" } }
}
{ 3, ":", "", 0, 1, 0,
  event = "cmdline_show",
  kind = { { 0, "osk" } }
}
{ 2, ":", "", 0, 1, 0,
  event = "cmdline_show",
  kind = { { 0, "os" } }
}
{ 1, ":", "", 0, 1, 0,
  event = "cmdline_show",
  kind = { { 0, "o" } }
}
{ 0, ":", "", 0, 1, 0,
  event = "cmdline_show",
  kind = { { 0, "" } }
}
{ 1, ":", "", 0, 1, 0,
  event = "cmdline_show",
  kind = { { 0, "L" } }
}
{ 2, ":", "", 0, 1, 0,
  event = "cmdline_show",
  kind = { { 0, "La" } }
}
{ 3, ":", "", 0, 1, 0,
  event = "cmdline_show",
  kind = { { 0, "Las" } }
}
{ 4, ":", "", 0, 1, 0,
  event = "cmdline_show",
  kind = { { 0, "Last" } }
}
{ -1, 0, 0, -1,
  event = "popupmenu_show",
  kind = { { "LastFileClear", "", "", "" }, { "LastFileRestore", "", "", "" }, { "LastFileSave", "", "", "" } }
}
{ 4, ":", "", 0, 1, 0,
  event = "cmdline_show",
  kind = { { 0, "Last" } }
}
{
  event = "popupmenu_select",
  kind = 0
}
{ 4, ":", "", 0, 1, 0,
  event = "cmdline_show",
  kind = { { 0, "Last" } }
}
{ 13, ":", "", 0, 1, 0,
  event = "cmdline_show",
  kind = { { 0, "LastFileClear" } }
}
{
  event = "popupmenu_select",
  kind = 1
}
{ 15, ":", "", 0, 1, 0,
  event = "cmdline_show",
  kind = { { 0, "LastFileRestore" } }
}
{
  event = "popupmenu_select",
  kind = 2
}
{ 12, ":", "", 0, 1, 0,
  event = "cmdline_show",
  kind = { { 0, "LastFileSave" } }
}
{
  event = "popupmenu_hide"
}
{ false,
  event = "cmdline_hide",
  kind = 1
}
{
  event = "msg_showcmd",
  kind = {}
}
{ false,
  event = "cmdline_hide",
  kind = 1
}
