--- Startup times for process: Primary (or UI client) ---

times in msec
 clock   self+sourced   self:  sourced script
 clock   elapsed:              other lines

000.008  000.008: --- NVIM STARTING ---
000.077  000.069: event init
000.238  000.161: early init
012.792  012.554: locale set
012.842  000.050: init first window
013.521  000.679: inits 1
013.684  000.163: window checked
013.696  000.012: parsing arguments
014.850  000.572  000.572: require('vim._core.shared')
015.491  000.005  000.005: require('string.buffer')
015.530  000.216  000.211: require('vim.inspect')
015.745  000.205  000.205: require('vim._core.options')
015.748  000.888  000.468: require('vim._core.editor')
015.881  000.130  000.130: require('vim._core.system')
015.883  001.737  000.148: require('vim._init_packages')
015.891  000.457: init lua interpreter
024.167  008.276: nvim_ui_attach
024.410  000.243: nvim_set_client_info
024.414  000.004: --- NVIM STARTED ---

--- Startup times for process: Embedded ---

times in msec
 clock   self+sourced   self:  sourced script
 clock   elapsed:              other lines

000.014  000.014: --- NVIM STARTING ---
000.059  000.045: event init
000.155  000.096: early init
012.437  012.282: locale set
012.484  000.047: init first window
013.002  000.518: inits 1
013.021  000.019: window checked
013.026  000.005: parsing arguments
013.967  000.464  000.464: require('vim._core.shared')
014.667  000.005  000.005: require('string.buffer')
014.695  000.205  000.200: require('vim.inspect')
015.033  000.327  000.327: require('vim._core.options')
015.042  001.067  000.534: require('vim._core.editor')
015.199  000.153  000.153: require('vim._core.system')
015.203  001.781  000.098: require('vim._init_packages')
015.211  000.404: init lua interpreter
015.592  000.381: expanding arguments
015.612  000.020: inits 2
015.915  000.302: init highlight
015.917  000.002: waiting for UI
016.008  000.091: done waiting for UI
016.025  000.017: clear screen
016.631  000.038  000.038: require('vim.keymap')
017.224  000.142  000.142: sourcing nvim_exec2()
017.272  000.023  000.023: require('vim._core.log')
022.529  006.500  006.296: require('vim._core.defaults')
022.536  000.011: init default mappings & autocommands
023.542  000.087  000.087: sourcing C:\Program Files\Neovim\share\nvim\runtime\ftplugin.vim
023.777  000.054  000.054: sourcing C:\Program Files\Neovim\share\nvim\runtime\indent.vim
024.760  000.305  000.305: require('vim.fs')
025.077  000.309  000.309: require('vim.uri')
025.121  000.920  000.306: require('vim.loader')
026.432  001.167  001.167: require('plugins.personal.utils')
028.610  000.185  000.185: require('lib.nvim.notify.@types')
028.806  000.189  000.189: require('lib.nvim.notify.safe')
028.812  001.863  001.490: require('lib.nvim.notify')
028.821  002.020  000.157: require('machine')
028.824  002.257  000.237: require('config.lazy')
029.039  000.212  000.212: require('lazy')
029.066  000.013  000.013: require('ffi')
029.248  000.176  000.176: require('lazy.stats')
029.698  000.219  000.219: require('lazy.core.util')
029.922  000.217  000.217: require('lazy.core.config')
030.544  000.329  000.329: require('lazy.core.handler')
031.307  000.236  000.236: require('lazy.pkg')
031.317  000.456  000.220: require('lazy.core.meta')
031.325  000.772  000.316: require('lazy.core.plugin')
031.335  001.405  000.303: require('lazy.core.loader')
032.240  000.252  000.252: require('lazy.core.fragments')
035.472  000.212  000.212: require('config.fzf.keymaps')
035.643  000.162  000.162: require('config.fzf.fzf_opts')
035.802  000.152  000.152: require('config.fzf.grep')
036.382  000.430  000.430: require('lib.nvim.fs.path_shorten')
036.390  000.582  000.153: require('config.fzf.files')
036.393  001.265  000.155: require('config.fzf')
037.841  000.144  000.144: require('plugins.control.mode')
038.100  000.136  000.136: require('config.neotest.init.utils')
038.235  000.127  000.127: require('config.neotest.init.dependencies')
038.343  000.103  000.103: require('config.neotest.init.cmd')
039.032  000.286  000.286: require('lib.lua.lazy')
039.179  000.139  000.139: require('config.neotree.commands.source')
039.186  000.616  000.190: require('config.neotree.keymaps')
039.518  000.179  000.179: require('config.neotest.actions')
039.524  000.336  000.156: require('config.neotest.neotree')
039.664  000.137  000.137: require('config.neotree.keymaps.buffers')
039.810  000.141  000.141: require('config.neotree.keymaps.document_symbols')
040.204  000.135  000.135: require('config.neotree.utils.node')
040.441  000.230  000.230: require('config.neotree.utils')
040.447  000.497  000.132: require('config.neotree.keymaps.filesystem.files')
040.450  000.636  000.138: require('config.neotree.keymaps.filesystem')
040.569  000.117  000.117: require('config.neotree.keymaps.git_status')
040.710  000.136  000.136: require('config.neotree.keymaps.diagnostics')
040.852  000.138  000.138: require('config.neotree.sources.icons')
041.482  000.223  000.223: require('plugins.personal.source')
044.776  000.287  000.287: require('config.snacks.picker')
044.956  000.171  000.171: require('config.snacks.mappings')
045.106  000.145  000.145: require('config.snacks.mappings.standard')
045.252  000.120  000.120: require('config.snacks.mappings.extended')
046.091  000.120  000.120: require('config.trouble.numbering')
046.343  000.142  000.142: require('config.noice')
046.780  000.132  000.132: require('config.todo_comments.keywords')
046.885  000.098  000.098: require('config.todo_comments.colors.strong')
050.307  000.252  000.252: require('lazy.core.handler.event')
050.533  000.217  000.217: require('lazy.core.handler.keys')
050.745  000.204  000.204: require('lazy.core.handler.cmd')
050.945  000.191  000.191: require('lazy.core.handler.ft')
051.056  000.009  000.009: sourcing nvim_exec2() called at C:\Users\bartl\AppData\Local\nvim\init.lua:0
051.101  000.003  000.003: sourcing nvim_exec2() called at C:\Users\bartl\AppData\Local\nvim\init.lua:0
051.118  000.002  000.002: sourcing nvim_exec2() called at C:\Users\bartl\AppData\Local\nvim\init.lua:0
051.145  000.002  000.002: sourcing nvim_exec2() called at C:\Users\bartl\AppData\Local\nvim\init.lua:0
052.155  000.004  000.004: sourcing nvim_exec2() called at C:\Users\bartl\AppData\Local\nvim\init.lua:0
052.215  000.004  000.004: sourcing nvim_exec2() called at C:\Users\bartl\AppData\Local\nvim\init.lua:0
052.550  000.004  000.004: sourcing nvim_exec2() called at C:\Users\bartl\AppData\Local\nvim\init.lua:0
052.642  000.003  000.003: sourcing nvim_exec2() called at C:\Users\bartl\AppData\Local\nvim\init.lua:0
052.663  000.002  000.002: sourcing nvim_exec2() called at C:\Users\bartl\AppData\Local\nvim\init.lua:0
052.718  000.002  000.002: sourcing nvim_exec2() called at C:\Users\bartl\AppData\Local\nvim\init.lua:0
052.733  000.001  000.001: sourcing nvim_exec2() called at C:\Users\bartl\AppData\Local\nvim\init.lua:0
052.774  000.001  000.001: sourcing nvim_exec2() called at C:\Users\bartl\AppData\Local\nvim\init.lua:0
052.802  000.001  000.001: sourcing nvim_exec2() called at C:\Users\bartl\AppData\Local\nvim\init.lua:0
052.844  000.001  000.001: sourcing nvim_exec2() called at C:\Users\bartl\AppData\Local\nvim\init.lua:0
052.948  000.003  000.003: sourcing nvim_exec2() called at C:\Users\bartl\AppData\Local\nvim\init.lua:0
053.006  000.002  000.002: sourcing nvim_exec2() called at C:\Users\bartl\AppData\Local\nvim\init.lua:0
053.066  000.001  000.001: sourcing nvim_exec2() called at C:\Users\bartl\AppData\Local\nvim\init.lua:0
053.097  000.002  000.002: sourcing nvim_exec2() called at C:\Users\bartl\AppData\Local\nvim\init.lua:0
053.226  000.002  000.002: sourcing nvim_exec2() called at C:\Users\bartl\AppData\Local\nvim\init.lua:0
053.257  000.002  000.002: sourcing nvim_exec2() called at C:\Users\bartl\AppData\Local\nvim\init.lua:0
053.291  000.001  000.001: sourcing nvim_exec2() called at C:\Users\bartl\AppData\Local\nvim\init.lua:0
053.319  000.001  000.001: sourcing nvim_exec2() called at C:\Users\bartl\AppData\Local\nvim\init.lua:0
053.366  000.001  000.001: sourcing nvim_exec2() called at C:\Users\bartl\AppData\Local\nvim\init.lua:0
053.390  000.001  000.001: sourcing nvim_exec2() called at C:\Users\bartl\AppData\Local\nvim\init.lua:0
053.408  000.001  000.001: sourcing nvim_exec2() called at C:\Users\bartl\AppData\Local\nvim\init.lua:0
053.431  000.001  000.001: sourcing nvim_exec2() called at C:\Users\bartl\AppData\Local\nvim\init.lua:0
053.710  000.002  000.002: sourcing nvim_exec2() called at C:\Users\bartl\AppData\Local\nvim\init.lua:0
053.741  000.002  000.002: sourcing nvim_exec2() called at C:\Users\bartl\AppData\Local\nvim\init.lua:0
053.769  000.001  000.001: sourcing nvim_exec2() called at C:\Users\bartl\AppData\Local\nvim\init.lua:0
053.824  000.002  000.002: sourcing nvim_exec2() called at C:\Users\bartl\AppData\Local\nvim\init.lua:0
054.034  000.003  000.003: sourcing nvim_exec2() called at C:\Users\bartl\AppData\Local\nvim\init.lua:0
054.070  000.002  000.002: sourcing nvim_exec2() called at C:\Users\bartl\AppData\Local\nvim\init.lua:0
054.146  000.002  000.002: sourcing nvim_exec2() called at C:\Users\bartl\AppData\Local\nvim\init.lua:0
054.269  000.003  000.003: sourcing nvim_exec2() called at C:\Users\bartl\AppData\Local\nvim\init.lua:0
054.330  000.002  000.002: sourcing nvim_exec2() called at C:\Users\bartl\AppData\Local\nvim\init.lua:0
054.359  000.001  000.001: sourcing nvim_exec2() called at C:\Users\bartl\AppData\Local\nvim\init.lua:0
055.050  000.117  000.117: sourcing nvim_exec2() called at C:\Program Files\Neovim\share/nvim/runtime/filetype.lua:0
055.059  000.266  000.149: sourcing C:\Program Files\Neovim\share/nvim/runtime/filetype.lua
055.072  000.440  000.174: sourcing nvim_exec2() called at C:\Users\bartl\AppData\Local\nvim\init.lua:0
056.642  000.005  000.005: sourcing nvim_exec2() called at C:\Users\bartl\AppData\Local\nvim\init.lua:0
056.683  000.002  000.002: sourcing nvim_exec2() called at C:\Users\bartl\AppData\Local\nvim\init.lua:0
057.610  000.188  000.188: require('lib.nvim_usrcmds.@types')
057.947  000.138  000.138: require('lib.nvim.autocmd.augroup')
058.395  000.267  000.267: require('lib.nvim.autocmd.dispatcher.@types')
058.588  000.184  000.184: require('lib.nvim.autocmd.dispatcher.filetype')
058.595  000.641  000.190: require('lib.nvim.autocmd.dispatcher')
058.601  000.981  000.203: require('lib.nvim.autocmd')
058.608  001.919  000.750: require('lib.nvim_usrcmds')
059.247  000.204  000.204: require('lib.lua.yaml')
059.255  000.405  000.201: require('lib.nvim.deps.spec')
059.696  000.123  000.123: require('lib.nvim.core.simple_echo')
059.702  000.298  000.175: require('lib.nvim.core')
059.991  000.285  000.285: require('vim.health')
059.999  000.741  000.158: require('lib.nvim.deps.health')
060.380  000.184  000.184: require('lib.nvim.cross.platform.is_windows')
060.576  000.190  000.190: require('lib.nvim.cross.platform.is_macos')
060.594  000.591  000.217: require('lib.nvim.deps.pm')
060.811  000.212  000.212: require('lib.nvim.deps.install')
060.989  000.173  000.173: require('lib.nvim.deps.view')
061.207  000.211  000.211: require('lib.nvim.deps.first_run')
061.214  002.579  000.245: require('lib.nvim.deps')
061.589  000.175  000.175: require('lib.nvim.usercmd.composer.@types')
061.772  000.178  000.178: require('lib.nvim.usercmd')
061.924  000.147  000.147: require('lib.nvim.usercmd.composer.tree')
063.127  000.239  000.239: require('lib.nvim.cross.fs.expand_path')
063.136  000.506  000.266: require('lib.nvim.normalize.utils')
063.145  000.799  000.293: require('lib.nvim.normalize.validators')
063.493  000.346  000.346: require('lib.nvim.fs.is_dir')
063.519  001.380  000.235: require('lib.nvim.usercmd.composer.argtypes')
063.759  000.236  000.236: require('lib.nvim.usercmd.composer.format')
064.001  000.237  000.237: require('lib.nvim.usercmd.composer.flags')
064.184  000.177  000.177: require('lib.nvim.usercmd.composer.kv')
064.190  002.261  000.232: require('lib.nvim.usercmd.composer.parse')
064.400  000.207  000.207: require('lib.nvim.usercmd.composer.complete')
064.749  000.177  000.177: require('lib.nvim.fs.write.to_file')
064.756  000.350  000.174: require('lib.nvim.usercmd.composer.docgen')
064.896  000.137  000.137: require('lib.nvim.usercmd.composer.registry')
064.903  003.685  000.229: require('lib.nvim.usercmd.composer')
065.503  000.165  000.165: require('pickers.command.composer')
065.700  000.189  000.189: require('pickers.config')
065.898  000.192  000.192: require('pickers.config.DEFAULTS')
066.262  000.230  000.230: require('pickers.bindings.autocmds')
066.281  001.063  000.286: sourcing E:/repos/pickers.nvim/plugin/pickers.lua
066.297  001.267  000.204: sourcing nvim_exec2() called at C:\Users\bartl\AppData\Local\nvim\init.lua:0
066.317  000.004  000.004: sourcing nvim_exec2() called at C:\Users\bartl\AppData\Local\nvim\init.lua:0
066.374  000.003  000.003: sourcing nvim_exec2() called at C:\Users\bartl\AppData\Local\nvim\init.lua:0
066.659  000.138  000.138: require('pickers.plugin_spec')
066.665  000.285  000.147: require('pickers')
066.913  000.191  000.191: require('pickers.keys')
067.083  000.160  000.160: require('pickers.bindings')
067.637  000.154  000.154: require('pickers.bindings.util')
067.647  000.344  000.189: require('pickers.bindings.keymaps')
067.854  000.203  000.203: require('lib.nvim.map')
068.068  000.168  000.168: require('pickers.bindings.whichkey')
068.959  000.158  000.158: sourcing C:/Users/bartl/AppData/Local/nvim-data/lazy/which-key.nvim/plugin/which-key.lua
068.990  000.309  000.151: sourcing nvim_exec2() called at C:\Users\bartl\AppData\Local\nvim\init.lua:0
069.004  000.004  000.004: sourcing nvim_exec2() called at C:\Users\bartl\AppData\Local\nvim\init.lua:0
069.040  000.002  000.002: sourcing nvim_exec2() called at C:\Users\bartl\AppData\Local\nvim\init.lua:0
069.957  000.799  000.799: require('which-key')
070.114  000.151  000.151: require('which-key.config')
070.192  002.116  000.851: require('which-key')
070.388  000.188  000.188: require('pickers.bindings.usrcmds')
070.670  000.196  000.196: require('pickers.bindings.collections')
071.159  000.238  000.238: require('pickers.mappings')
071.362  000.183  000.183: require('pickers.history')
071.512  000.141  000.141: require('lib.nvim.cache.disk')
071.990  000.127  000.127: require('snacks')
071.996  000.225  000.099: sourcing C:/Users/bartl/AppData/Local/nvim-data/lazy/snacks.nvim/plugin/snacks.lua
072.010  000.354  000.129: sourcing nvim_exec2() called at C:\Users\bartl\AppData\Local\nvim\init.lua:0
072.022  000.004  000.004: sourcing nvim_exec2() called at C:\Users\bartl\AppData\Local\nvim\init.lua:0
072.055  000.002  000.002: sourcing nvim_exec2() called at C:\Users\bartl\AppData\Local\nvim\init.lua:0
072.232  000.143  000.143: require('pickers.keys.adapters.snacks')
072.538  000.131  000.131: require('pickers.entry_actions.extract.snacks')
072.998  000.170  000.170: require('lib.nvim.fs.create_entry.@types')
073.306  000.156  000.156: require('lib.nvim.fs.mkdirp.@types')
073.466  000.154  000.154: require('lib.nvim.cross.fs.separators.unify_slashes')
073.472  000.469  000.159: require('lib.nvim.fs.mkdirp')
073.625  000.150  000.150: require('lib.nvim.fs.is_valid_filename')
073.629  000.958  000.169: require('lib.nvim.fs.create_entry')
073.633  001.089  000.131: require('pickers.entry_actions.create_file')
073.867  000.114  000.114: require('lib.nvim.buffer.open_background')
073.872  000.237  000.123: require('pickers.entry_actions.open_background')
073.876  001.625  000.168: require('pickers.entry_actions.adapters.snacks')
074.207  000.005  000.005: sourcing nvim_exec2() called at C:\Users\bartl\AppData\Local\nvim\init.lua:0
074.234  000.002  000.002: sourcing nvim_exec2() called at C:\Users\bartl\AppData\Local\nvim\init.lua:0
075.540  000.253  000.253: require('tokyonight.config')
075.552  001.300  001.047: require('tokyonight')
079.697  000.128  000.128: require('tokyonight.theme')
080.116  000.137  000.137: require('tokyonight.util')
080.123  000.367  000.230: require('tokyonight.colors')
080.602  000.155  000.155: require('tokyonight.hsluv')
081.065  000.246  000.246: require('tokyonight.groups')
082.274  002.832  001.937: sourcing C:\Users\bartl\AppData\Local\nvim-data\lazy\tokyonight.nvim\colors\tokyonight-storm.lua
083.663  000.172  000.172: require('vim.treesitter.language')
083.848  000.174  000.174: require('vim.func')
084.042  000.188  000.188: require('vim.treesitter._range')
084.188  000.137  000.137: require('vim.func._memoize')
084.225  001.076  000.405: require('vim.treesitter.query')
084.242  001.274  000.198: require('vim.treesitter.languagetree')
084.253  001.441  000.167: require('vim.treesitter')
084.351  001.710  000.269: sourcing C:/Users/bartl/AppData/Local/nvim-data/lazy/nvim-treesitter/plugin/filetypes.lua
084.372  001.868  000.158: sourcing nvim_exec2() called at C:\Users\bartl\AppData\Local\nvim\init.lua:0
084.740  000.213  000.213: sourcing C:/Users/bartl/AppData/Local/nvim-data/lazy/nvim-treesitter/plugin/nvim-treesitter.lua
084.758  000.376  000.163: sourcing nvim_exec2() called at C:\Users\bartl\AppData\Local\nvim\init.lua:0
085.029  000.129  000.129: sourcing C:/Users/bartl/AppData/Local/nvim-data/lazy/nvim-treesitter/plugin/query_predicates.lua
085.110  000.343  000.214: sourcing nvim_exec2() called at C:\Users\bartl\AppData\Local\nvim\init.lua:0
085.152  000.004  000.004: sourcing nvim_exec2() called at C:\Users\bartl\AppData\Local\nvim\init.lua:0
085.196  000.003  000.003: sourcing nvim_exec2() called at C:\Users\bartl\AppData\Local\nvim\init.lua:0
086.266  000.005  000.005: sourcing nvim_exec2() called at C:\Users\bartl\AppData\Local\nvim\init.lua:0
086.291  000.002  000.002: sourcing nvim_exec2() called at C:\Users\bartl\AppData\Local\nvim\init.lua:0
086.747  001.544  001.537: require('nvchad.configs.treesitter')
087.200  000.206  000.206: require('lib.nvim.treesitter.guard.@types')
087.207  000.453  000.246: require('lib.nvim.treesitter.guard')
087.402  000.191  000.191: require('nvim-treesitter')
087.594  000.186  000.186: require('nvim-treesitter.config')
088.404  000.241  000.241: require('lib.nvim.treesitter.parser_policy.@types')
088.455  000.525  000.284: require('lib.nvim.treesitter.parser_policy')
090.687  000.180  000.180: sourcing C:\Program Files\Neovim\share\nvim\runtime\plugin\matchparen.vim
091.195  000.270  000.270: sourcing C:\Users\bartl\AppData\Local\nvim-data\lazy\vim-matchup\autoload\matchup.vim
091.535  000.127  000.127: sourcing C:\Users\bartl\AppData\Local\nvim-data\lazy\vim-matchup\autoload\matchup\perf.vim
092.829  000.215  000.215: require('treesitter-matchup.third-party.lru')
093.006  000.169  000.169: require('treesitter-matchup.util')
093.023  000.829  000.446: require('treesitter-matchup.internal')
093.297  001.183  000.354: sourcing C:\Users\bartl\AppData\Local\nvim-data\lazy\vim-matchup\autoload\matchup\loader.vim
094.091  000.507  000.507: sourcing C:\Users\bartl\AppData\Local\nvim-data\lazy\vim-matchup\autoload\matchup\matchparen.vim
094.460  000.103  000.103: sourcing C:\Users\bartl\AppData\Local\nvim-data\lazy\vim-matchup\autoload\matchup\pos.vim
095.082  005.684  003.313: sourcing C:/Users/bartl/AppData/Local/nvim-data/lazy/vim-matchup/plugin/matchup.vim
095.095  005.808  000.124: sourcing nvim_exec2() called at C:\Users\bartl\AppData\Local\nvim\init.lua:0
095.105  000.002  000.002: sourcing nvim_exec2() called at C:\Users\bartl\AppData\Local\nvim\init.lua:0
095.146  000.002  000.002: sourcing nvim_exec2() called at C:\Users\bartl\AppData\Local\nvim\init.lua:0
095.393  000.207  000.207: require('match-up')
095.494  000.004  000.004: sourcing nvim_exec2() called at C:\Users\bartl\AppData\Local\nvim\init.lua:0
095.516  000.002  000.002: sourcing nvim_exec2() called at C:\Users\bartl\AppData\Local\nvim\init.lua:0
097.307  000.109  000.109: require('wkdnvchad')
097.914  000.243  000.243: require('nvchad.tabufline')
097.924  000.411  000.168: require('wkdnvchad.mappings.tabufline')
098.145  000.217  000.217: require('lib.nvim.buf_win_tab.move_buffer_to_tab')
098.153  000.839  000.211: require('wkdnvchad.mappings')
098.558  000.185  000.185: require('wkdnvchad.usrcmd.themes')
098.567  000.367  000.182: require('wkdnvchad.usrcmd')
098.757  000.170  000.170: require('wkdnvchad.config')
098.877  000.114  000.114: require('wkdnvchad.config.base46')
099.125  000.117  000.117: require('wkdnvchad.ui.statusline.cursor_ctl.renderer')
099.254  000.124  000.124: require('wkdnvchad.ui.statusline.cursor_ctl.progress_calculators')
099.388  000.128  000.128: require('wkdnvchad.ui.statusline.cursor_ctl')
099.686  000.135  000.135: require('wkdnvchad.ui.statusline.utils.get_separators')
099.706  000.313  000.178: require('wkdnvchad.ui.statusline.modules.filetree_cwd_mode')
099.846  000.135  000.135: require('wkdnvchad.ui.statusline.modules.plugin_progress')
099.850  000.969  000.151: require('wkdnvchad.config.statusline.normal')
099.963  000.110  000.110: require('wkdnvchad.ui.highlights.diagnostics')
100.251  000.283  000.283: require('lib.nvim.ui.hl')
100.264  003.216  000.255: require('chadrc')
100.355  003.550  000.335: require('nvconfig')
100.862  000.481  000.481: require('nvchad.stl.utils')
101.206  000.326  000.326: require('nvchad.tabufline.lazyload')
101.222  005.700  001.343: require('nvchad')
101.841  000.174  000.174: sourcing E:/repos/insights.nvim/plugin/insights.lua
101.857  000.392  000.218: sourcing nvim_exec2() called at C:\Users\bartl\AppData\Local\nvim\init.lua:0
101.868  000.004  000.004: sourcing nvim_exec2() called at C:\Users\bartl\AppData\Local\nvim\init.lua:0
101.950  000.003  000.003: sourcing nvim_exec2() called at C:\Users\bartl\AppData\Local\nvim\init.lua:0
103.566  000.257  000.257: require('insights.util.notify')
103.591  001.635  001.378: require('insights')
104.064  000.210  000.210: require('insights.config.@types')
104.329  000.258  000.258: require('insights.config.DEFAULTS')
104.411  000.816  000.349: require('insights.config')
104.654  000.228  000.228: require('insights.bindings.usrcmds')
104.913  000.188  000.188: require('insights.bindings.keymaps')
105.085  000.143  000.143: require('insights.bindings.autocmds')
105.286  000.178  000.178: require('insights.devserver')
105.531  000.005  000.005: sourcing nvim_exec2() called at C:\Users\bartl\AppData\Local\nvim\init.lua:0
107.506  001.618  001.618: require('vim.filetype')
107.515  001.741  000.122: sourcing E:/repos/runtime-analysis.nvim/ftdetect/runtime-analysis.lua
107.547  001.945  000.205: sourcing nvim_exec2() called at C:\Users\bartl\AppData\Local\nvim\init.lua:0
107.567  000.004  000.004: sourcing nvim_exec2() called at C:\Users\bartl\AppData\Local\nvim\init.lua:0
107.778  000.205  000.205: require('config.telemetry')
107.940  000.150  000.150: require('plugins.personal.list')
109.222  001.277  001.277: require('plugins.personal')
110.953  000.157  000.157: require('runtime-analysis.config.DEFAULTS')
110.962  000.349  000.193: require('runtime-analysis.config')
110.968  001.568  001.219: require('runtime-analysis')
111.260  000.146  000.146: require('lib.lua.strings.distance')
111.266  000.296  000.150: require('runtime-analysis.config.validate')
111.469  000.184  000.184: require('runtime-analysis.bindings.usrcmds')
111.991  000.151  000.151: require('runtime-analysis.telemetry.store')
111.998  000.291  000.140: require('runtime-analysis.telemetry.report_file')
112.287  000.156  000.156: require('runtime-analysis.telemetry.@types')
112.412  000.120  000.120: require('runtime-analysis.telemetry.renderers.mdview')
112.535  000.118  000.118: require('runtime-analysis.telemetry.renderers.preview_tab')
112.539  000.538  000.144: require('runtime-analysis.telemetry.report_style')
112.681  000.139  000.139: require('runtime-analysis.telemetry.config')
112.831  000.146  000.146: require('runtime-analysis.telemetry.renderers.html')
112.847  001.325  000.211: require('runtime-analysis.telemetry.command')
113.084  000.173  000.173: require('runtime-analysis.telemetry.lazy')
113.454  000.176  000.176: require('lib.strategies.telemetry_wrap')
113.950  000.128  000.128: require('runtime-analysis.telemetry.fingerprint')
113.957  000.274  000.146: require('runtime-analysis.telemetry.registry')
114.117  000.159  000.159: require('runtime-analysis.telemetry.reminder')
114.316  000.194  000.194: require('runtime-analysis.telemetry.report')
114.454  000.133  000.133: require('runtime-analysis.telemetry.toggle')
114.465  001.005  000.245: require('runtime-analysis.telemetry')
114.870  000.117  000.117: require('lib.config.DEFAULTS')
114.878  000.284  000.167: require('lib.config')
115.156  000.125  000.125: require('lib.strategies.control')
115.162  000.281  000.155: require('lib.strategies.metatable')
115.164  000.696  000.131: require('lib')
115.945  000.209  000.209: require('lib.lua.functions.meta')
116.132  000.160  000.160: require('lib.lua.tables.array')
116.495  000.164  000.164: require('lib.nvim.buffer.context.@types')
116.503  000.362  000.198: require('lib.nvim.buffer.context')
116.835  000.168  000.168: require('lib.nvim.cache.@types')
116.974  000.134  000.134: require('lib.nvim.cache.memory')
116.979  000.472  000.170: require('lib.nvim.cache')
117.287  000.127  000.127: require('lib.lua.strings.remove_prefix')
117.426  000.134  000.134: require('lib.lua.strings.core')
117.552  000.119  000.119: require('lib.lua.strings.patterns')
117.705  000.123  000.123: require('lib.lua.strings.links')
117.828  000.118  000.118: require('lib.lua.strings.utf8')
117.980  000.145  000.145: require('lib.lua.strings.encoding')
118.110  000.125  000.125: require('lib.lua.strings.format')
118.228  000.114  000.114: require('lib.lua.strings.location')
118.346  000.114  000.114: require('lib.lua.strings.case')
118.463  000.113  000.113: require('lib.lua.strings.wrap')
118.593  000.127  000.127: require('lib.lua.strings.width')
118.598  001.614  000.258: require('lib.lua.strings')
118.809  000.180  000.180: require('lib.nvim.cross.copy_to_clipboard')
118.943  000.128  000.128: require('lib.lua.tables.core')
119.356  000.178  000.178: require('lib.nvim.terminal.@types')
119.363  000.396  000.218: require('lib.nvim.terminal')
119.497  000.128  000.128: require('lib.lua.tables.dict')
119.657  000.153  000.153: require('lib.nvim.fs.path')
119.972  000.155  000.155: require('lib.nvim.fs.find_root.@types')
120.233  000.113  000.113: require('lib.nvim.fs.find_upward_dir.matcher')
120.238  000.261  000.149: require('lib.nvim.fs.find_upward_dir')
120.367  000.127  000.127: require('lib.lua.memo.lru')
120.372  000.709  000.166: require('lib.nvim.fs.find_root')
120.516  000.140  000.140: require('lib.lua.tables.functional')
120.726  000.200  000.200: require('lib.lua.strings.convert.hex_to_string')
120.918  000.150  000.150: require('lib.nvim.buffer.insert_lines')
121.065  000.140  000.140: require('lib.nvim.cross.platform.is')
121.241  000.162  000.162: require('lib.nvim.cross.platform.is_linux')
121.397  000.140  000.140: require('lib.nvim.buffer.is_markdown_buf')
121.585  000.183  000.183: require('lib.nvim.fs.is_subpath')
121.780  000.170  000.170: require('lib.nvim.cross.platform.is_wsl')
121.944  000.154  000.154: require('lib.lua.json.decode.to_string_array')
122.201  000.252  000.252: require('lib.lua.json.encode')
122.588  000.173  000.173: require('lib.nvim.ui.kit.@types')
123.069  000.317  000.317: require('lib.nvim.ui.kit.config')
123.097  000.502  000.184: require('lib.nvim.ui.kit.theme')
123.657  000.191  000.191: require('lib.nvim.window.@types')
123.878  000.212  000.212: require('lib.nvim.window.nice_quit')
123.888  000.601  000.197: require('lib.nvim.window.make_scratch')
124.058  000.167  000.167: require('lib.nvim.window.set_title')
124.066  000.966  000.198: require('lib.nvim.ui.kit.surface')
124.245  000.177  000.177: require('lib.nvim.ui.kit.layout')
124.417  000.168  000.168: require('lib.nvim.ui.kit.picker')
124.630  000.208  000.208: require('lib.nvim.ui.kit.confirm')
124.990  000.189  000.189: require('lib.nvim.ui.kit.chooser')
124.997  000.362  000.173: require('lib.nvim.ui.kit.menu')
125.189  000.189  000.189: require('lib.nvim.ui.kit.preview')
125.412  000.219  000.219: require('lib.nvim.ui.kit.note')
125.702  000.142  000.142: require('lib.nvim.window.close_on_focus_lost')
125.709  000.292  000.149: require('lib.nvim.ui.kit.viewer')
125.854  000.142  000.142: require('lib.nvim.ui.kit.toast')
126.019  000.161  000.161: require('lib.nvim.ui.kit.input')
126.176  000.153  000.153: require('lib.nvim.ui.kit.live_input')
126.337  000.157  000.157: require('lib.nvim.ui.kit.select')
126.518  000.176  000.176: require('lib.nvim.ui.kit.prompt')
126.671  000.149  000.149: require('lib.nvim.ui.kit.form')
126.819  000.144  000.144: require('lib.nvim.ui.kit.sync')
127.038  000.214  000.214: require('lib.nvim.ui.kit.compare')
127.070  004.862  000.312: require('lib.nvim.ui.kit')
127.466  000.166  000.166: require('lib.nvim.logger.@types')
127.648  000.177  000.177: require('lib.nvim.notify.resolve_log_level')
127.787  000.135  000.135: require('lib.nvim.logger.config')
127.961  000.169  000.169: require('lib.nvim.logger.ring')
128.269  000.146  000.146: require('lib.nvim.logger.serialize')
128.276  000.310  000.164: require('lib.nvim.logger.record')
128.589  000.174  000.174: require('lib.nvim.fs.write.append')
128.596  000.318  000.144: require('lib.nvim.logger.sinks')
128.608  001.533  000.259: require('lib.nvim.logger')
128.951  000.141  000.141: require('lib.lua.memo.memo')
128.957  000.343  000.202: require('lib.lua.memo')
129.138  000.176  000.176: require('lib.nvim.normalize')
129.320  000.171  000.171: require('lib.nvim.fs.relpath')
129.700  000.200  000.200: require('lib.nvim.require.@types')
129.707  000.373  000.173: require('lib.nvim.require')
129.905  000.194  000.194: require('lib.nvim.cross.run')
130.086  000.174  000.174: require('lib.nvim.cross.run_argv')
130.249  000.142  000.142: require('lib.lua.tables.safe')
130.408  000.154  000.154: require('lib.lua.tables.set')
130.662  000.246  000.246: require('lib.nvim.cross.run.env')
131.051  000.178  000.178: require('lib.nvim.system.@types')
131.192  000.135  000.135: require('lib.nvim.system.env')
131.346  000.150  000.150: require('lib.nvim.system.rpc_pipe')
131.510  000.159  000.159: require('lib.nvim.system.info')
131.724  000.210  000.210: require('lib.nvim.system.proc_trace')
131.893  000.164  000.164: require('lib.nvim.system.job')
131.899  001.227  000.231: require('lib.nvim.system')
132.588  000.358  000.358: require('lib.lua.time.diff.internal.validate')
132.812  000.217  000.217: require('lib.lua.time.diff.internal.convert')
133.037  000.220  000.220: require('lib.lua.time.diff.internal.stats')
133.310  000.268  000.268: require('lib.lua.time.diff.internal.format')
133.343  001.435  000.373: require('lib.lua.time.diff')
133.584  000.235  000.235: require('lib.lua.tables.unique_table')
134.200  000.279  000.279: require('lib.nvim.window.context.@types')
134.217  000.625  000.346: require('lib.nvim.window.context')
134.413  000.193  000.193: require('lib.lua.tables.with')
141.006  000.008  000.008: sourcing nvim_exec2() called at C:\Users\bartl\AppData\Local\nvim\init.lua:0
141.034  000.002  000.002: sourcing nvim_exec2() called at C:\Users\bartl\AppData\Local\nvim\init.lua:0
142.088  000.005  000.005: sourcing nvim_exec2() called at C:\Users\bartl\AppData\Local\nvim\init.lua:0
142.111  000.002  000.002: sourcing nvim_exec2() called at C:\Users\bartl\AppData\Local\nvim\init.lua:0
143.634  000.166  000.166: require('git-conflict.colors')
143.778  000.137  000.137: require('git-conflict.utils')
143.997  000.212  000.212: require('vim.deprecated.health')
144.176  000.147  000.147: require('vim.hl')
144.193  001.972  001.310: require('git-conflict')
150.485  000.263  000.263: require('vim.iter')
152.179  000.089  000.089: sourcing C:/Users/bartl/AppData/Local/nvim-data/lazy/plenary.nvim/plugin/plenary.vim
152.193  000.233  000.144: sourcing nvim_exec2() called at C:\Users\bartl\AppData\Local\nvim\init.lua:0
152.203  000.002  000.002: sourcing nvim_exec2() called at C:\Users\bartl\AppData\Local\nvim\init.lua:0
152.234  000.001  000.001: sourcing nvim_exec2() called at C:\Users\bartl\AppData\Local\nvim\init.lua:0
152.272  000.002  000.002: sourcing nvim_exec2() called at C:\Users\bartl\AppData\Local\nvim\init.lua:0
152.291  000.001  000.001: sourcing nvim_exec2() called at C:\Users\bartl\AppData\Local\nvim\init.lua:0
152.841  000.177  000.177: require('lib.nvim.debounce.@types')
152.849  000.401  000.224: require('lib.nvim.debounce')
152.853  000.557  000.156: require('config.harpoon.hardening')
154.711  000.130  000.130: require('harpoon.autocmd')
154.720  000.350  000.221: require('harpoon.buffer')
154.988  000.131  000.131: require('harpoon.utils')
154.997  000.274  000.143: require('harpoon.logger')
155.241  000.239  000.239: require('harpoon.extensions')
155.248  002.391  001.527: require('harpoon.ui')
155.825  000.164  000.164: require('lib.nvim.cross.fs.separators.drive_upper')
155.831  000.359  000.195: require('lib.nvim.fs.normkey')
156.156  000.155  000.155: require('lib.nvim.fs.json.@types')
156.309  000.147  000.147: require('lib.nvim.fs.read')
156.607  000.138  000.138: require('lib.nvim.json.@types')
156.762  000.151  000.151: require('lib.lua.json')
156.768  000.454  000.166: require('lib.nvim.json')
156.770  000.936  000.179: require('lib.nvim.fs.json')
157.030  000.105  000.105: require('plenary.bit')
157.142  000.107  000.107: require('plenary.functional')
157.156  000.383  000.171: require('plenary.path')
157.512  000.187  000.187: require('lib.lua.tables')
157.518  000.304  000.117: require('config.harpoon.utils.sanitize')
157.539  002.258  000.276: require('config.harpoon.persist_paths')
157.751  000.157  000.157: require('config.harpoon.pin_marks')
158.015  000.108  000.108: require('config.harpoon.api')
158.021  000.242  000.134: require('config.harpoon.usrcmds')
158.571  000.006  000.006: sourcing nvim_exec2() called at C:\Users\bartl\AppData\Local\nvim\init.lua:0
158.613  000.002  000.002: sourcing nvim_exec2() called at C:\Users\bartl\AppData\Local\nvim\init.lua:0
160.187  000.151  000.151: require('cmdlog.config.DEFAULTS')
160.204  000.342  000.191: require('cmdlog.config')
160.210  001.592  001.250: require('cmdlog')
160.491  000.195  000.195: require('cmdlog.bindings')
160.636  000.138  000.138: require('cmdlog.bindings.usrcmds')
161.004  000.170  000.170: require('cmdlog.bindings.keymaps')
161.607  000.154  000.154: require('lib.nvim.fs.is_readable_file')
161.616  000.280  000.125: require('cmdlog.core.store')
161.622  000.469  000.190: require('cmdlog.core.project_history')
161.753  000.129  000.129: require('cmdlog.core.stats')
161.939  000.182  000.182: require('cmdlog.core.errors')
161.944  000.932  000.152: require('cmdlog.core.tracker')
163.523  000.069  000.069: sourcing C:/Users/bartl/AppData/Local/nvim-data/lazy/nvim-web-devicons/plugin/nvim-web-devicons.vim
163.538  000.206  000.137: sourcing nvim_exec2() called at C:\Users\bartl\AppData\Local\nvim\init.lua:0
163.548  000.002  000.002: sourcing nvim_exec2() called at C:\Users\bartl\AppData\Local\nvim\init.lua:0
163.577  000.002  000.002: sourcing nvim_exec2() called at C:\Users\bartl\AppData\Local\nvim\init.lua:0
163.957  000.209  000.209: require('nvchad.icons.devicons')
165.524  000.180  000.180: require('nvim-web-devicons.filetypes')
165.561  000.026  000.026: require('vim.F')
165.982  000.268  000.268: require('nvim-web-devicons.default.icons_by_filename')
166.452  000.464  000.464: require('nvim-web-devicons.default.icons_by_file_extension')
167.164  000.707  000.707: require('nvim-web-devicons.default.icons_by_operating_system')
167.368  000.197  000.197: require('nvim-web-devicons.default.icons_by_desktop_environment')
167.511  000.138  000.138: require('nvim-web-devicons.default.icons_by_window_manager')
167.516  001.946  000.172: require('nvim-web-devicons.icons-default')
167.749  003.776  001.623: require('nvim-web-devicons')
170.595  000.104  000.104: sourcing C:/Users/bartl/AppData/Local/nvim-data/lazy/todo-comments.nvim/plugin/todo.vim
170.616  000.351  000.246: sourcing nvim_exec2() called at C:\Users\bartl\AppData\Local\nvim\init.lua:0
170.632  000.003  000.003: sourcing nvim_exec2() called at C:\Users\bartl\AppData\Local\nvim\init.lua:0
170.685  000.003  000.003: sourcing nvim_exec2() called at C:\Users\bartl\AppData\Local\nvim\init.lua:0
171.423  000.123  000.123: require('todo-comments.util')
171.436  000.301  000.178: require('todo-comments.config')
171.672  000.128  000.128: require('todo-comments.highlight')
171.678  000.239  000.111: require('todo-comments.jump')
171.681  000.776  000.236: require('todo-comments')
171.741  001.041  000.265: require('config.todo_comments')
173.239  000.005  000.005: sourcing nvim_exec2() called at C:\Users\bartl\AppData\Local\nvim\init.lua:0
173.264  000.002  000.002: sourcing nvim_exec2() called at C:\Users\bartl\AppData\Local\nvim\init.lua:0
174.807  000.125  000.125: sourcing C:/Users/bartl/AppData/Local/nvim-data/lazy/neo-tree-tests-source.nvim/plugin/neo-tree-tests-source.lua
174.829  000.271  000.146: sourcing nvim_exec2() called at C:\Users\bartl\AppData\Local\nvim\init.lua:0
174.840  000.004  000.004: sourcing nvim_exec2() called at C:\Users\bartl\AppData\Local\nvim\init.lua:0
174.871  000.002  000.002: sourcing nvim_exec2() called at C:\Users\bartl\AppData\Local\nvim\init.lua:0
177.411  000.004  000.004: sourcing nvim_exec2() called at C:\Users\bartl\AppData\Local\nvim\init.lua:0
177.434  000.002  000.002: sourcing nvim_exec2() called at C:\Users\bartl\AppData\Local\nvim\init.lua:0
178.971  000.094  000.094: sourcing C:/Users/bartl/AppData/Local/nvim-data/lazy/FixCursorHold.nvim/plugin/fix_cursorhold_nvim.vim
178.987  000.234  000.139: sourcing nvim_exec2() called at C:\Users\bartl\AppData\Local\nvim\init.lua:0
178.996  000.002  000.002: sourcing nvim_exec2() called at C:\Users\bartl\AppData\Local\nvim\init.lua:0
179.027  000.001  000.001: sourcing nvim_exec2() called at C:\Users\bartl\AppData\Local\nvim\init.lua:0
182.367  000.141  000.141: sourcing C:\Users\bartl\AppData\Local\nvim-data\lazy\vim-test\autoload\test.vim
182.992  002.392  002.251: sourcing C:/Users/bartl/AppData/Local/nvim-data/lazy/vim-test/plugin/test.vim
183.001  002.535  000.143: sourcing nvim_exec2() called at C:\Users\bartl\AppData\Local\nvim\init.lua:0
183.011  000.002  000.002: sourcing nvim_exec2() called at C:\Users\bartl\AppData\Local\nvim\init.lua:0
183.044  000.001  000.001: sourcing nvim_exec2() called at C:\Users\bartl\AppData\Local\nvim\init.lua:0
193.323  000.206  000.206: sourcing C:/Users/bartl/AppData/Local/nvim-data/lazy/neotest/plugin/neotest.lua
193.346  000.392  000.186: sourcing nvim_exec2() called at C:\Users\bartl\AppData\Local\nvim\init.lua:0
193.357  000.004  000.004: sourcing nvim_exec2() called at C:\Users\bartl\AppData\Local\nvim\init.lua:0
193.393  000.002  000.002: sourcing nvim_exec2() called at C:\Users\bartl\AppData\Local\nvim\init.lua:0
196.673  000.267  000.267: require('nio.tasks')
197.046  000.362  000.362: require('nio.control')
197.493  000.436  000.436: require('nio.uv')
197.816  000.314  000.314: require('nio.tests')
198.689  000.607  000.607: require('vim.ui')
198.715  000.890  000.283: require('nio.ui')
199.230  000.275  000.275: require('nio.streams')
199.243  000.522  000.248: require('nio.file')
200.077  000.223  000.223: require('nio.util')
200.412  000.801  000.578: require('nio.logger')
200.428  001.181  000.380: require('nio.lsp')
200.671  000.237  000.237: require('nio.process')
200.694  004.706  000.495: require('nio')
201.521  000.029  000.029: sourcing nvim_exec2() called at C:\Users\bartl\AppData\Local\nvim\init.lua:0
202.310  000.756  000.756: require('vim.diagnostic')
202.325  001.625  000.840: require('neotest.config')
202.329  008.931  002.599: require('neotest')
203.118  000.149  000.149: require('neotest.lib.require')
203.133  000.391  000.241: require('neotest.lib')
203.325  000.188  000.188: require('neotest-plenary.base')
203.476  000.146  000.146: require('neotest-plenary.results')
203.482  000.893  000.169: require('neotest-plenary.adapter')
205.027  000.210  000.210: require('neotest.utils')
205.281  000.680  000.471: require('neotest.logging')
205.690  000.159  000.159: require('neotest.lib.func_util.memoize')
205.709  000.420  000.262: require('neotest.lib.func_util')
206.059  000.166  000.166: require('neotest.types.tree')
206.261  000.197  000.197: require('neotest.types.fanout_accum')
206.267  000.554  000.192: require('neotest.types')
206.279  002.000  000.345: require('neotest.lib.file')
206.305  003.971  001.078: require('neotest-plenary')
206.940  000.353  000.353: require('neotest.async')
207.730  000.763  000.763: require('neotest-vitest.util')
207.759  001.452  000.335: require('neotest-vitest')
208.708  000.248  000.248: require('neotest-go.patterns')
208.723  000.599  000.351: require('neotest-go.utils')
209.209  000.240  000.240: require('neotest-go.color')
209.437  000.218  000.218: require('neotest-go.test_status')
209.447  000.718  000.260: require('neotest-go.output')
209.473  001.709  000.392: require('neotest-go')
209.712  000.233  000.233: require('config.neotest.consumers.neotree_wrapper')
209.956  000.232  000.232: require('config.neotest.init.icons')
210.606  000.413  000.413: require('neotest.adapters')
211.781  000.314  000.314: require('neotest.client.events')
211.793  000.766  000.452: require('neotest.client.state')
212.131  000.333  000.333: require('neotest.client.runner')
212.474  000.334  000.334: require('neotest.client.strategies')
212.491  001.875  000.442: require('neotest.client')
213.214  000.323  000.323: require('neotest.consumers.run')
213.700  000.295  000.295: require('neotest.consumers.diagnostic')
213.997  000.287  000.287: require('neotest.consumers.status')
214.360  000.355  000.355: require('neotest.consumers.output')
215.090  000.358  000.358: require('neotest.consumers.output_panel.panel')
215.106  000.737  000.379: require('neotest.consumers.output_panel')
216.118  000.295  000.295: require('neotest.consumers.summary.canvas')
216.543  000.415  000.415: require('neotest.consumers.summary.component')
216.569  001.107  000.398: require('neotest.consumers.summary.summary')
216.592  001.481  000.374: require('neotest.consumers.summary')
216.897  000.300  000.300: require('neotest.consumers.jump')
217.596  000.010  000.010: require('jit.profile')
217.983  000.376  000.376: require('jit.vmdef')
218.005  000.786  000.400: require('jit.p')
218.016  001.111  000.325: require('neotest.consumers.benchmark')
218.420  000.399  000.399: require('neotest.consumers.quickfix')
219.167  000.353  000.353: require('neotest.consumers.state.tracker')
219.184  000.755  000.402: require('neotest.consumers.state')
219.946  000.393  000.393: require('neotest.consumers.watch.watcher')
219.969  000.779  000.386: require('neotest.consumers.watch')
219.975  007.434  000.613: require('neotest.consumers')
220.511  000.378  000.378: require('neotest.consumers.neotree')
221.105  000.233  000.233: require('utils')
221.117  000.596  000.363: require('neotest.consumers.neotree.neotree')
221.553  000.368  000.368: require('neotest.lib.window')
221.861  000.266  000.266: require('config.neotest.highlights')
222.178  000.286  000.286: require('config.neotest.commands')
222.582  000.316  000.316: require('config.neotest.keymaps')
223.092  000.343  000.343: require('config.neotest.whichkey')
223.449  000.338  000.338: require('config.neotest.debug')
223.940  000.358  000.358: require('config.neotest.utils.validate_consumer')
224.271  000.277  000.277: require('config.neotest.core')
224.848  000.012  000.012: sourcing nvim_exec2() called at C:\Users\bartl\AppData\Local\nvim\init.lua:0
224.910  000.004  000.004: sourcing nvim_exec2() called at C:\Users\bartl\AppData\Local\nvim\init.lua:0
225.772  000.464  000.464: sourcing C:/Users/bartl/AppData/Local/nvim-data/lazy/neo-tree.nvim/plugin/neo-tree.lua
225.808  000.744  000.280: sourcing nvim_exec2() called at C:\Users\bartl\AppData\Local\nvim\init.lua:0
225.825  000.005  000.005: sourcing nvim_exec2() called at C:\Users\bartl\AppData\Local\nvim\init.lua:0
225.897  000.004  000.004: sourcing nvim_exec2() called at C:\Users\bartl\AppData\Local\nvim\init.lua:0
226.348  000.398  000.398: require('config.neotree.event_handlers')
226.770  000.383  000.383: require('config.neotree')
227.336  000.546  000.546: require('lib.nvim.fs.ignore.list')
227.900  000.513  000.513: require('neo-tree')
228.683  000.749  000.749: require('neo-tree.log')
229.285  000.296  000.296: require('config.neotree.window.open.keymaps.only_lhs')
229.678  000.302  000.302: require('config.neotree.usercmds')
229.989  000.281  000.281: require('config.neotree.keymaps.global')
232.553  000.009  000.009: sourcing nvim_exec2() called at C:\Users\bartl\AppData\Local\nvim\init.lua:0
232.604  000.002  000.002: sourcing nvim_exec2() called at C:\Users\bartl\AppData\Local\nvim\init.lua:0
235.500  002.889  002.889: require('trouble')
236.346  000.815  000.815: require('trouble.config')
237.385  000.630  000.630: require('trouble.util')
237.425  001.023  000.394: require('trouble.config.highlights')
238.721  000.197  000.197: require('trouble.cache')
238.892  000.162  000.162: require('trouble.format')
239.064  000.167  000.167: require('trouble.view.indent')
239.306  000.236  000.236: require('trouble.view.text')
239.313  000.960  000.198: require('trouble.view.render')
239.317  001.349  000.389: require('trouble.view.preview')
239.321  001.689  000.340: require('trouble.view.main')
240.047  000.270  000.270: sourcing C:/Users/bartl/AppData/Local/nvim-data/lazy/vim-startuptime/plugin/startuptime.vim
240.060  000.452  000.182: sourcing nvim_exec2() called at C:\Users\bartl\AppData\Local\nvim\init.lua:0
240.074  000.002  000.002: sourcing nvim_exec2() called at C:\Users\bartl\AppData\Local\nvim\init.lua:0
240.131  000.002  000.002: sourcing nvim_exec2() called at C:\Users\bartl\AppData\Local\nvim\init.lua:0
242.305  000.006  000.006: sourcing nvim_exec2() called at C:\Users\bartl\AppData\Local\nvim\init.lua:0
242.361  000.002  000.002: sourcing nvim_exec2() called at C:\Users\bartl\AppData\Local\nvim\init.lua:0
244.910  000.228  000.228: require('sessions.@types')
244.921  002.536  002.308: require('sessions')
245.327  000.210  000.210: require('sessions.config.DEFAULTS')
245.392  000.468  000.257: require('sessions.config')
245.802  000.256  000.256: require('sessions.bindings.usercmds')
246.102  000.233  000.233: require('sessions.bindings.autocmds')
246.716  000.186  000.186: sourcing C:/Users/bartl/AppData/Local/nvim-data/lazy/nvim-puppeteer/plugin/puppeteer-autocmds.lua
246.734  000.349  000.163: sourcing nvim_exec2() called at C:\Users\bartl\AppData\Local\nvim\init.lua:0
246.747  000.004  000.004: sourcing nvim_exec2() called at C:\Users\bartl\AppData\Local\nvim\init.lua:0
246.783  000.002  000.002: sourcing nvim_exec2() called at C:\Users\bartl\AppData\Local\nvim\init.lua:0
247.262  000.134  000.134: sourcing C:\Program Files\Neovim\share/nvim/runtime/plugin/editorconfig.lua
247.278  000.287  000.153: sourcing nvim_exec2() called at C:\Users\bartl\AppData\Local\nvim\init.lua:0
247.538  000.129  000.129: sourcing C:\Program Files\Neovim\share/nvim/runtime/plugin/man.lua
247.552  000.265  000.136: sourcing nvim_exec2() called at C:\Users\bartl\AppData\Local\nvim\init.lua:0
247.837  000.095  000.095: sourcing C:\Program Files\Neovim\share/nvim/runtime/plugin/matchparen.vim
247.881  000.320  000.225: sourcing nvim_exec2() called at C:\Users\bartl\AppData\Local\nvim\init.lua:0
248.359  000.228  000.228: sourcing C:\Program Files\Neovim\share/nvim/runtime/plugin/net.lua
248.392  000.494  000.266: sourcing nvim_exec2() called at C:\Users\bartl\AppData\Local\nvim\init.lua:0
248.830  000.229  000.229: sourcing C:\Program Files\Neovim\share/nvim/runtime/plugin/osc52.lua
248.864  000.460  000.230: sourcing nvim_exec2() called at C:\Users\bartl\AppData\Local\nvim\init.lua:0
249.300  000.203  000.203: sourcing C:\Program Files\Neovim\share/nvim/runtime/plugin/shada.lua
249.320  000.445  000.242: sourcing nvim_exec2() called at C:\Users\bartl\AppData\Local\nvim\init.lua:0
249.611  000.141  000.141: sourcing C:\Program Files\Neovim\share/nvim/runtime/plugin/spellfile.lua
249.631  000.302  000.161: sourcing nvim_exec2() called at C:\Users\bartl\AppData\Local\nvim\init.lua:0
330.561  080.538  080.538: sourcing nvim_exec2() called at User Autocommands for "LazyDone":0
331.280  000.180  000.180: require('startup')
332.026  000.182  000.182: require('lib.nvim.progress.@types')
332.189  000.155  000.155: require('lib.nvim.progress.resolve_style')
332.216  000.684  000.347: require('lib.nvim.progress')
332.220  000.909  000.225: require('bindings.usrcmds.update_repos')
332.609  000.140  000.140: require('bindings.usrcmds.plugin_repos.ops')
332.619  000.383  000.243: require('bindings.usrcmds.plugin_repos')
332.884  000.179  000.179: require('bindings.usrcmds.who_locks')
334.248  000.246  000.246: require('wkdoptions.ui.line_numbers')
338.016  000.130  000.130: require('wkdoptions.set_diff_profile.profiles')
338.025  000.314  000.184: require('wkdoptions.set_diff_profile.selector')
351.069  017.268  016.709: require('options')
351.329  000.241  000.241: require('config.ui_open')
351.803  000.214  000.214: require('wkdoptions.config')
352.147  000.156  000.156: require('wkdoptions.config.data.highlight')
352.279  000.123  000.123: require('wkdoptions.config.data.options')
352.409  000.124  000.124: require('wkdoptions.config.data.skip')
352.590  000.170  000.170: require('wkdoptions.hl_config.core.state')
352.768  000.140  000.140: require('wkdoptions.hl_config.core.highlights')
352.911  000.136  000.136: require('wkdoptions.hl_config.utils.skip')
353.199  000.154  000.154: require('wkdoptions.hl_config.utils.winhighlight')
353.409  000.156  000.156: require('wkdoptions.hl_config.utils.large_file')
353.420  000.503  000.193: require('wkdoptions.hl_config.features.cursorline')
353.568  000.143  000.143: require('wkdoptions.hl_config.features.mode_tint')
353.707  000.134  000.134: require('wkdoptions.hl_config.features.flash')
353.840  000.126  000.126: require('wkdoptions.hl_config.features.signcolumn_tint')
354.050  000.179  000.179: require('wkdoptions.hl_config.features.terminal_palette')
354.243  000.187  000.187: require('wkdoptions.hl_config.features.current_word')
354.403  000.155  000.155: require('wkdoptions.hl_config.features.indent_scope')
354.603  000.194  000.194: require('wkdoptions.hl_config.features.diff_peek')
355.054  000.168  000.168: require('wkdoptions.hl_config.path_cache')
355.179  000.118  000.118: require('wkdoptions.hl_config.utils.separator')
355.188  000.421  000.136: require('wkdoptions.hl_config.breadcrumbs.winbar')
355.196  000.587  000.165: require('wkdoptions.hl_config.breadcrumbs')
355.404  000.203  000.203: require('wkdoptions.hl_config.cword_occurrences')
355.411  003.597  000.338: require('wkdoptions.hl_config')
355.417  004.074  000.263: require('wkdoptions')
359.734  002.357  002.357: require('gitsigns')
366.505  000.251  000.251: require('gitsigns.debug.log')
366.910  000.202  000.202: require('gitsigns.util')
366.924  000.410  000.208: require('gitsigns.config')
367.200  001.405  000.745: require('gitsigns.highlight')
367.450  000.226  000.226: require('gitsigns.debounce')
367.468  010.269  006.280: sourcing C:/Users/bartl/AppData/Local/nvim-data/lazy/gitsigns.nvim/plugin/gitsigns.lua
367.487  010.538  000.270: sourcing nvim_exec2() called at C:\Users\bartl\AppData\Local\nvim\init.lua:0
367.503  000.006  000.006: sourcing nvim_exec2() called at C:\Users\bartl\AppData\Local\nvim\init.lua:0
367.539  000.002  000.002: sourcing nvim_exec2() called at C:\Users\bartl\AppData\Local\nvim\init.lua:0
367.916  000.338  000.338: require('nvchad.configs.gitsigns')
373.796  018.026  007.141: require('gitsigns')
374.007  000.155  000.155: require('wkdoptions.config.core.observer')
374.160  000.145  000.145: require('wkdoptions.commands')
374.350  000.185  000.185: require('wkdoptions.commands.register')
374.751  000.136  000.136: require('wkdoptions.hl_config.breadcrumbs.ctx.utils.ts_helpers')
375.037  000.125  000.125: require('wkdoptions.hl_config.breadcrumbs.ctx.utils.text_utils')
375.044  000.286  000.161: require('wkdoptions.hl_config.breadcrumbs.ctx.base')
375.049  000.640  000.218: require('wkdoptions.hl_config.breadcrumbs.ctx')
375.225  000.152  000.152: require('wkdoptions.options_config')
375.493  000.170  000.170: require('wkdoptions.italic_keywords')
375.671  000.143  000.143: require('wkdoptions.qflist')
375.833  000.139  000.139: require('wkdoptions.indent_per_ft')
376.102  000.152  000.152: require('autocmds.auto-center-fexplorer')
376.279  000.143  000.143: require('autocmds.explorer-singleton')
376.557  000.120  000.120: require('autocmds.general.helpers')
376.667  000.105  000.105: require('autocmds.general.defaults')
376.673  000.376  000.152: require('autocmds.general')
377.057  000.220  000.220: require('lib.nvim.git')
377.171  000.107  000.107: require('autocmds.git.defaults')
377.176  000.470  000.143: require('autocmds.git')
377.299  000.111  000.111: require('autocmds.git.commit_ft')
377.420  000.105  000.105: require('autocmds.git.gitsigns_refresh')
377.542  000.103  000.103: require('autocmds.git.blame_on_hold')
377.768  000.094  000.094: require('autocmds.terminals.defaults')
377.773  000.225  000.131: require('autocmds.terminals')
378.144  000.104  000.104: require('autocmds.text.defaults')
378.150  000.270  000.166: require('autocmds.text')
378.213  002.370  000.414: require('autocmds')
378.398  000.162  000.162: require('lsp')
378.558  000.155  000.155: require('lsp.core.handlers')
378.668  000.105  000.105: require('lsp.core.filter')
379.547  000.489  000.489: require('vim.lsp.protocol')
379.632  000.755  000.267: require('vim.lsp.log')
379.930  000.291  000.291: require('vim.lsp.util')
380.294  000.146  000.146: require('vim.lsp.sync')
380.303  000.345  000.199: require('vim.lsp._changetracking')
380.642  000.179  000.179: require('vim.lsp._transport')
380.699  000.050  000.050: require('vim._core.stringbuffer')
380.710  000.403  000.174: require('vim.lsp.rpc')
380.793  002.120  000.325: require('vim.lsp')
381.236  000.221  000.221: require('vim.lsp.completion')
381.293  000.494  000.273: require('vim.lsp.handlers')
381.448  000.148  000.148: require('lsp.core.diagnostics')
381.587  000.128  000.128: require('lsp.core.capabilities')
381.993  000.326  000.326: require('nvchad.configs.lspconfig')
382.631  000.008  000.008: sourcing nvim_exec2() called at C:\Users\bartl\AppData\Local\nvim\init.lua:0
382.659  000.002  000.002: sourcing nvim_exec2() called at C:\Users\bartl\AppData\Local\nvim\init.lua:0
385.327  000.137  000.137: require('cmp_nvim_lsp.source')
385.335  002.350  002.213: require('cmp_nvim_lsp')
385.348  002.495  000.145: sourcing C:/Users/bartl/AppData/Local/nvim-data/lazy/cmp-nvim-lsp/after/plugin/cmp_nvim_lsp.lua
385.365  002.648  000.153: sourcing nvim_exec2() called at C:\Users\bartl\AppData\Local\nvim\init.lua:0
385.373  003.267  000.609: require('cmp_nvim_lsp')
388.058  000.158  000.158: require('lsp.core.attach')
388.209  000.142  000.142: require('lsp.core.workspace_diagnostics')
388.362  000.147  000.147: require('lsp.formatter')
388.989  000.123  000.123: sourcing C:/Users/bartl/AppData/Local/nvim-data/lazy/conform.nvim/plugin/conform.lua
389.006  000.275  000.152: sourcing nvim_exec2() called at C:\Users\bartl\AppData\Local\nvim\init.lua:0
389.017  000.004  000.004: sourcing nvim_exec2() called at C:\Users\bartl\AppData\Local\nvim\init.lua:0
389.049  000.002  000.002: sourcing nvim_exec2() called at C:\Users\bartl\AppData\Local\nvim\init.lua:0
391.401  002.313  002.313: require('conform')
391.424  003.056  000.462: require('conform')
391.579  000.151  000.151: require('lsp.core.util')
391.730  000.144  000.144: require('lsp.formatter.conform')
392.433  000.164  000.164: require('lsp.usercmds.formatter')
392.672  000.202  000.202: require('lsp.usercmds')
392.975  000.208  000.208: require('lsp.usercmds.workspace_diagnostics')
393.205  000.176  000.176: require('lsp.languages')
393.325  000.114  000.114: require('lsp.languages.app.csharp')
393.458  000.111  000.111: require('lsp.languages.app.java')
393.637  000.162  000.162: require('lsp.languages.app.dart')
393.801  000.148  000.148: require('lsp.languages.documentation.markdown')
394.037  000.203  000.203: require('lsp.languages.documentation.markdown_words')
394.239  000.145  000.145: require('lsp.languages.scripting.lua')
394.400  000.145  000.145: require('lsp.languages.scripting.shell')
409.188  000.254  000.254: require('lsp.languages.systems.c')
409.394  000.166  000.166: require('lsp.languages.systems.go')
409.555  000.135  000.135: require('lsp.languages.systems.zig')
409.726  000.154  000.154: require('lsp.languages.webdev.astro')
409.961  000.229  000.229: require('lsp.languages.webdev.astro.usercmds')
410.159  000.160  000.160: require('lsp.languages.webdev.astro.autocmds')
410.337  000.151  000.151: require('lsp.servers.webdev.astro.autotag')
413.792  000.120  000.120: require('nvim-ts-autotag._log')
413.931  000.131  000.131: require('nvim-ts-autotag.config.init')
414.370  000.132  000.132: require('nvim-ts-autotag.utils')
414.378  000.283  000.151: require('nvim-ts-autotag.config.ft')
414.382  000.444  000.161: require('nvim-ts-autotag.config.plugin')
414.389  000.912  000.216: require('nvim-ts-autotag.internal')
414.392  003.250  002.339: require('nvim-ts-autotag')
414.396  003.378  000.128: sourcing C:/Users/bartl/AppData/Local/nvim-data/lazy/nvim-ts-autotag/plugin/nvim-ts-autotag.lua
414.415  003.551  000.173: sourcing nvim_exec2() called at C:\Users\bartl\AppData\Local\nvim\init.lua:0
414.429  000.004  000.004: sourcing nvim_exec2() called at C:\Users\bartl\AppData\Local\nvim\init.lua:0
414.463  000.002  000.002: sourcing nvim_exec2() called at C:\Users\bartl\AppData\Local\nvim\init.lua:0
415.068  004.726  001.168: require('nvim-ts-autotag')
415.268  000.185  000.185: require('lsp.languages.webdev.typescript')
415.436  000.145  000.145: require('lsp.languages.webdev.html')
415.627  000.146  000.146: require('lsp.core.registry')
415.825  000.173  000.173: require('lsp.servers.bashls')
428.569  000.173  000.173: require('lsp.servers.lua_ls.ignore')
428.835  000.117  000.117: require('lsp.core.root_scope')
428.842  000.264  000.147: require('lsp.servers.lua_ls.rootresolver')
428.958  000.114  000.114: require('lsp.servers.lua_ls.library_profiles')
428.963  000.805  000.254: require('lsp.servers.lua_ls')
429.973  000.167  000.167: require('lsp.servers.lua_ls.reload')
430.167  000.142  000.142: require('lsp.servers.gopls')
431.119  000.136  000.136: require('lsp.servers.marksman.config')
431.279  000.154  000.154: require('lsp.servers.marksman.diagnostics_handler')
431.648  000.247  000.247: require('lib.nvim.cross.fs._cwd')
431.656  000.371  000.124: require('lsp.servers.marksman.rootresolver')
431.659  000.827  000.165: require('lsp.servers.marksman')
431.781  000.117  000.117: require('lsp.servers.marksman.code_action_handler')
433.269  000.216  000.216: require('lib.nvim.cross.executable')
433.277  000.417  000.201: require('lsp.servers.webdev.html')
434.581  000.146  000.146: require('lsp.servers.webdev.ts_ls')
435.863  000.148  000.148: require('lsp.servers.webdev.tailwindcss')
436.691  000.158  000.158: require('lsp.servers.csharp')
442.620  000.130  000.130: require('lsp.lspdoctor.@types')
442.766  000.125  000.125: require('lsp.lspdoctor.health')
442.917  000.146  000.146: require('lsp.lspdoctor.debug')
443.060  000.139  000.139: require('lsp.lspdoctor.inspect')
443.067  000.768  000.228: require('lsp.lspdoctor')
443.392  000.129  000.129: require('lsp.tools.eslint_prettier.core.find_root')
443.513  000.115  000.115: require('lsp.tools.eslint_prettier.core.check_config')
443.864  000.222  000.222: require('lib.nvim.cross.uv.spawn_capture')
444.027  000.155  000.155: require('lsp.tools.eslint_prettier.eslint')
444.036  000.517  000.141: require('lsp.tools.eslint_prettier.eslint.fix')
444.334  000.132  000.132: require('lsp.tools.eslint_prettier.prettier')
444.341  000.301  000.170: require('lsp.tools.eslint_prettier.prettier.format')
444.471  000.127  000.127: require('lsp.tools.eslint_prettier.autocmds')
444.608  000.133  000.133: require('lsp.tools.eslint_prettier.usercmds')
444.614  001.514  000.191: require('lsp.tools.eslint_prettier')
445.156  000.130  000.130: require('lsp.tools.lsp_signature.open_floating_preview')
445.373  000.098  000.098: require('lsp.tools.lsp_signature.split_lines')
445.381  000.217  000.119: require('lsp.tools.lsp_signature.format_signature_help')
445.495  000.110  000.110: require('lsp.tools.lsp_signature.state')
445.739  000.133  000.133: require('lsp.tools.lsp_signature.utils.helper')
445.745  000.246  000.114: require('lsp.tools.lsp_signature.highlights.parameters')
446.001  000.122  000.122: require('lsp.tools.lsp_signature.format_hover')
446.008  000.260  000.138: require('lsp.tools.lsp_signature.show_hover')
446.179  000.167  000.167: require('lsp.tools.lsp_signature.fallback_providers')
446.229  000.035  000.035: sourcing nvim_exec2() called at C:\Users\bartl\AppData\Local\nvim\init.lua:0
446.244  000.005  000.005: sourcing nvim_exec2() called at C:\Users\bartl\AppData\Local\nvim\init.lua:0
446.253  000.004  000.004: sourcing nvim_exec2() called at C:\Users\bartl\AppData\Local\nvim\init.lua:0
446.263  000.004  000.004: sourcing nvim_exec2() called at C:\Users\bartl\AppData\Local\nvim\init.lua:0
446.273  000.004  000.004: sourcing nvim_exec2() called at C:\Users\bartl\AppData\Local\nvim\init.lua:0
446.278  001.435  000.252: require('lsp.tools.lsp_signature.request_and_show')
446.283  001.600  000.165: require('lsp.tools.lsp_signature')
446.511  000.202  000.202: require('lsp.tools.ts_type_lookup')
446.693  000.175  000.175: require('lsp.tools.ts_type_lookup.cmds')
449.851  000.006  000.006: sourcing nvim_exec2() called at C:\Users\bartl\AppData\Local\nvim\init.lua:0
449.876  000.002  000.002: sourcing nvim_exec2() called at C:\Users\bartl\AppData\Local\nvim\init.lua:0
450.437  000.332  000.332: sourcing C:/Users/bartl/AppData/Local/nvim-data/lazy/telescope.nvim/plugin/telescope.lua
450.460  000.493  000.162: sourcing nvim_exec2() called at C:\Users\bartl\AppData\Local\nvim\init.lua:0
450.471  000.004  000.004: sourcing nvim_exec2() called at C:\Users\bartl\AppData\Local\nvim\init.lua:0
450.509  000.002  000.002: sourcing nvim_exec2() called at C:\Users\bartl\AppData\Local\nvim\init.lua:0
454.155  000.280  000.280: require('plenary.strings')
454.852  000.232  000.232: require('plenary.log')
454.878  000.469  000.237: require('telescope.log')
455.549  000.160  000.160: require('plenary.compat')
455.563  000.385  000.226: require('plenary.job')
455.747  000.180  000.180: require('telescope.state')
455.800  000.918  000.352: require('telescope.utils')
455.811  001.649  000.261: require('telescope.sorters')
457.232  003.719  001.790: require('telescope.config')
457.696  000.219  000.219: require('plenary.window.border')
457.902  000.200  000.200: require('plenary.window')
458.032  000.125  000.125: require('plenary.popup.utils')
458.040  000.801  000.257: require('plenary.popup')
458.264  000.221  000.221: require('telescope.pickers.scroller')
458.475  000.206  000.206: require('telescope.actions.state')
458.647  000.168  000.168: require('telescope.actions.utils')
459.039  000.210  000.210: require('telescope.actions.mt')
459.064  000.412  000.202: require('telescope.actions.set')
459.475  000.214  000.214: require('telescope.config.resolve')
459.482  000.415  000.200: require('telescope.pickers.entry_display')
459.669  000.185  000.185: require('telescope.from_entry')
459.953  009.045  002.919: require('telescope.actions')
459.958  009.409  000.364: require('nvchad.configs.telescope')
460.341  000.145  000.145: require('config.telescope.file_browser.keymaps')
460.683  000.151  000.151: require('pickers.entry_actions.extract.telescope')
460.690  000.343  000.191: require('pickers.entry_actions.adapters.telescope')
460.704  000.742  000.254: require('config.telescope')
461.094  000.231  000.231: require('telescope._extensions')
461.101  000.395  000.164: require('telescope')
462.014  000.135  000.135: sourcing E:/repos/pdfport.nvim/plugin/pdfport.lua
462.031  000.344  000.210: sourcing nvim_exec2() called at C:\Users\bartl\AppData\Local\nvim\init.lua:0
462.043  000.004  000.004: sourcing nvim_exec2() called at C:\Users\bartl\AppData\Local\nvim\init.lua:0
462.094  000.002  000.002: sourcing nvim_exec2() called at C:\Users\bartl\AppData\Local\nvim\init.lua:0
465.073  000.190  000.190: require('pdfport.config.DEFAULTS')
465.082  000.419  000.229: require('pdfport.config')
465.254  000.169  000.169: require('pdfport.util.notify')
465.279  003.136  002.548: require('pdfport')
465.685  000.186  000.186: require('pdfport.core.registry')
465.692  000.389  000.203: require('pdfport.core.resolver')
465.911  000.216  000.216: require('pdfport.core.dispatcher')
466.101  000.185  000.185: require('pdfport.core.composer')
466.327  000.221  000.221: require('pdfport.backends')
466.534  000.190  000.190: require('pdfport.producers')
466.730  000.174  000.174: require('pdfport.renderers.buffer')
466.896  000.160  000.160: require('pdfport.renderers.float')
467.251  000.204  000.204: require('pdfport.platform')
467.280  000.379  000.174: require('pdfport.renderers.system')
467.617  000.151  000.151: require('pdfport.core.rasterize')
467.639  000.355  000.204: require('pdfport.renderers.terminal')
468.044  000.187  000.187: require('pdfport.util.page_range')
468.054  000.411  000.225: require('pdfport.bindings.usrcmds')
468.365  007.170  001.004: require('pdfport.integrations.telescope')
471.059  000.136  000.136: require('plenary.tbl')
471.070  000.274  000.139: require('plenary.vararg.rotate')
471.073  000.443  000.169: require('plenary.vararg')
471.195  000.119  000.119: require('plenary.errors')
471.202  000.724  000.162: require('plenary.async.async')
471.717  000.128  000.128: require('plenary.async.structs')
471.756  000.290  000.162: require('plenary.async.control')
471.763  000.418  000.128: require('plenary.async.util')
471.767  000.562  000.144: require('plenary.async.tests')
471.770  001.595  000.308: require('plenary.async')
471.998  000.224  000.224: require('telescope.debounce')
472.295  000.290  000.290: require('telescope.mappings')
472.518  000.217  000.217: require('telescope.pickers.highlights')
472.709  000.186  000.186: require('telescope.pickers.window')
472.894  000.180  000.180: require('telescope.pickers.layout')
473.400  000.263  000.263: require('telescope.algos.linked_list')
473.409  000.510  000.248: require('telescope.entry_manager')
473.586  000.173  000.173: require('telescope.pickers.multi')
473.609  003.796  000.420: require('telescope.pickers')
474.130  000.338  000.338: require('telescope.make_entry')
474.441  000.296  000.296: require('telescope.finders.async_static_finder')
474.998  000.162  000.162: require('plenary.class')
475.015  000.397  000.235: require('telescope.async_job')
475.020  000.574  000.177: require('telescope.finders.async_oneshot_finder')
475.223  000.200  000.200: require('telescope.finders.async_job_finder')
475.235  001.623  000.214: require('telescope.finders')
475.667  000.204  000.204: require('telescope.previewers.previewer')
476.084  000.217  000.217: require('telescope.previewers.utils')
487.255  011.583  011.366: require('telescope.previewers.term_previewer')
499.928  012.666  012.666: require('telescope.previewers.buffer_previewer')
499.957  024.719  000.266: require('telescope.previewers')
499.995  030.609  000.472: require('telescope._extensions.themes')
500.755  000.740  000.740: require('telescope._extensions.terms')
503.008  056.103  006.532: require('telescope')
503.026  056.294  000.192: require('lsp.tools.ts_type_lookup.ts_telescope_picker')
503.489  000.425  000.425: require('lsp.tools.ts_type_lookup.noice_integration')
504.116  000.297  000.297: require('lsp.tools.deprecated_help.lsp_common')
504.642  000.253  000.253: require('lsp.tools.deprecated_help.helper')
504.900  000.252  000.252: require('lsp.tools.deprecated_help.lsp.lua_ls.catch')
505.118  000.214  000.214: require('lsp.tools.deprecated_help.lsp.lua_ls.diagnostic')
505.289  000.166  000.166: require('lsp.tools.deprecated_help.defaults')
505.294  001.172  000.287: require('lsp.tools.deprecated_help.lsp.lua_ls.lua_ls')
505.525  000.228  000.228: require('lsp.tools.deprecated_help.lsp.lua_ls.publish_diagnostics')
505.530  002.035  000.338: require('lsp.tools.deprecated_help')
506.173  000.204  000.204: require('lsp.diagnostics.util')
506.431  000.253  000.253: require('lsp.diagnostics.loclist')
506.681  000.244  000.244: require('lsp.diagnostics.quickfix')
506.686  000.918  000.216: require('lsp.diagnostics.commands')
506.797  000.109  000.109: require('lsp.diagnostics.keymaps')
506.802  001.267  000.240: require('lsp.diagnostics')
507.621  483.586  121.935: sourcing C:\Users\bartl\AppData\Local\nvim\init.lua
507.663  001.401: sourcing vimrc file(s)
509.307  000.114  000.114: sourcing C:\Program Files\Neovim\share\nvim\runtime\filetype.lua
511.008  000.109  000.109: sourcing C:\Program Files\Neovim\share\nvim\runtime\syntax\synload.vim
511.153  001.389  001.279: sourcing C:\Program Files\Neovim\share/nvim/runtime/syntax/syntax.vim
511.175  002.009: inits 3
513.478  002.303: reading ShaDa
514.555  000.084  000.084: sourcing C:\Users\bartl\AppData\Local\nvim-data\lazy\vim-matchup\autoload\matchup\ts_engine.vim
515.815  000.069  000.069: sourcing C:\Users\bartl\AppData\Local\nvim-data\lazy\vim-matchup\autoload\matchup\re.vim
516.132  000.224  000.224: require('gitsigns.async')
516.598  002.744: opening buffers
517.418  000.221  000.221: require('gitsigns.hunks')
517.722  000.133  000.133: require('gitsigns.diff')
517.872  000.144  000.144: require('gitsigns.cache')
517.885  000.459  000.183: require('gitsigns.manager')
518.042  000.155  000.155: require('gitsigns.message')
518.192  000.144  000.144: require('gitsigns.repeat')
518.215  001.220  000.241: require('gitsigns.actions')
518.788  000.287  000.287: require('gitsigns.signs')
518.807  000.589  000.301: require('gitsigns.sign_renderer')
519.352  000.179  000.179: require('gitsigns.blame_formatter')
519.373  000.417  000.238: require('gitsigns.current_line_blame')
519.386  000.562: BufEnter autocommands
519.390  000.004: editing files in windows
519.757  000.005  000.005: sourcing nvim_exec2() called at VimEnter Autocommands for "*":0
519.802  000.002  000.002: sourcing nvim_exec2() called at VimEnter Autocommands for "*":0
522.543  000.142  000.142: require('github_stats.config.DEFAULTS')
522.554  000.361  000.218: require('github_stats.config')
523.091  000.167  000.167: require('lib.nvim.net.curl.@types')
523.100  000.353  000.186: require('lib.nvim.net.curl')
523.104  000.547  000.195: require('github_stats.api')
523.245  000.138  000.138: require('github_stats.storage')
523.400  000.150  000.150: require('github_stats.fetcher')
523.544  000.140  000.140: require('github_stats.analytics')
523.839  000.123  000.123: require('github_stats.state.ui_state')
524.018  000.173  000.173: require('github_stats.dashboard.state')
524.162  000.140  000.140: require('github_stats.dashboard.render')
524.614  000.132  000.132: require('lib.nvim.window.center')
524.752  000.132  000.132: require('lib.nvim.window.find_usable')
524.881  000.124  000.124: require('lib.nvim.window.focus_helpers')
525.006  000.120  000.120: require('lib.nvim.window.open_named_scratch')
525.171  000.161  000.161: require('lib.nvim.window.open_scratch_split')
525.297  000.121  000.121: require('lib.nvim.window.tag')
525.302  000.992  000.202: require('lib.nvim.window')
525.433  000.128  000.128: require('github_stats.dashboard.movement')
525.690  000.131  000.131: require('github_stats.visualization')
525.697  000.260  000.129: require('github_stats.dashboard.detail')
525.827  000.127  000.127: require('github_stats.dashboard.actions')
525.832  001.666  000.159: require('github_stats.bindings.keymaps')
525.837  002.288  000.186: require('github_stats.dashboard')
525.840  006.012  002.388: require('github_stats')
526.380  000.173  000.173: require('github_stats.bindings.usrcmds.fetch')
526.701  000.168  000.168: require('github_stats.date_presets')
526.833  000.126  000.126: require('github_stats.bindings.usrcmds.utils')
526.839  000.452  000.158: require('github_stats.bindings.usrcmds.show')
526.964  000.122  000.122: require('github_stats.bindings.usrcmds.summary')
527.086  000.118  000.118: require('github_stats.bindings.usrcmds.referrers')
527.207  000.117  000.117: require('github_stats.bindings.usrcmds.paths')
527.338  000.127  000.127: require('github_stats.bindings.usrcmds.debug')
527.615  000.151  000.151: require('github_stats.retention')
527.620  000.278  000.127: require('github_stats.bindings.usrcmds.compact')
527.747  000.124  000.124: require('github_stats.bindings.usrcmds.chart')
528.011  000.137  000.137: require('github_stats.export')
528.017  000.267  000.130: require('github_stats.bindings.usrcmds.export')
528.285  000.130  000.130: require('github_stats.diff')
528.291  000.271  000.142: require('github_stats.bindings.usrcmds.diff')
528.424  000.130  000.130: require('github_stats.bindings.usrcmds.dashboard')
528.433  002.518  000.340: require('github_stats.bindings.usrcmds')
528.612  000.135  000.135: require('github_stats.bindings.autocmds')
528.981  000.213  000.213: require('github_stats.background')
529.305  000.198  000.198: require('insights.conflicts')
656.321  127.848: VimEnter autocommands
659.944  000.212  000.212: sourcing C:\Users\bartl\AppData\Local\nvim-data\lazy\vim-visual-multi\autoload\vm\plugs.vim
660.564  000.170  000.170: sourcing C:\Users\bartl\AppData\Local\nvim-data\lazy\vim-visual-multi\autoload\vm\maps.vim
660.955  000.141  000.141: sourcing C:\Users\bartl\AppData\Local\nvim-data\lazy\vim-visual-multi\autoload\vm\maps\all.vim
661.556  004.743  004.219: sourcing C:/Users/bartl/AppData/Local/nvim-data/lazy/vim-visual-multi/plugin/visual-multi.vim
661.570  004.916  000.173: sourcing nvim_exec2() called at UIEnter Autocommands for "*":0
661.614  000.002  000.002: sourcing nvim_exec2() called at UIEnter Autocommands for "*":0
661.658  000.002  000.002: sourcing nvim_exec2() called at UIEnter Autocommands for "*":0
662.068  000.259  000.259: require('snacks.picker')
662.290  000.214  000.214: require('snacks.picker.config')
662.683  000.229  000.229: require('snacks.util')
662.834  000.538  000.309: require('snacks.picker.config.highlights')
663.047  000.207  000.207: require('snacks.picker.config.defaults')
663.306  000.253  000.253: require('snacks.picker.config.sources')
663.499  000.187  000.187: require('snacks.picker.config.layouts')
665.696  002.797: UIEnter autocommands
696.875  028.863  028.863: sourcing C:\Program Files\Neovim\share\nvim\runtime\autoload\provider\clipboard.vim
696.900  002.340: before starting main loop
698.461  000.309  000.309: require('nvchad.stl.default')
699.193  000.006  000.006: sourcing nvim_exec2()
699.235  000.002  000.002: sourcing nvim_exec2()
702.258  000.187  000.187: require('filetree.config.DEFAULTS')
702.268  000.399  000.212: require('filetree.config')
702.613  000.138  000.138: require('filetree.util.notify')
702.631  000.360  000.222: require('filetree.adapter')
702.938  000.126  000.126: require('filetree.util.usercmd')
702.959  000.325  000.199: require('filetree.commands')
703.155  000.193  000.193: require('filetree.features')
703.478  000.124  000.124: require('filetree.util.autocmd')
703.484  000.324  000.200: require('filetree.util.tree_attach')
703.614  000.120  000.120: require('filetree.util.map')
703.620  004.361  002.640: require('filetree')
704.140  000.160  000.160: require('lib.nvim.neotree.node.@types')
704.147  000.332  000.173: require('lib.nvim.neotree.node')
704.156  000.508  000.175: require('filetree.adapter.neotree')
704.302  000.142  000.142: require('filetree.util.progress')
704.897  000.157  000.157: require('filetree.util.platform')
704.906  000.383  000.226: require('filetree.features.fileops.trash.platform')
705.081  000.171  000.171: require('filetree.features.fileops.trash.undo')
705.365  000.128  000.128: require('filetree.util.path')
705.395  000.307  000.178: require('filetree.util.buffer')
705.525  000.127  000.127: require('filetree.util.confirm_choice')
705.669  000.140  000.140: require('filetree.util.confirm')
705.843  000.170  000.170: require('filetree.util.refs_picker')
705.988  000.140  000.140: require('filetree.util.markdown_refs')
706.311  000.152  000.152: require('lib.nvim.neotree.watch.@types')
706.318  000.325  000.173: require('lib.nvim.neotree.watch')
706.323  002.013  000.250: require('filetree.features.fileops.trash')
706.505  000.171  000.171: require('filetree.features.ui.current_hl')
706.735  000.188  000.188: require('filetree.features.search.grep_in_dir')
707.362  000.183  000.183: require('lib.nvim.fs.chdir.@types')
707.369  000.394  000.212: require('lib.nvim.fs.chdir')
707.672  000.143  000.143: require('lib.nvim.fs.dir_guard.@types')
707.678  000.307  000.163: require('lib.nvim.fs.dir_guard')
708.011  000.154  000.154: require('lib.nvim.ui.statusline.@types')
708.018  000.336  000.183: require('lib.nvim.ui.statusline')
708.041  001.297  000.260: require('filetree.features.nav.cwd_mode')
708.468  000.141  000.141: require('filetree.util.window')
708.476  000.362  000.221: require('filetree.features.fileops.open_variants')
708.856  000.205  000.205: require('lib.nvim.cross.fs.mutate')
708.868  000.385  000.180: require('filetree.features.fileops.link_create')
709.052  000.179  000.179: require('filetree.features.nav.cwd_sync')
709.285  000.202  000.202: require('filetree.features.nav.auto_reveal')
709.547  000.201  000.201: require('filetree.features.fileops.open_replace')
709.867  000.132  000.132: require('filetree.util.fs')
709.990  000.118  000.118: require('filetree.util.ignore')
709.996  000.441  000.191: require('filetree.features.paths.markdown_links')
710.183  000.180  000.180: require('filetree.features.nav.no_name_guard')
710.402  000.191  000.191: require('filetree.features.infra.hooks_api')
710.608  000.199  000.199: require('filetree.features.ui.context_menu')
710.781  000.165  000.165: require('filetree.features.infra.ignore_list')
712.849  001.470  001.470: require('neo-tree.utils._compat')
712.891  001.767  000.297: require('neo-tree.utils')
713.228  000.334  000.334: require('neo-tree.defaults')
713.472  000.238  000.238: require('neo-tree.setup.mapping-helper')
714.031  000.162  000.162: require('neo-tree.collections')
714.199  000.162  000.162: require('neo-tree.health.typecheck')
714.205  000.517  000.193: require('neo-tree.events.queue')
714.209  000.732  000.215: require('neo-tree.events')
714.564  000.177  000.177: require('neo-tree.sources.filesystem.lib.globtopattern')
714.573  000.361  000.184: require('neo-tree.sources.common.file-nesting')
714.787  000.212  000.212: require('neo-tree.ui.highlights')
715.797  000.167  000.167: require('nui.object')
716.240  000.147  000.147: require('vim.version')
717.193  001.234  001.087: require('nui.utils')
717.204  001.400  000.166: require('nui.text')
717.222  001.767  000.200: require('nui.line')
717.618  000.167  000.167: require('nui.tree.util')
717.634  000.408  000.241: require('nui.tree')
717.981  000.137  000.137: require('nui.utils.buf_storage')
718.146  000.159  000.159: require('nui.utils.autocmd')
718.280  000.129  000.129: require('nui.utils.keymap')
718.548  000.123  000.123: require('nui.layout.utils')
718.554  000.270  000.147: require('nui.split.utils')
718.575  000.939  000.244: require('nui.split')
718.930  000.210  000.210: require('nui.popup.border')
718.944  000.366  000.157: require('nui.popup')
719.166  000.220  000.220: require('neo-tree.ui.popups')
719.377  000.206  000.206: require('neo-tree.ui.windows')
719.396  004.175  000.269: require('neo-tree.ui.renderer')
719.622  000.223  000.223: require('neo-tree.sources.filesystem.lib.filter_external')
719.806  000.179  000.179: require('neo-tree.sources.common.file-items')
719.983  000.172  000.172: require('neo-tree.sources.filesystem.lib.fs_watch')
720.365  000.184  000.184: require('neo-tree.git.utils')
720.529  000.159  000.159: require('neo-tree.git.cmd')
720.921  000.206  000.206: require('neo-tree.git.parser')
720.930  000.396  000.190: require('neo-tree.git.ls-files')
721.135  000.201  000.201: require('neo-tree.git.diff')
721.145  001.158  000.217: require('neo-tree.git')
721.549  000.213  000.213: require('neo-tree.sources.filesystem.lib.lua-glob')
721.555  000.407  000.194: require('neo-tree.sources.filesystem.lib.ignored')
721.566  006.558  000.243: require('neo-tree.sources.filesystem.lib.fs_scan')
721.935  000.187  000.187: require('nui.input')
721.943  000.375  000.188: require('neo-tree.ui.inputs')
721.957  007.165  000.233: require('neo-tree.sources.manager')
722.192  000.232  000.232: require('neo-tree.setup.netrw')
722.377  000.181  000.181: require('neo-tree.sources.common.hijack_cursor')
722.385  011.563  000.341: require('neo-tree.setup')
722.810  000.228  000.228: require('neo-tree.setup.deprecations')
723.743  000.009  000.009: sourcing nvim_exec2()
723.755  000.002  000.002: sourcing nvim_exec2()
723.760  000.001  000.001: sourcing nvim_exec2()
723.766  000.001  000.001: sourcing nvim_exec2()
723.771  000.001  000.001: sourcing nvim_exec2()
723.777  000.001  000.001: sourcing nvim_exec2()
723.783  000.001  000.001: sourcing nvim_exec2()
723.787  000.001  000.001: sourcing nvim_exec2()
723.796  000.003  000.003: sourcing nvim_exec2()
723.805  000.004  000.004: sourcing nvim_exec2()
723.819  000.001  000.001: sourcing nvim_exec2()
723.826  000.003  000.003: sourcing nvim_exec2()
723.831  000.002  000.002: sourcing nvim_exec2()
723.836  000.001  000.001: sourcing nvim_exec2()
723.840  000.001  000.001: sourcing nvim_exec2()
723.846  000.001  000.001: sourcing nvim_exec2()
723.851  000.001  000.001: sourcing nvim_exec2()
723.856  000.001  000.001: sourcing nvim_exec2()
723.861  000.001  000.001: sourcing nvim_exec2()
723.867  000.001  000.001: sourcing nvim_exec2()
723.872  000.001  000.001: sourcing nvim_exec2()
723.876  000.001  000.001: sourcing nvim_exec2()
723.882  000.002  000.002: sourcing nvim_exec2()
723.918  000.001  000.001: sourcing nvim_exec2()
723.924  000.001  000.001: sourcing nvim_exec2()
723.930  000.003  000.003: sourcing nvim_exec2()
723.935  000.001  000.001: sourcing nvim_exec2()
723.939  000.001  000.001: sourcing nvim_exec2()
723.944  000.002  000.002: sourcing nvim_exec2()
723.950  000.001  000.001: sourcing nvim_exec2()
723.955  000.001  000.001: sourcing nvim_exec2()
723.961  000.001  000.001: sourcing nvim_exec2()
723.967  000.001  000.001: sourcing nvim_exec2()
723.973  000.001  000.001: sourcing nvim_exec2()
723.979  000.003  000.003: sourcing nvim_exec2()
723.984  000.001  000.001: sourcing nvim_exec2()
723.989  000.001  000.001: sourcing nvim_exec2()
723.994  000.001  000.001: sourcing nvim_exec2()
723.999  000.001  000.001: sourcing nvim_exec2()
724.005  000.001  000.001: sourcing nvim_exec2()
724.010  000.001  000.001: sourcing nvim_exec2()
724.023  000.001  000.001: sourcing nvim_exec2()
724.035  000.003  000.003: sourcing nvim_exec2()
724.321  000.281  000.281: require('neo-tree.sources.filesystem')
724.727  000.182  000.182: require('neo-tree.sources.buffers.lib.items')
724.735  000.405  000.223: require('neo-tree.sources.buffers')
725.162  000.213  000.213: require('neo-tree.sources.git_status.lib.items')
725.170  000.429  000.216: require('neo-tree.sources.git_status')
725.819  000.204  000.204: require('neo-tree.sources.document_symbols.lib.client_filters')
726.006  000.181  000.181: require('neo-tree.sources.document_symbols.lib.kinds')
726.013  000.594  000.209: require('neo-tree.sources.document_symbols.lib.symbols_utils')
726.020  000.844  000.251: require('neo-tree.sources.document_symbols')
726.335  000.131  000.131: require('neo-tree.sources.diagnostics.lib.items')
726.465  000.125  000.125: require('neo-tree.sources.diagnostics.highlights')
726.596  000.128  000.128: require('neo-tree.sources.diagnostics.defaults')
726.602  000.577  000.193: require('neo-tree.sources.diagnostics')
726.927  000.148  000.148: require('neo-tree.sources.tests.defaults')
726.936  000.329  000.180: require('neo-tree.sources.tests')
727.172  000.209  000.209: require('neo-tree.command.parser')
727.999  000.287  000.287: require('neo-tree.sources.common.container')
728.019  000.571  000.284: require('neo-tree.sources.common.components')
728.028  000.771  000.200: require('neo-tree.sources.buffers.components')
728.936  000.184  000.184: require('plenary.scandir')
728.949  000.446  000.262: require('neo-tree.sources.filesystem.lib.fs_actions')
729.152  000.199  000.199: require('neo-tree.sources.common.help')
729.397  000.240  000.240: require('neo-tree.sources.common.preview')
729.598  000.195  000.195: require('neo-tree.sources.common.node_expander')
729.616  001.373  000.292: require('neo-tree.sources.common.commands')
729.671  001.639  000.267: require('neo-tree.sources.buffers.commands')
730.003  000.206  000.206: require('neo-tree.sources.tests.components')
730.180  000.171  000.171: require('neo-tree.sources.tests.commands')
730.499  000.221  000.221: require('neo-tree.sources.document_symbols.components')
731.125  000.178  000.178: require('neo-tree.sources.common.filters.filter_fzy')
731.132  000.402  000.224: require('neo-tree.sources.common.filters')
731.347  000.842  000.439: require('neo-tree.sources.document_symbols.commands')
731.630  000.230  000.230: require('neo-tree.sources.filesystem.components')
732.051  000.197  000.197: require('neo-tree.sources.filesystem.lib.filter')
732.069  000.433  000.235: require('neo-tree.sources.filesystem.commands')
732.377  000.179  000.179: require('neo-tree.sources.diagnostics.components')
732.537  000.153  000.153: require('neo-tree.sources.diagnostics.commands')
732.766  000.192  000.192: require('neo-tree.sources.git_status.components')
732.952  000.179  000.179: require('neo-tree.sources.git_status.commands')
733.314  000.133  000.133: sourcing nvim_exec2()
734.230  000.008  000.008: sourcing nvim_exec2()
734.247  000.003  000.003: sourcing nvim_exec2()
734.257  000.002  000.002: sourcing nvim_exec2()
734.266  000.002  000.002: sourcing nvim_exec2()
734.279  000.005  000.005: sourcing nvim_exec2()
734.288  000.002  000.002: sourcing nvim_exec2()
734.296  000.002  000.002: sourcing nvim_exec2()
734.775  000.288  000.288: require('neo-tree.clipboard')
735.029  000.244  000.244: require('neo-tree.clipboard.sync.base')
735.425  000.276  000.276: require('filetree.features.ui.opened_sync')
737.398  001.449  001.449: require('filetree.bindings.keymaps')
737.646  000.238  000.238: require('filetree.bindings.autocmds')
737.655  001.926  000.239: require('filetree.bindings')
737.661  002.192  000.266: require('filetree.features.ui.cheatsheet')
737.935  000.266  000.266: require('filetree.features.fileops.rename_batch')
738.288  000.339  000.339: require('filetree.features.fileops.copy_move')
738.586  000.265  000.265: require('filetree.features.git.git_status')
738.790  000.173  000.173: require('filetree.util.root')
749.274  000.307  000.307: require('filetree.util.line_count')
749.304  000.785  000.478: require('filetree.features.ui.preview')
749.628  000.277  000.277: require('filetree.features.ui.tree_reset')
749.985  000.349  000.349: require('filetree.features.org.session')
750.745  000.381  000.381: require('filetree.features.ui.cursor_hide')
751.053  000.262  000.262: require('filetree.features.search.filter')
751.385  000.317  000.317: require('filetree.features.fileops.smart_rename')
751.676  000.278  000.278: require('filetree.features.ui.window_size_cycler')
752.608  000.272  000.272: require('filetree.util.select')
752.630  000.689  000.417: require('filetree.features.paths.path_copy')
753.040  000.361  000.361: require('filetree.features.search.live_search')
753.437  000.381  000.381: require('filetree.features.nav.buffer_cycle')
754.052  000.288  000.288: require('filetree.util.pdf')
754.074  000.627  000.339: require('filetree.features.system.pdf_create')
754.427  000.341  000.341: require('filetree.features.paths.lua_require_copy')
754.785  000.345  000.345: require('filetree.features.lsp.lsp_diagnostics')
755.211  000.328  000.328: require('filetree.features.nav.tree_traverse')
755.593  000.364  000.364: require('filetree.features.ui.breadcrumbs')
755.980  000.341  000.341: require('filetree.features.ui.node_info')
756.323  000.302  000.302: require('filetree.features.fileops.smart_create')
756.589  000.253  000.253: require('filetree.features.nav.reveal_alt')
756.861  000.264  000.264: require('filetree.features.infra.file_watcher')
757.194  000.305  000.305: require('filetree.features.infra.project_root')
757.484  000.280  000.280: require('filetree.features.nav.layout_guard')
757.765  000.254  000.254: require('filetree.features.fileops.buffer_save')
758.054  000.268  000.268: require('filetree.features.ui.size_info')
758.733  000.335  000.335: require('pickers.engines')
759.115  000.369  000.369: require('lib.nvim.lua_ls.get_module_path')
759.156  001.057  000.352: require('filetree.features.fileops.create_from_template')
759.573  000.386  000.386: require('filetree.features.system.pdf_open')
759.962  000.362  000.362: require('filetree.features.org.marks')
760.359  000.339  000.339: require('filetree.features.system.shell_run')
760.623  000.237  000.237: require('filetree.features.compare.diff')
760.891  000.257  000.257: require('filetree.features.paths.copy_file_list')
761.159  000.256  000.256: require('filetree.features.system.open_in_fm')
761.518  000.349  000.349: require('filetree.features.system.open_with')
761.883  000.348  000.348: require('filetree.features.ui.window_style')
762.268  000.355  000.355: require('filetree.features.search.find_files')
762.511  000.231  000.231: require('filetree.features.infra.handle_guard')
762.790  000.265  000.265: require('filetree.features.infra.watcher_quarantine')
764.877  000.687  000.687: require('filetree.attach')
765.769  000.366  000.366: require('neo-tree.command.completion')
765.797  000.879  000.512: require('neo-tree.command')
765.979  067.491  017.588: require('filetree')
766.737  000.010  000.010: sourcing nvim_exec2()
766.775  000.004  000.004: sourcing nvim_exec2()
771.734  004.617  004.617: require('base46.colors')
771.775  005.771  001.141: require('base46')
772.110  000.331  000.331: require('base46.themes.tokyonight')
773.225  000.369  000.369: require('vim.lsp.client')
773.466  000.230  000.230: require('lib.nvim.progress.styles.statusline')
774.025  002.624: first screen update
774.029  000.004: --- NVIM STARTED ---

--- Startup times for process: Primary (or UI client) ---

times in msec
 clock   self+sourced   self:  sourced script
 clock   elapsed:              other lines

000.005  000.005: --- NVIM STARTING ---
000.051  000.046: event init
000.161  000.109: early init
013.188  013.027: locale set
013.226  000.038: init first window
013.882  000.655: inits 1
013.967  000.086: window checked
013.974  000.006: parsing arguments
014.866  000.436  000.436: require('vim._core.shared')
015.498  000.004  000.004: require('string.buffer')
015.523  000.191  000.187: require('vim.inspect')
015.809  000.276  000.276: require('vim._core.options')
015.813  000.940  000.473: require('vim._core.editor')
015.956  000.140  000.140: require('vim._core.system')
015.958  001.605  000.090: require('vim._init_packages')
015.965  000.386: init lua interpreter
024.688  008.723: nvim_ui_attach
024.998  000.310: nvim_set_client_info
025.006  000.007: --- NVIM STARTED ---

--- Startup times for process: Embedded ---

times in msec
 clock   self+sourced   self:  sourced script
 clock   elapsed:              other lines

000.004  000.004: --- NVIM STARTING ---
000.041  000.037: event init
000.128  000.087: early init
014.329  014.202: locale set
014.368  000.039: init first window
014.899  000.531: inits 1
014.916  000.017: window checked
014.921  000.005: parsing arguments
015.815  000.442  000.442: require('vim._core.shared')
016.475  000.005  000.005: require('string.buffer')
016.512  000.219  000.215: require('vim.inspect')
016.735  000.212  000.212: require('vim._core.options')
016.738  000.916  000.485: require('vim._core.editor')
016.879  000.139  000.139: require('vim._core.system')
016.882  001.603  000.106: require('vim._init_packages')
016.889  000.365: init lua interpreter
017.354  000.465: expanding arguments
017.373  000.019: inits 2
017.662  000.289: init highlight
017.664  000.002: waiting for UI
017.753  000.089: done waiting for UI
017.768  000.016: clear screen
018.373  000.037  000.037: require('vim.keymap')
019.001  000.142  000.142: sourcing nvim_exec2()
019.047  000.023  000.023: require('vim._core.log')
024.283  006.509  006.307: require('vim._core.defaults')
024.292  000.014: init default mappings & autocommands
025.762  000.107  000.107: sourcing C:\Program Files\Neovim\share\nvim\runtime\ftplugin.vim
026.176  000.172  000.172: sourcing C:\Program Files\Neovim\share\nvim\runtime\indent.vim
027.293  000.363  000.363: require('vim.fs')
027.583  000.281  000.281: require('vim.uri')
027.617  000.952  000.307: require('vim.loader')
028.802  001.073  001.073: require('plugins.personal.utils')
030.663  000.206  000.206: require('lib.nvim.notify.@types')
030.889  000.218  000.218: require('lib.nvim.notify.safe')
030.895  001.663  001.239: require('lib.nvim.notify')
030.904  001.831  000.168: require('machine')
030.907  001.994  000.163: require('config.lazy')
031.190  000.280  000.280: require('lazy')
031.216  000.012  000.012: require('ffi')
031.407  000.185  000.185: require('lazy.stats')
031.818  000.190  000.190: require('lazy.core.util')
032.022  000.197  000.197: require('lazy.core.config')
032.355  000.159  000.159: require('lazy.core.handler')
032.877  000.170  000.170: require('lazy.pkg')
032.886  000.351  000.182: require('lazy.core.meta')
032.893  000.533  000.182: require('lazy.core.plugin')
032.900  000.874  000.183: require('lazy.core.loader')
033.570  000.307  000.307: require('lazy.core.fragments')
036.811  000.166  000.166: require('config.fzf.keymaps')
036.982  000.162  000.162: require('config.fzf.fzf_opts')
037.190  000.199  000.199: require('config.fzf.grep')
037.733  000.344  000.344: require('lib.nvim.fs.path_shorten')
037.742  000.545  000.201: require('config.fzf.files')
037.747  001.298  000.226: require('config.fzf')
038.672  000.162  000.162: require('plugins.control.mode')
038.999  000.194  000.194: require('config.neotest.init.utils')
039.191  000.183  000.183: require('config.neotest.init.dependencies')
039.349  000.149  000.149: require('config.neotest.init.cmd')
040.151  000.285  000.285: require('lib.lua.lazy')
040.324  000.159  000.159: require('config.neotree.commands.source')
040.332  000.663  000.219: require('config.neotree.keymaps')
040.670  000.141  000.141: require('config.neotest.actions')
040.676  000.340  000.199: require('config.neotest.neotree')
040.791  000.112  000.112: require('config.neotree.keymaps.buffers')
040.916  000.121  000.121: require('config.neotree.keymaps.document_symbols')
041.371  000.143  000.143: require('config.neotree.utils.node')
041.518  000.140  000.140: require('config.neotree.utils')
041.523  000.479  000.196: require('config.neotree.keymaps.filesystem.files')
041.527  000.607  000.128: require('config.neotree.keymaps.filesystem')
041.661  000.132  000.132: require('config.neotree.keymaps.git_status')
041.812  000.147  000.147: require('config.neotree.keymaps.diagnostics')
041.977  000.161  000.161: require('config.neotree.sources.icons')
042.656  000.186  000.186: require('plugins.personal.source')
046.885  000.206  000.206: require('config.snacks.picker')
047.073  000.176  000.176: require('config.snacks.mappings')
047.246  000.165  000.165: require('config.snacks.mappings.standard')
047.468  000.179  000.179: require('config.snacks.mappings.extended')
048.465  000.141  000.141: require('config.trouble.numbering')
048.849  000.181  000.181: require('config.noice')
049.438  000.179  000.179: require('config.todo_comments.keywords')
049.589  000.142  000.142: require('config.todo_comments.colors.strong')
054.404  000.302  000.302: require('lazy.core.handler.cmd')
054.706  000.283  000.283: require('lazy.core.handler.keys')
054.987  000.272  000.272: require('lazy.core.handler.event')
055.232  000.235  000.235: require('lazy.core.handler.ft')
055.378  000.012  000.012: sourcing nvim_exec2() called at C:\Users\bartl\AppData\Local\nvim\init.lua:0
055.450  000.004  000.004: sourcing nvim_exec2() called at C:\Users\bartl\AppData\Local\nvim\init.lua:0
056.368  000.005  000.005: sourcing nvim_exec2() called at C:\Users\bartl\AppData\Local\nvim\init.lua:0
056.432  000.004  000.004: sourcing nvim_exec2() called at C:\Users\bartl\AppData\Local\nvim\init.lua:0
056.699  000.003  000.003: sourcing nvim_exec2() called at C:\Users\bartl\AppData\Local\nvim\init.lua:0
056.749  000.003  000.003: sourcing nvim_exec2() called at C:\Users\bartl\AppData\Local\nvim\init.lua:0
056.912  000.003  000.003: sourcing nvim_exec2() called at C:\Users\bartl\AppData\Local\nvim\init.lua:0
057.017  000.002  000.002: sourcing nvim_exec2() called at C:\Users\bartl\AppData\Local\nvim\init.lua:0
057.274  000.004  000.004: sourcing nvim_exec2() called at C:\Users\bartl\AppData\Local\nvim\init.lua:0
057.382  000.003  000.003: sourcing nvim_exec2() called at C:\Users\bartl\AppData\Local\nvim\init.lua:0
057.428  000.003  000.003: sourcing nvim_exec2() called at C:\Users\bartl\AppData\Local\nvim\init.lua:0
057.505  000.002  000.002: sourcing nvim_exec2() called at C:\Users\bartl\AppData\Local\nvim\init.lua:0
057.527  000.002  000.002: sourcing nvim_exec2() called at C:\Users\bartl\AppData\Local\nvim\init.lua:0
057.564  000.002  000.002: sourcing nvim_exec2() called at C:\Users\bartl\AppData\Local\nvim\init.lua:0
057.592  000.002  000.002: sourcing nvim_exec2() called at C:\Users\bartl\AppData\Local\nvim\init.lua:0
057.654  000.002  000.002: sourcing nvim_exec2() called at C:\Users\bartl\AppData\Local\nvim\init.lua:0
057.683  000.002  000.002: sourcing nvim_exec2() called at C:\Users\bartl\AppData\Local\nvim\init.lua:0
057.714  000.002  000.002: sourcing nvim_exec2() called at C:\Users\bartl\AppData\Local\nvim\init.lua:0
058.838  000.006  000.006: sourcing nvim_exec2() called at C:\Users\bartl\AppData\Local\nvim\init.lua:0
058.956  000.004  000.004: sourcing nvim_exec2() called at C:\Users\bartl\AppData\Local\nvim\init.lua:0
058.982  000.002  000.002: sourcing nvim_exec2() called at C:\Users\bartl\AppData\Local\nvim\init.lua:0
059.054  000.002  000.002: sourcing nvim_exec2() called at C:\Users\bartl\AppData\Local\nvim\init.lua:0
059.618  000.006  000.006: sourcing nvim_exec2() called at C:\Users\bartl\AppData\Local\nvim\init.lua:0
059.694  000.004  000.004: sourcing nvim_exec2() called at C:\Users\bartl\AppData\Local\nvim\init.lua:0
059.745  000.002  000.002: sourcing nvim_exec2() called at C:\Users\bartl\AppData\Local\nvim\init.lua:0
059.785  000.002  000.002: sourcing nvim_exec2() called at C:\Users\bartl\AppData\Local\nvim\init.lua:0
060.047  000.004  000.004: sourcing nvim_exec2() called at C:\Users\bartl\AppData\Local\nvim\init.lua:0
060.102  000.003  000.003: sourcing nvim_exec2() called at C:\Users\bartl\AppData\Local\nvim\init.lua:0
060.144  000.002  000.002: sourcing nvim_exec2() called at C:\Users\bartl\AppData\Local\nvim\init.lua:0
060.180  000.002  000.002: sourcing nvim_exec2() called at C:\Users\bartl\AppData\Local\nvim\init.lua:0
060.193  000.001  000.001: sourcing nvim_exec2() called at C:\Users\bartl\AppData\Local\nvim\init.lua:0
060.225  000.002  000.002: sourcing nvim_exec2() called at C:\Users\bartl\AppData\Local\nvim\init.lua:0
060.293  000.002  000.002: sourcing nvim_exec2() called at C:\Users\bartl\AppData\Local\nvim\init.lua:0
060.430  000.003  000.003: sourcing nvim_exec2() called at C:\Users\bartl\AppData\Local\nvim\init.lua:0
060.450  000.002  000.002: sourcing nvim_exec2() called at C:\Users\bartl\AppData\Local\nvim\init.lua:0
060.487  000.002  000.002: sourcing nvim_exec2() called at C:\Users\bartl\AppData\Local\nvim\init.lua:0
061.073  000.168  000.168: sourcing nvim_exec2() called at C:\Program Files\Neovim\share/nvim/runtime/filetype.lua:0
061.083  000.384  000.216: sourcing C:\Program Files\Neovim\share/nvim/runtime/filetype.lua
061.105  000.595  000.211: sourcing nvim_exec2() called at C:\Users\bartl\AppData\Local\nvim\init.lua:0
061.496  000.004  000.004: sourcing nvim_exec2() called at C:\Users\bartl\AppData\Local\nvim\init.lua:0
061.527  000.002  000.002: sourcing nvim_exec2() called at C:\Users\bartl\AppData\Local\nvim\init.lua:0
062.706  000.259  000.259: require('tokyonight.config')
062.716  001.177  000.918: require('tokyonight')
068.050  000.273  000.273: require('tokyonight.theme')
068.670  000.256  000.256: require('tokyonight.util')
068.679  000.513  000.257: require('tokyonight.colors')
069.250  000.276  000.276: require('tokyonight.hsluv')
069.769  000.360  000.360: require('tokyonight.groups')
071.616  004.336  002.914: sourcing C:\Users\bartl\AppData\Local\nvim-data\lazy\tokyonight.nvim\colors\tokyonight-storm.lua
073.451  000.008  000.008: sourcing nvim_exec2() called at C:\Users\bartl\AppData\Local\nvim\init.lua:0
073.511  000.004  000.004: sourcing nvim_exec2() called at C:\Users\bartl\AppData\Local\nvim\init.lua:0
074.511  000.189  000.189: require('lib.nvim_usrcmds.@types')
074.914  000.203  000.203: require('lib.nvim.autocmd.augroup')
075.388  000.218  000.218: require('lib.nvim.autocmd.dispatcher.@types')
075.559  000.164  000.164: require('lib.nvim.autocmd.dispatcher.filetype')
075.565  000.624  000.242: require('lib.nvim.autocmd.dispatcher')
075.569  001.049  000.222: require('lib.nvim.autocmd')
075.576  002.057  000.819: require('lib.nvim_usrcmds')
076.169  000.173  000.173: require('lib.lua.yaml')
076.177  000.380  000.207: require('lib.nvim.deps.spec')
076.596  000.118  000.118: require('lib.nvim.core.simple_echo')
076.602  000.284  000.166: require('lib.nvim.core')
076.944  000.339  000.339: require('vim.health')
076.952  000.772  000.149: require('lib.nvim.deps.health')
077.312  000.152  000.152: require('lib.nvim.cross.platform.is_windows')
077.487  000.169  000.169: require('lib.nvim.cross.platform.is_macos')
077.496  000.541  000.220: require('lib.nvim.deps.pm')
077.695  000.195  000.195: require('lib.nvim.deps.install')
077.892  000.192  000.192: require('lib.nvim.deps.view')
078.051  000.153  000.153: require('lib.nvim.deps.first_run')
078.057  002.450  000.217: require('lib.nvim.deps')
078.399  000.163  000.163: require('lib.nvim.usercmd.composer.@types')
078.562  000.157  000.157: require('lib.nvim.usercmd')
078.704  000.138  000.138: require('lib.nvim.usercmd.composer.tree')
079.437  000.160  000.160: require('lib.nvim.cross.fs.expand_path')
079.445  000.306  000.146: require('lib.nvim.normalize.utils')
079.449  000.474  000.168: require('lib.nvim.normalize.validators')
079.621  000.169  000.169: require('lib.nvim.fs.is_dir')
079.653  000.817  000.174: require('lib.nvim.usercmd.composer.argtypes')
079.834  000.177  000.177: require('lib.nvim.usercmd.composer.format')
079.985  000.147  000.147: require('lib.nvim.usercmd.composer.flags')
080.116  000.127  000.127: require('lib.nvim.usercmd.composer.kv')
080.122  001.414  000.146: require('lib.nvim.usercmd.composer.parse')
080.269  000.145  000.145: require('lib.nvim.usercmd.composer.complete')
080.593  000.189  000.189: require('lib.nvim.fs.write.to_file')
080.600  000.326  000.137: require('lib.nvim.usercmd.composer.docgen')
080.741  000.139  000.139: require('lib.nvim.usercmd.composer.registry')
080.748  002.689  000.208: require('lib.nvim.usercmd.composer')
081.367  000.215  000.215: require('pickers.command.composer')
081.686  000.310  000.310: require('pickers.config')
081.911  000.219  000.219: require('pickers.config.DEFAULTS')
082.242  000.177  000.177: require('pickers.bindings.autocmds')
082.259  001.230  000.309: sourcing E:/repos/pickers.nvim/plugin/pickers.lua
082.275  001.417  000.187: sourcing nvim_exec2() called at C:\Users\bartl\AppData\Local\nvim\init.lua:0
082.288  000.004  000.004: sourcing nvim_exec2() called at C:\Users\bartl\AppData\Local\nvim\init.lua:0
082.344  000.002  000.002: sourcing nvim_exec2() called at C:\Users\bartl\AppData\Local\nvim\init.lua:0
082.661  000.151  000.151: require('pickers.plugin_spec')
082.666  000.317  000.166: require('pickers')
082.882  000.187  000.187: require('pickers.keys')
083.099  000.208  000.208: require('pickers.bindings')
083.549  000.158  000.158: require('pickers.bindings.util')
083.556  000.359  000.201: require('pickers.bindings.keymaps')
083.744  000.185  000.185: require('lib.nvim.map')
083.999  000.171  000.171: require('pickers.bindings.whichkey')
084.819  000.140  000.140: sourcing C:/Users/bartl/AppData/Local/nvim-data/lazy/which-key.nvim/plugin/which-key.lua
084.835  000.281  000.142: sourcing nvim_exec2() called at C:\Users\bartl\AppData\Local\nvim\init.lua:0
084.846  000.004  000.004: sourcing nvim_exec2() called at C:\Users\bartl\AppData\Local\nvim\init.lua:0
084.875  000.002  000.002: sourcing nvim_exec2() called at C:\Users\bartl\AppData\Local\nvim\init.lua:0
085.804  000.819  000.819: require('which-key')
085.996  000.185  000.185: require('which-key.config')
086.055  002.049  000.758: require('which-key')
086.257  000.195  000.195: require('pickers.bindings.usrcmds')
086.506  000.165  000.165: require('pickers.bindings.collections')
087.072  000.250  000.250: require('pickers.mappings')
087.357  000.215  000.215: require('pickers.history')
087.522  000.155  000.155: require('lib.nvim.cache.disk')
088.098  000.172  000.172: require('snacks')
088.104  000.290  000.118: sourcing C:/Users/bartl/AppData/Local/nvim-data/lazy/snacks.nvim/plugin/snacks.lua
088.121  000.427  000.137: sourcing nvim_exec2() called at C:\Users\bartl\AppData\Local\nvim\init.lua:0
088.134  000.004  000.004: sourcing nvim_exec2() called at C:\Users\bartl\AppData\Local\nvim\init.lua:0
088.172  000.002  000.002: sourcing nvim_exec2() called at C:\Users\bartl\AppData\Local\nvim\init.lua:0
088.374  000.170  000.170: require('pickers.keys.adapters.snacks')
088.692  000.135  000.135: require('pickers.entry_actions.extract.snacks')
089.222  000.193  000.193: require('lib.nvim.fs.create_entry.@types')
089.549  000.150  000.150: require('lib.nvim.fs.mkdirp.@types')
089.732  000.178  000.178: require('lib.nvim.cross.fs.separators.unify_slashes')
089.738  000.510  000.182: require('lib.nvim.fs.mkdirp')
089.903  000.162  000.162: require('lib.nvim.fs.is_valid_filename')
089.908  001.061  000.197: require('lib.nvim.fs.create_entry')
089.911  001.214  000.153: require('pickers.entry_actions.create_file')
090.194  000.129  000.129: require('lib.nvim.buffer.open_background')
090.199  000.285  000.156: require('pickers.entry_actions.open_background')
090.202  001.811  000.177: require('pickers.entry_actions.adapters.snacks')
090.422  000.005  000.005: sourcing nvim_exec2() called at C:\Users\bartl\AppData\Local\nvim\init.lua:0
090.459  000.002  000.002: sourcing nvim_exec2() called at C:\Users\bartl\AppData\Local\nvim\init.lua:0
091.890  000.268  000.268: require('git-conflict.colors')
092.062  000.165  000.165: require('git-conflict.utils')
092.241  000.171  000.171: require('vim.deprecated.health')
092.512  000.183  000.183: require('vim.hl')
092.540  001.981  001.194: require('git-conflict')
099.174  000.346  000.346: require('vim.iter')
099.640  000.007  000.007: sourcing nvim_exec2() called at C:\Users\bartl\AppData\Local\nvim\init.lua:0
099.707  000.003  000.003: sourcing nvim_exec2() called at C:\Users\bartl\AppData\Local\nvim\init.lua:0
101.197  000.228  000.228: require('cmdlog.config.DEFAULTS')
101.332  000.574  000.345: require('cmdlog.config')
101.342  001.628  001.055: require('cmdlog')
101.760  000.351  000.351: require('cmdlog.bindings')
102.141  000.266  000.266: require('cmdlog.bindings.usrcmds')
102.494  000.274  000.274: require('cmdlog.bindings.keymaps')
103.596  000.231  000.231: require('lib.nvim.fs.is_readable_file')
103.936  000.333  000.333: require('lib.nvim.fs.read')
103.947  000.831  000.267: require('cmdlog.core.store')
104.184  000.233  000.233: require('lib.nvim.cache.memory')
104.193  001.347  000.283: require('cmdlog.core.project_history')
104.381  000.185  000.185: require('cmdlog.core.stats')
104.539  000.153  000.153: require('cmdlog.core.errors')
104.549  002.046  000.361: require('cmdlog.core.tracker')
104.913  000.008  000.008: sourcing nvim_exec2() called at C:\Users\bartl\AppData\Local\nvim\init.lua:0
104.942  000.002  000.002: sourcing nvim_exec2() called at C:\Users\bartl\AppData\Local\nvim\init.lua:0
106.372  000.163  000.163: sourcing E:/repos/insights.nvim/plugin/insights.lua
106.388  000.391  000.228: sourcing nvim_exec2() called at C:\Users\bartl\AppData\Local\nvim\init.lua:0
106.400  000.003  000.003: sourcing nvim_exec2() called at C:\Users\bartl\AppData\Local\nvim\init.lua:0
106.457  000.002  000.002: sourcing nvim_exec2() called at C:\Users\bartl\AppData\Local\nvim\init.lua:0
107.760  000.175  000.175: require('insights.util.notify')
107.772  001.309  001.134: require('insights')
108.163  000.195  000.195: require('insights.config.@types')
108.406  000.236  000.236: require('insights.config.DEFAULTS')
108.509  000.734  000.302: require('insights.config')
109.142  000.615  000.615: require('insights.bindings.usrcmds')
109.567  000.290  000.290: require('insights.bindings.keymaps')
109.935  000.320  000.320: require('insights.bindings.autocmds')
110.398  000.425  000.425: require('insights.devserver')
111.659  000.005  000.005: sourcing nvim_exec2() called at C:\Users\bartl\AppData\Local\nvim\init.lua:0
111.691  000.002  000.002: sourcing nvim_exec2() called at C:\Users\bartl\AppData\Local\nvim\init.lua:0
113.451  000.173  000.173: sourcing C:/Users/bartl/AppData/Local/nvim-data/lazy/neo-tree-tests-source.nvim/plugin/neo-tree-tests-source.lua
113.469  000.363  000.189: sourcing nvim_exec2() called at C:\Users\bartl\AppData\Local\nvim\init.lua:0
113.480  000.004  000.004: sourcing nvim_exec2() called at C:\Users\bartl\AppData\Local\nvim\init.lua:0
113.519  000.002  000.002: sourcing nvim_exec2() called at C:\Users\bartl\AppData\Local\nvim\init.lua:0
115.602  000.005  000.005: sourcing nvim_exec2() called at C:\Users\bartl\AppData\Local\nvim\init.lua:0
115.625  000.002  000.002: sourcing nvim_exec2() called at C:\Users\bartl\AppData\Local\nvim\init.lua:0
116.986  000.084  000.084: sourcing C:/Users/bartl/AppData/Local/nvim-data/lazy/plenary.nvim/plugin/plenary.vim
116.999  000.242  000.158: sourcing nvim_exec2() called at C:\Users\bartl\AppData\Local\nvim\init.lua:0
117.008  000.002  000.002: sourcing nvim_exec2() called at C:\Users\bartl\AppData\Local\nvim\init.lua:0
117.037  000.001  000.001: sourcing nvim_exec2() called at C:\Users\bartl\AppData\Local\nvim\init.lua:0
118.309  000.089  000.089: sourcing C:/Users/bartl/AppData/Local/nvim-data/lazy/FixCursorHold.nvim/plugin/fix_cursorhold_nvim.vim
118.322  000.221  000.132: sourcing nvim_exec2() called at C:\Users\bartl\AppData\Local\nvim\init.lua:0
118.331  000.001  000.001: sourcing nvim_exec2() called at C:\Users\bartl\AppData\Local\nvim\init.lua:0
118.358  000.001  000.001: sourcing nvim_exec2() called at C:\Users\bartl\AppData\Local\nvim\init.lua:0
120.422  000.165  000.165: require('vim.treesitter.language')
120.549  000.119  000.119: require('vim.func')
120.679  000.125  000.125: require('vim.treesitter._range')
120.814  000.129  000.129: require('vim.func._memoize')
120.842  000.758  000.221: require('vim.treesitter.query')
120.854  000.963  000.205: require('vim.treesitter.languagetree')
120.861  001.136  000.172: require('vim.treesitter')
120.966  001.385  000.249: sourcing C:/Users/bartl/AppData/Local/nvim-data/lazy/nvim-treesitter/plugin/filetypes.lua
120.985  001.525  000.140: sourcing nvim_exec2() called at C:\Users\bartl\AppData\Local\nvim\init.lua:0
121.308  000.159  000.159: sourcing C:/Users/bartl/AppData/Local/nvim-data/lazy/nvim-treesitter/plugin/nvim-treesitter.lua
121.322  000.329  000.170: sourcing nvim_exec2() called at C:\Users\bartl\AppData\Local\nvim\init.lua:0
121.585  000.125  000.125: sourcing C:/Users/bartl/AppData/Local/nvim-data/lazy/nvim-treesitter/plugin/query_predicates.lua
121.598  000.268  000.143: sourcing nvim_exec2() called at C:\Users\bartl\AppData\Local\nvim\init.lua:0
121.609  000.003  000.003: sourcing nvim_exec2() called at C:\Users\bartl\AppData\Local\nvim\init.lua:0
121.638  000.002  000.002: sourcing nvim_exec2() called at C:\Users\bartl\AppData\Local\nvim\init.lua:0
122.045  000.400  000.400: require('nvchad.configs.treesitter')
122.437  000.180  000.180: require('lib.nvim.treesitter.guard.@types')
122.446  000.394  000.213: require('lib.nvim.treesitter.guard')
123.701  001.250  001.250: require('nvim-treesitter')
123.859  000.151  000.151: require('nvim-treesitter.config')
125.050  000.199  000.199: require('lib.nvim.treesitter.parser_policy.@types')
125.098  000.978  000.779: require('lib.nvim.treesitter.parser_policy')
126.906  000.141  000.141: sourcing C:\Users\bartl\AppData\Local\nvim-data\lazy\vim-test\autoload\test.vim
127.639  002.243  002.102: sourcing C:/Users/bartl/AppData/Local/nvim-data/lazy/vim-test/plugin/test.vim
127.654  002.383  000.140: sourcing nvim_exec2() called at C:\Users\bartl\AppData\Local\nvim\init.lua:0
127.665  000.002  000.002: sourcing nvim_exec2() called at C:\Users\bartl\AppData\Local\nvim\init.lua:0
127.703  000.002  000.002: sourcing nvim_exec2() called at C:\Users\bartl\AppData\Local\nvim\init.lua:0
135.634  000.148  000.148: sourcing C:/Users/bartl/AppData/Local/nvim-data/lazy/neotest/plugin/neotest.lua
135.651  000.283  000.135: sourcing nvim_exec2() called at C:\Users\bartl\AppData\Local\nvim\init.lua:0
135.662  000.003  000.003: sourcing nvim_exec2() called at C:\Users\bartl\AppData\Local\nvim\init.lua:0
135.692  000.002  000.002: sourcing nvim_exec2() called at C:\Users\bartl\AppData\Local\nvim\init.lua:0
136.177  000.134  000.134: require('nio.tasks')
136.315  000.132  000.132: require('nio.control')
136.537  000.218  000.218: require('nio.uv')
136.695  000.152  000.152: require('nio.tests')
136.957  000.131  000.131: require('vim.ui')
136.966  000.267  000.136: require('nio.ui')
137.211  000.117  000.117: require('nio.streams')
137.216  000.248  000.131: require('nio.file')
137.558  000.108  000.108: require('nio.util')
137.724  000.392  000.284: require('nio.logger')
137.733  000.515  000.122: require('nio.lsp')
137.880  000.145  000.145: require('nio.process')
137.891  002.026  000.216: require('nio')
138.115  000.022  000.022: sourcing nvim_exec2() called at C:\Users\bartl\AppData\Local\nvim\init.lua:0
138.421  000.026  000.026: require('vim.F')
138.555  000.431  000.405: require('vim.diagnostic')
138.563  000.670  000.216: require('neotest.config')
138.566  002.869  000.173: require('neotest')
140.778  000.125  000.125: require('neotest.lib.require')
140.787  000.302  000.177: require('neotest.lib')
140.918  000.128  000.128: require('neotest-plenary.base')
141.044  000.121  000.121: require('neotest-plenary.results')
141.048  000.703  000.152: require('neotest-plenary.adapter')
141.969  000.127  000.127: require('neotest.utils')
142.144  000.426  000.299: require('neotest.logging')
142.441  000.133  000.133: require('neotest.lib.func_util.memoize')
142.446  000.297  000.164: require('neotest.lib.func_util')
142.703  000.120  000.120: require('neotest.types.tree')
142.823  000.115  000.115: require('neotest.types.fanout_accum')
142.827  000.378  000.143: require('neotest.types')
142.834  001.290  000.189: require('neotest.lib.file')
142.846  004.276  002.283: require('neotest-plenary')
143.309  000.196  000.196: require('neotest.async')
143.588  000.266  000.266: require('neotest-vitest.util')
143.606  000.755  000.294: require('neotest-vitest')
144.457  000.260  000.260: require('plenary.bit')
144.716  000.250  000.250: require('plenary.functional')
144.741  000.886  000.376: require('plenary.path')
145.302  000.236  000.236: require('neotest-go.patterns')
145.315  000.534  000.298: require('neotest-go.utils')
145.792  000.231  000.231: require('neotest-go.color')
146.086  000.283  000.283: require('neotest-go.test_status')
146.095  000.775  000.261: require('neotest-go.output')
146.115  002.505  000.310: require('neotest-go')
146.358  000.238  000.238: require('config.neotest.consumers.neotree_wrapper')
146.603  000.234  000.234: require('config.neotest.init.icons')
147.783  000.085  000.085: sourcing C:/Users/bartl/AppData/Local/nvim-data/lazy/nvim-web-devicons/plugin/nvim-web-devicons.vim
147.804  000.335  000.250: sourcing nvim_exec2() called at C:\Users\bartl\AppData\Local\nvim\init.lua:0
147.821  000.003  000.003: sourcing nvim_exec2() called at C:\Users\bartl\AppData\Local\nvim\init.lua:0
147.868  000.002  000.002: sourcing nvim_exec2() called at C:\Users\bartl\AppData\Local\nvim\init.lua:0
157.922  000.009  000.009: sourcing nvim_exec2() called at C:\Users\bartl\AppData\Local\nvim\init.lua:0
157.963  000.003  000.003: sourcing nvim_exec2() called at C:\Users\bartl\AppData\Local\nvim\init.lua:0
160.710  000.138  000.138: require('wkdnvchad')
161.352  000.236  000.236: require('nvchad.tabufline')
161.360  000.429  000.193: require('wkdnvchad.mappings.tabufline')
161.647  000.281  000.281: require('lib.nvim.buf_win_tab.move_buffer_to_tab')
161.655  000.937  000.227: require('wkdnvchad.mappings')
162.162  000.213  000.213: require('wkdnvchad.usrcmd.themes')
162.170  000.471  000.259: require('wkdnvchad.usrcmd')
162.372  000.178  000.178: require('wkdnvchad.config')
162.551  000.173  000.173: require('wkdnvchad.config.base46')
162.871  000.150  000.150: require('wkdnvchad.ui.statusline.cursor_ctl.renderer')
163.042  000.164  000.164: require('wkdnvchad.ui.statusline.cursor_ctl.progress_calculators')
163.199  000.150  000.150: require('wkdnvchad.ui.statusline.cursor_ctl')
163.584  000.196  000.196: require('wkdnvchad.ui.statusline.utils.get_separators')
163.609  000.404  000.208: require('wkdnvchad.ui.statusline.modules.filetree_cwd_mode')
163.775  000.162  000.162: require('wkdnvchad.ui.statusline.modules.plugin_progress')
163.781  001.224  000.195: require('wkdnvchad.config.statusline.normal')
163.938  000.153  000.153: require('wkdnvchad.ui.highlights.diagnostics')
164.171  000.228  000.228: require('lib.nvim.ui.hl')
164.208  003.814  000.311: require('chadrc')
164.228  004.080  000.266: require('nvconfig')
164.569  000.328  000.328: require('nvchad.stl.utils')
164.879  000.290  000.290: require('nvchad.tabufline.lazyload')
164.893  006.920  002.222: require('nvchad')
165.052  016.958  010.025: require('nvchad.icons.devicons')
165.535  000.243  000.243: require('nvim-web-devicons.filetypes')
166.122  000.398  000.398: require('nvim-web-devicons.default.icons_by_filename')
166.817  000.688  000.688: require('nvim-web-devicons.default.icons_by_file_extension')
167.362  000.536  000.536: require('nvim-web-devicons.default.icons_by_operating_system')
167.631  000.262  000.262: require('nvim-web-devicons.default.icons_by_desktop_environment')
167.876  000.238  000.238: require('nvim-web-devicons.default.icons_by_window_manager')
167.883  002.313  000.192: require('nvim-web-devicons.icons-default')
168.091  003.027  000.471: require('nvim-web-devicons')
170.530  023.918  003.592: require('nvim-web-devicons')
170.819  000.226  000.226: require('neotest.adapters')
171.380  000.152  000.152: require('neotest.client.events')
171.388  000.336  000.183: require('neotest.client.state')
171.531  000.140  000.140: require('neotest.client.runner')
171.692  000.157  000.157: require('neotest.client.strategies')
171.701  000.875  000.243: require('neotest.client')
171.975  000.124  000.124: require('neotest.consumers.run')
172.112  000.132  000.132: require('neotest.consumers.diagnostic')
172.250  000.134  000.134: require('neotest.consumers.status')
172.412  000.158  000.158: require('neotest.consumers.output')
172.689  000.124  000.124: require('neotest.consumers.output_panel.panel')
172.696  000.278  000.154: require('neotest.consumers.output_panel')
173.094  000.123  000.123: require('neotest.consumers.summary.canvas')
173.262  000.163  000.163: require('neotest.consumers.summary.component')
173.271  000.433  000.147: require('neotest.consumers.summary.summary')
173.280  000.582  000.149: require('neotest.consumers.summary')
173.423  000.140  000.140: require('neotest.consumers.jump')
173.688  000.002  000.002: require('jit.profile')
173.829  000.136  000.136: require('jit.vmdef')
173.836  000.280  000.142: require('jit.p')
174.054  000.626  000.346: require('neotest.consumers.benchmark')
174.388  000.322  000.322: require('neotest.consumers.quickfix')
175.095  000.263  000.263: require('neotest.consumers.state.tracker')
175.106  000.712  000.449: require('neotest.consumers.state')
175.679  000.319  000.319: require('neotest.consumers.watch.watcher')
175.693  000.583  000.264: require('neotest.consumers.watch')
175.698  003.993  000.201: require('neotest.consumers')
175.944  000.228  000.228: require('neotest.lib.window')
176.249  000.261  000.261: require('neotest.consumers.neotree')
176.601  000.136  000.136: require('utils')
176.607  000.352  000.217: require('neotest.consumers.neotree.neotree')
176.975  000.219  000.219: require('config.neotest.highlights')
177.185  000.185  000.185: require('config.neotest.commands')
177.401  000.166  000.166: require('config.neotest.keymaps')
177.631  000.171  000.171: require('config.neotest.whichkey')
177.823  000.183  000.183: require('config.neotest.debug')
178.052  000.180  000.180: require('config.neotest.utils.validate_consumer')
178.273  000.193  000.193: require('config.neotest.core')
178.550  000.010  000.010: sourcing nvim_exec2() called at C:\Users\bartl\AppData\Local\nvim\init.lua:0
178.580  000.002  000.002: sourcing nvim_exec2() called at C:\Users\bartl\AppData\Local\nvim\init.lua:0
178.988  000.181  000.181: sourcing C:/Users/bartl/AppData/Local/nvim-data/lazy/neo-tree.nvim/plugin/neo-tree.lua
179.009  000.340  000.158: sourcing nvim_exec2() called at C:\Users\bartl\AppData\Local\nvim\init.lua:0
179.023  000.004  000.004: sourcing nvim_exec2() called at C:\Users\bartl\AppData\Local\nvim\init.lua:0
179.066  000.003  000.003: sourcing nvim_exec2() called at C:\Users\bartl\AppData\Local\nvim\init.lua:0
179.381  000.302  000.302: require('config.neotree.event_handlers')
179.680  000.285  000.285: require('config.neotree')
180.074  000.382  000.382: require('lib.nvim.fs.ignore.list')
180.407  000.316  000.316: require('neo-tree')
180.808  000.394  000.394: require('neo-tree.log')
181.306  000.211  000.211: require('config.neotree.window.open.keymaps.only_lhs')
181.634  000.254  000.254: require('config.neotree.usercmds')
181.832  000.174  000.174: require('config.neotree.keymaps.global')
187.883  000.172  000.172: sourcing C:\Program Files\Neovim\share\nvim\runtime\plugin\matchparen.vim
188.389  000.245  000.245: sourcing C:\Users\bartl\AppData\Local\nvim-data\lazy\vim-matchup\autoload\matchup.vim
188.731  000.117  000.117: sourcing C:\Users\bartl\AppData\Local\nvim-data\lazy\vim-matchup\autoload\matchup\perf.vim
189.797  000.209  000.209: require('treesitter-matchup.third-party.lru')
189.964  000.159  000.159: require('treesitter-matchup.util')
189.975  000.777  000.409: require('treesitter-matchup.internal')
190.504  001.376  000.599: sourcing C:\Users\bartl\AppData\Local\nvim-data\lazy\vim-matchup\autoload\matchup\loader.vim
191.851  000.512  000.512: sourcing C:\Users\bartl\AppData\Local\nvim-data\lazy\vim-matchup\autoload\matchup\matchparen.vim
192.239  000.100  000.100: sourcing C:\Users\bartl\AppData\Local\nvim-data\lazy\vim-matchup\autoload\matchup\pos.vim
193.173  008.708  006.187: sourcing C:/Users/bartl/AppData/Local/nvim-data/lazy/vim-matchup/plugin/matchup.vim
193.200  008.944  000.235: sourcing nvim_exec2() called at C:\Users\bartl\AppData\Local\nvim\init.lua:0
193.241  000.003  000.003: sourcing nvim_exec2() called at C:\Users\bartl\AppData\Local\nvim\init.lua:0
193.313  000.003  000.003: sourcing nvim_exec2() called at C:\Users\bartl\AppData\Local\nvim\init.lua:0
193.893  000.325  000.325: require('match-up')
194.183  000.006  000.006: sourcing nvim_exec2() called at C:\Users\bartl\AppData\Local\nvim\init.lua:0
194.247  000.004  000.004: sourcing nvim_exec2() called at C:\Users\bartl\AppData\Local\nvim\init.lua:0
197.511  000.321  000.321: require('sessions.@types')
197.524  003.192  002.871: require('sessions')
198.088  000.290  000.290: require('sessions.config.DEFAULTS')
198.144  000.616  000.326: require('sessions.config')
198.609  000.348  000.348: require('sessions.bindings.usercmds')
199.528  000.265  000.265: require('lib.nvim.ui.kit.@types')
200.014  000.217  000.217: require('lib.nvim.ui.kit.config')
200.038  000.498  000.281: require('lib.nvim.ui.kit.theme')
200.654  000.183  000.183: require('lib.nvim.window.@types')
200.832  000.167  000.167: require('lib.nvim.window.nice_quit')
200.841  000.577  000.227: require('lib.nvim.window.make_scratch')
201.021  000.175  000.175: require('lib.nvim.window.set_title')
201.028  000.985  000.233: require('lib.nvim.ui.kit.surface')
201.206  000.175  000.175: require('lib.nvim.ui.kit.layout')
201.377  000.167  000.167: require('lib.nvim.ui.kit.picker')
201.538  000.156  000.156: require('lib.nvim.ui.kit.confirm')
204.177  001.458  001.458: require('lib.nvim.ui.kit.chooser')
204.254  002.710  001.252: require('lib.nvim.ui.kit.menu')
204.685  000.422  000.422: require('lib.nvim.ui.kit.preview')
205.390  000.694  000.694: require('lib.nvim.ui.kit.note')
206.090  000.320  000.320: require('lib.nvim.window.close_on_focus_lost')
206.102  000.701  000.381: require('lib.nvim.ui.kit.viewer')
206.378  000.270  000.270: require('lib.nvim.ui.kit.toast')
206.669  000.283  000.283: require('lib.nvim.ui.kit.input')
206.925  000.247  000.247: require('lib.nvim.ui.kit.live_input')
207.267  000.334  000.334: require('lib.nvim.ui.kit.select')
207.558  000.281  000.281: require('lib.nvim.ui.kit.prompt')
207.774  000.209  000.209: require('lib.nvim.ui.kit.form')
208.005  000.225  000.225: require('lib.nvim.ui.kit.sync')
208.326  000.315  000.315: require('lib.nvim.ui.kit.compare')
208.359  009.372  000.436: require('lib.nvim.ui.kit')
208.367  009.673  000.301: require('sessions.bindings.autocmds')
209.465  000.398  000.398: sourcing C:/Users/bartl/AppData/Local/nvim-data/lazy/nvim-puppeteer/plugin/puppeteer-autocmds.lua
209.503  000.765  000.367: sourcing nvim_exec2() called at C:\Users\bartl\AppData\Local\nvim\init.lua:0
209.548  000.029  000.029: sourcing nvim_exec2() called at C:\Users\bartl\AppData\Local\nvim\init.lua:0
209.618  000.004  000.004: sourcing nvim_exec2() called at C:\Users\bartl\AppData\Local\nvim\init.lua:0
213.696  000.013  000.013: sourcing nvim_exec2() called at C:\Users\bartl\AppData\Local\nvim\init.lua:0
213.756  000.004  000.004: sourcing nvim_exec2() called at C:\Users\bartl\AppData\Local\nvim\init.lua:0
217.832  000.121  000.121: sourcing C:/Users/bartl/AppData/Local/nvim-data/lazy/todo-comments.nvim/plugin/todo.vim
217.859  000.455  000.334: sourcing nvim_exec2() called at C:\Users\bartl\AppData\Local\nvim\init.lua:0
217.881  000.004  000.004: sourcing nvim_exec2() called at C:\Users\bartl\AppData\Local\nvim\init.lua:0
217.937  000.003  000.003: sourcing nvim_exec2() called at C:\Users\bartl\AppData\Local\nvim\init.lua:0
219.118  000.445  000.445: require('lib.lua.tables.unique_table')
224.923  000.734  000.734: require('todo-comments.util')
224.952  001.364  000.630: require('todo-comments.config')
225.606  000.294  000.294: require('todo-comments.highlight')
225.616  000.648  000.354: require('todo-comments.jump')
225.620  006.488  004.476: require('todo-comments')
225.750  007.793  000.860: require('config.todo_comments')
226.024  000.010  000.010: sourcing nvim_exec2() called at C:\Users\bartl\AppData\Local\nvim\init.lua:0
226.070  000.003  000.003: sourcing nvim_exec2() called at C:\Users\bartl\AppData\Local\nvim\init.lua:0
228.811  002.733  002.733: require('trouble')
229.121  000.298  000.298: require('trouble.config')
229.707  000.221  000.221: require('trouble.util')
229.716  000.500  000.279: require('trouble.config.highlights')
230.659  000.206  000.206: require('trouble.cache')
230.855  000.187  000.187: require('trouble.format')
231.039  000.179  000.179: require('trouble.view.indent')
231.213  000.167  000.167: require('trouble.view.text')
231.220  000.961  000.222: require('trouble.view.render')
231.224  001.160  000.199: require('trouble.view.preview')
231.230  001.386  000.226: require('trouble.view.main')
231.544  000.013  000.013: sourcing nvim_exec2() called at C:\Users\bartl\AppData\Local\nvim\init.lua:0
235.020  002.929  002.929: require('vim.filetype')
235.045  003.135  000.206: sourcing E:/repos/runtime-analysis.nvim/ftdetect/runtime-analysis.lua
235.092  003.446  000.312: sourcing nvim_exec2() called at C:\Users\bartl\AppData\Local\nvim\init.lua:0
235.114  000.006  000.006: sourcing nvim_exec2() called at C:\Users\bartl\AppData\Local\nvim\init.lua:0
235.406  000.282  000.282: require('config.telemetry')
235.601  000.182  000.182: require('plugins.personal.list')
237.231  001.623  001.623: require('plugins.personal')
240.306  000.210  000.210: require('runtime-analysis.config.DEFAULTS')
240.316  000.487  000.278: require('runtime-analysis.config')
240.323  002.933  002.446: require('runtime-analysis')
240.697  000.193  000.193: require('lib.lua.strings.distance')
240.704  000.379  000.186: require('runtime-analysis.config.validate')
241.027  000.298  000.298: require('runtime-analysis.bindings.usrcmds')
241.972  000.262  000.262: require('runtime-analysis.telemetry.store')
241.983  000.540  000.278: require('runtime-analysis.telemetry.report_file')
242.475  000.262  000.262: require('runtime-analysis.telemetry.@types')
242.657  000.175  000.175: require('runtime-analysis.telemetry.renderers.mdview')
242.841  000.178  000.178: require('runtime-analysis.telemetry.renderers.preview_tab')
242.847  000.861  000.245: require('runtime-analysis.telemetry.report_style')
243.031  000.181  000.181: require('runtime-analysis.telemetry.config')
243.258  000.222  000.222: require('runtime-analysis.telemetry.renderers.html')
243.291  002.166  000.362: require('runtime-analysis.telemetry.command')
243.631  000.262  000.262: require('runtime-analysis.telemetry.lazy')
244.096  000.246  000.246: require('lib.strategies.telemetry_wrap')
244.878  000.197  000.197: require('runtime-analysis.telemetry.fingerprint')
244.889  000.473  000.277: require('runtime-analysis.telemetry.registry')
245.072  000.179  000.179: require('runtime-analysis.telemetry.reminder')
245.353  000.275  000.275: require('runtime-analysis.telemetry.report')
245.618  000.259  000.259: require('runtime-analysis.telemetry.toggle')
245.638  001.534  000.348: require('runtime-analysis.telemetry')
246.270  000.176  000.176: require('lib.config.DEFAULTS')
246.281  000.439  000.263: require('lib.config')
246.702  000.178  000.178: require('lib.strategies.control')
246.709  000.425  000.247: require('lib.strategies.metatable')
246.712  001.070  000.205: require('lib')
247.685  000.272  000.272: require('lib.lua.functions.meta')
247.921  000.225  000.225: require('lib.lua.tables.array')
248.405  000.217  000.217: require('lib.nvim.buffer.context.@types')
248.420  000.489  000.273: require('lib.nvim.buffer.context')
248.852  000.195  000.195: require('lib.nvim.cache.@types')
248.860  000.436  000.241: require('lib.nvim.cache')
249.324  000.195  000.195: require('lib.lua.strings.remove_prefix')
249.525  000.194  000.194: require('lib.lua.strings.core')
249.727  000.190  000.190: require('lib.lua.strings.patterns')
249.909  000.175  000.175: require('lib.lua.strings.links')
250.110  000.195  000.195: require('lib.lua.strings.utf8')
250.305  000.186  000.186: require('lib.lua.strings.encoding')
250.723  000.411  000.411: require('lib.lua.strings.format')
251.001  000.272  000.272: require('lib.lua.strings.location')
251.307  000.299  000.299: require('lib.lua.strings.case')
251.559  000.244  000.244: require('lib.lua.strings.wrap')
251.917  000.351  000.351: require('lib.lua.strings.width')
251.924  003.060  000.347: require('lib.lua.strings')
252.293  000.354  000.354: require('lib.nvim.cross.copy_to_clipboard')
252.729  000.346  000.346: require('lib.lua.tables.core')
253.322  000.283  000.283: require('lib.nvim.terminal.@types')
253.329  000.590  000.307: require('lib.nvim.terminal')
253.597  000.263  000.263: require('lib.lua.tables.dict')
253.929  000.323  000.323: require('lib.nvim.fs.path')
254.641  000.345  000.345: require('lib.nvim.fs.find_root.@types')
255.283  000.314  000.314: require('lib.nvim.fs.find_upward_dir.matcher')
255.291  000.638  000.324: require('lib.nvim.fs.find_upward_dir')
255.591  000.297  000.297: require('lib.lua.memo.lru')
255.598  001.662  000.382: require('lib.nvim.fs.find_root')
255.974  000.371  000.371: require('lib.lua.tables.functional')
256.303  000.312  000.312: require('lib.lua.strings.convert.hex_to_string')
256.634  000.320  000.320: require('lib.nvim.buffer.insert_lines')
256.936  000.294  000.294: require('lib.nvim.cross.platform.is')
257.301  000.310  000.310: require('lib.nvim.cross.platform.is_linux')
257.591  000.282  000.282: require('lib.nvim.buffer.is_markdown_buf')
257.887  000.289  000.289: require('lib.nvim.fs.is_subpath')
258.264  000.335  000.335: require('lib.nvim.cross.platform.is_wsl')
258.609  000.326  000.326: require('lib.lua.json.decode.to_string_array')
259.073  000.441  000.441: require('lib.lua.json.encode')
259.563  000.209  000.209: require('lib.nvim.logger.@types')
259.790  000.220  000.220: require('lib.nvim.notify.resolve_log_level')
259.967  000.171  000.171: require('lib.nvim.logger.config')
260.147  000.173  000.173: require('lib.nvim.logger.ring')
260.477  000.168  000.168: require('lib.nvim.logger.serialize')
260.485  000.333  000.165: require('lib.nvim.logger.record')
260.834  000.188  000.188: require('lib.nvim.fs.write.append')
260.841  000.353  000.165: require('lib.nvim.logger.sinks')
260.852  001.767  000.308: require('lib.nvim.logger')
261.256  000.164  000.164: require('lib.lua.memo.memo')
261.263  000.371  000.207: require('lib.lua.memo')
261.542  000.250  000.250: require('lib.nvim.normalize')
261.773  000.219  000.219: require('lib.nvim.fs.relpath')
262.193  000.193  000.193: require('lib.nvim.require.@types')
262.203  000.417  000.224: require('lib.nvim.require')
262.408  000.200  000.200: require('lib.nvim.cross.run')
262.618  000.204  000.204: require('lib.nvim.cross.run_argv')
262.791  000.164  000.164: require('lib.lua.tables.safe')
262.965  000.168  000.168: require('lib.lua.tables.set')
263.206  000.231  000.231: require('lib.nvim.cross.run.env')
263.617  000.187  000.187: require('lib.nvim.system.@types')
263.788  000.164  000.164: require('lib.nvim.system.env')
263.974  000.180  000.180: require('lib.nvim.system.rpc_pipe')
264.168  000.188  000.188: require('lib.nvim.system.info')
264.339  000.166  000.166: require('lib.nvim.system.proc_trace')
264.495  000.150  000.150: require('lib.nvim.system.job')
264.501  001.271  000.235: require('lib.nvim.system')
264.923  000.174  000.174: require('lib.lua.time.diff.internal.validate')
265.079  000.149  000.149: require('lib.lua.time.diff.internal.convert')
265.251  000.166  000.166: require('lib.lua.time.diff.internal.stats')
265.410  000.153  000.153: require('lib.lua.time.diff.internal.format')
265.416  000.905  000.262: require('lib.lua.time.diff')
265.849  000.205  000.205: require('lib.nvim.window.context.@types')
265.858  000.434  000.229: require('lib.nvim.window.context')
266.028  000.167  000.167: require('lib.lua.tables.with')
271.394  000.009  000.009: sourcing nvim_exec2() called at C:\Users\bartl\AppData\Local\nvim\init.lua:0
271.428  000.002  000.002: sourcing nvim_exec2() called at C:\Users\bartl\AppData\Local\nvim\init.lua:0
272.200  000.226  000.226: require('lib.nvim.debounce.@types')
272.209  000.528  000.302: require('lib.nvim.debounce')
272.213  000.779  000.252: require('config.harpoon.hardening')
274.903  000.172  000.172: require('harpoon.autocmd')
274.915  000.366  000.194: require('harpoon.buffer')
275.194  000.133  000.133: require('harpoon.utils')
275.201  000.283  000.150: require('harpoon.logger')
275.366  000.162  000.162: require('harpoon.extensions')
275.373  003.155  002.344: require('harpoon.ui')
276.112  000.265  000.265: require('lib.nvim.cross.fs.separators.drive_upper')
276.120  000.540  000.275: require('lib.nvim.fs.normkey')
276.495  000.174  000.174: require('lib.nvim.fs.json.@types')
276.857  000.183  000.183: require('lib.nvim.json.@types')
277.047  000.183  000.183: require('lib.lua.json')
277.053  000.550  000.184: require('lib.nvim.json')
277.056  000.932  000.207: require('lib.nvim.fs.json')
277.426  000.213  000.213: require('lib.lua.tables')
277.432  000.373  000.160: require('config.harpoon.utils.sanitize')
277.457  002.046  000.201: require('config.harpoon.persist_paths')
277.648  000.149  000.149: require('config.harpoon.pin_marks')
278.006  000.145  000.145: require('config.harpoon.api')
278.013  000.326  000.180: require('config.harpoon.usrcmds')
278.829  000.253  000.253: sourcing C:/Users/bartl/AppData/Local/nvim-data/lazy/vim-startuptime/plugin/startuptime.vim
278.845  000.447  000.193: sourcing nvim_exec2() called at C:\Users\bartl\AppData\Local\nvim\init.lua:0
278.858  000.003  000.003: sourcing nvim_exec2() called at C:\Users\bartl\AppData\Local\nvim\init.lua:0
278.898  000.002  000.002: sourcing nvim_exec2() called at C:\Users\bartl\AppData\Local\nvim\init.lua:0
279.465  000.187  000.187: sourcing C:\Program Files\Neovim\share/nvim/runtime/plugin/editorconfig.lua
279.486  000.374  000.187: sourcing nvim_exec2() called at C:\Users\bartl\AppData\Local\nvim\init.lua:0
279.863  000.172  000.172: sourcing C:\Program Files\Neovim\share/nvim/runtime/plugin/man.lua
279.883  000.364  000.192: sourcing nvim_exec2() called at C:\Users\bartl\AppData\Local\nvim\init.lua:0
280.060  000.025  000.025: sourcing C:\Program Files\Neovim\share/nvim/runtime/plugin/matchparen.vim
280.078  000.184  000.159: sourcing nvim_exec2() called at C:\Users\bartl\AppData\Local\nvim\init.lua:0
280.397  000.169  000.169: sourcing C:\Program Files\Neovim\share/nvim/runtime/plugin/net.lua
280.412  000.324  000.155: sourcing nvim_exec2() called at C:\Users\bartl\AppData\Local\nvim\init.lua:0
280.724  000.167  000.167: sourcing C:\Program Files\Neovim\share/nvim/runtime/plugin/osc52.lua
280.744  000.324  000.157: sourcing nvim_exec2() called at C:\Users\bartl\AppData\Local\nvim\init.lua:0
281.077  000.174  000.174: sourcing C:\Program Files\Neovim\share/nvim/runtime/plugin/shada.lua
281.092  000.338  000.164: sourcing nvim_exec2() called at C:\Users\bartl\AppData\Local\nvim\init.lua:0
281.392  000.138  000.138: sourcing C:\Program Files\Neovim\share/nvim/runtime/plugin/spellfile.lua
281.408  000.308  000.170: sourcing nvim_exec2() called at C:\Users\bartl\AppData\Local\nvim\init.lua:0
352.465  070.452  070.452: sourcing nvim_exec2() called at User Autocommands for "LazyDone":0
353.207  000.202  000.202: require('startup')
353.940  000.202  000.202: require('lib.nvim.progress.@types')
354.102  000.155  000.155: require('lib.nvim.progress.resolve_style')
354.114  000.631  000.274: require('lib.nvim.progress')
354.119  000.873  000.242: require('bindings.usrcmds.update_repos')
354.485  000.152  000.152: require('bindings.usrcmds.plugin_repos.ops')
354.495  000.361  000.209: require('bindings.usrcmds.plugin_repos')
354.756  000.180  000.180: require('bindings.usrcmds.who_locks')
356.114  000.208  000.208: require('wkdoptions.ui.line_numbers')
360.244  000.143  000.143: require('wkdoptions.set_diff_profile.profiles')
360.253  000.364  000.221: require('wkdoptions.set_diff_profile.selector')
371.930  016.239  015.668: require('options')
372.190  000.241  000.241: require('config.ui_open')
372.542  000.163  000.163: require('wkdoptions.config')
372.883  000.165  000.165: require('wkdoptions.config.data.highlight')
373.002  000.113  000.113: require('wkdoptions.config.data.options')
373.138  000.131  000.131: require('wkdoptions.config.data.skip')
373.271  000.125  000.125: require('wkdoptions.hl_config.core.state')
373.398  000.120  000.120: require('wkdoptions.hl_config.core.highlights')
373.526  000.123  000.123: require('wkdoptions.hl_config.utils.skip')
373.815  000.121  000.121: require('wkdoptions.hl_config.utils.winhighlight')
373.990  000.169  000.169: require('wkdoptions.hl_config.utils.large_file')
374.011  000.452  000.162: require('wkdoptions.hl_config.features.cursorline')
374.168  000.151  000.151: require('wkdoptions.hl_config.features.mode_tint')
374.295  000.123  000.123: require('wkdoptions.hl_config.features.flash')
374.418  000.118  000.118: require('wkdoptions.hl_config.features.signcolumn_tint')
374.561  000.139  000.139: require('wkdoptions.hl_config.features.terminal_palette')
374.682  000.116  000.116: require('wkdoptions.hl_config.features.current_word')
374.978  000.291  000.291: require('wkdoptions.hl_config.features.indent_scope')
375.238  000.248  000.248: require('wkdoptions.hl_config.features.diff_peek')
375.870  000.179  000.179: require('wkdoptions.hl_config.path_cache')
376.043  000.166  000.166: require('wkdoptions.hl_config.utils.separator')
376.052  000.539  000.194: require('wkdoptions.hl_config.breadcrumbs.winbar')
376.058  000.813  000.274: require('wkdoptions.hl_config.breadcrumbs')
376.340  000.277  000.277: require('wkdoptions.hl_config.cword_occurrences')
376.349  003.798  000.294: require('wkdoptions.hl_config')
376.356  004.153  000.192: require('wkdoptions')
379.919  002.246  002.246: require('gitsigns')
386.754  000.248  000.248: require('gitsigns.debug.log')
387.192  000.196  000.196: require('gitsigns.util')
387.207  000.444  000.248: require('gitsigns.config')
387.503  001.429  000.737: require('gitsigns.highlight')
387.757  000.226  000.226: require('gitsigns.debounce')
387.776  010.303  006.403: sourcing C:/Users/bartl/AppData/Local/nvim-data/lazy/gitsigns.nvim/plugin/gitsigns.lua
387.795  010.485  000.181: sourcing nvim_exec2() called at C:\Users\bartl\AppData\Local\nvim\init.lua:0
387.810  000.005  000.005: sourcing nvim_exec2() called at C:\Users\bartl\AppData\Local\nvim\init.lua:0
387.846  000.002  000.002: sourcing nvim_exec2() called at C:\Users\bartl\AppData\Local\nvim\init.lua:0
388.310  000.376  000.376: require('nvchad.configs.gitsigns')
394.683  018.020  007.152: require('gitsigns')
395.060  000.272  000.272: require('wkdoptions.config.core.observer')
395.257  000.188  000.188: require('wkdoptions.commands')
395.465  000.201  000.201: require('wkdoptions.commands.register')
395.877  000.164  000.164: require('wkdoptions.hl_config.breadcrumbs.ctx.utils.ts_helpers')
396.172  000.144  000.144: require('wkdoptions.hl_config.breadcrumbs.ctx.utils.text_utils')
396.179  000.294  000.149: require('wkdoptions.hl_config.breadcrumbs.ctx.base')
396.184  000.663  000.205: require('wkdoptions.hl_config.breadcrumbs.ctx')
396.407  000.197  000.197: require('wkdoptions.options_config')
396.747  000.214  000.214: require('wkdoptions.italic_keywords')
396.946  000.159  000.159: require('wkdoptions.qflist')
397.128  000.157  000.157: require('wkdoptions.indent_per_ft')
397.452  000.177  000.177: require('autocmds.auto-center-fexplorer')
397.650  000.165  000.165: require('autocmds.explorer-singleton')
397.955  000.132  000.132: require('autocmds.general.helpers')
398.097  000.136  000.136: require('autocmds.general.defaults')
398.103  000.434  000.166: require('autocmds.general')
398.614  000.264  000.264: require('lib.nvim.git')
398.758  000.136  000.136: require('autocmds.git.defaults')
398.764  000.577  000.176: require('autocmds.git')
398.898  000.122  000.122: require('autocmds.git.commit_ft')
399.050  000.134  000.134: require('autocmds.git.gitsigns_refresh')
399.190  000.119  000.119: require('autocmds.git.blame_on_hold')
399.461  000.115  000.115: require('autocmds.terminals.defaults')
399.467  000.272  000.157: require('autocmds.terminals')
399.769  000.113  000.113: require('autocmds.text.defaults')
399.775  000.273  000.160: require('autocmds.text')
399.839  002.700  000.426: require('autocmds')
400.031  000.168  000.168: require('lsp')
400.153  000.117  000.117: require('lsp.core.handlers')
400.278  000.120  000.120: require('lsp.core.filter')
401.246  000.576  000.576: require('vim.lsp.protocol')
401.335  000.815  000.239: require('vim.lsp.log')
401.705  000.364  000.364: require('vim.lsp.util')
402.080  000.170  000.170: require('vim.lsp.sync')
402.089  000.377  000.207: require('vim.lsp._changetracking')
402.439  000.157  000.157: require('vim.lsp._transport')
402.496  000.052  000.052: require('vim._core.stringbuffer')
402.507  000.414  000.205: require('vim.lsp.rpc')
402.594  002.309  000.339: require('vim.lsp')
403.179  000.347  000.347: require('vim.lsp.completion')
403.271  000.672  000.325: require('vim.lsp.handlers')
403.447  000.170  000.170: require('lsp.core.diagnostics')
403.626  000.166  000.166: require('lsp.core.capabilities')
404.118  000.417  000.417: require('nvchad.configs.lspconfig')
404.704  000.010  000.010: sourcing nvim_exec2() called at C:\Users\bartl\AppData\Local\nvim\init.lua:0
404.737  000.004  000.004: sourcing nvim_exec2() called at C:\Users\bartl\AppData\Local\nvim\init.lua:0
408.219  000.295  000.295: require('cmp_nvim_lsp.source')
408.228  003.096  002.801: require('cmp_nvim_lsp')
408.251  003.276  000.180: sourcing C:/Users/bartl/AppData/Local/nvim-data/lazy/cmp-nvim-lsp/after/plugin/cmp_nvim_lsp.lua
408.270  003.448  000.172: sourcing nvim_exec2() called at C:\Users\bartl\AppData\Local\nvim\init.lua:0
408.279  004.042  000.580: require('cmp_nvim_lsp')
409.267  000.200  000.200: require('lsp.core.attach')
409.473  000.197  000.197: require('lsp.core.workspace_diagnostics')
409.664  000.183  000.183: require('lsp.formatter')
410.496  000.173  000.173: sourcing C:/Users/bartl/AppData/Local/nvim-data/lazy/conform.nvim/plugin/conform.lua
410.516  000.354  000.181: sourcing nvim_exec2() called at C:\Users\bartl\AppData\Local\nvim\init.lua:0
410.528  000.004  000.004: sourcing nvim_exec2() called at C:\Users\bartl\AppData\Local\nvim\init.lua:0
410.560  000.002  000.002: sourcing nvim_exec2() called at C:\Users\bartl\AppData\Local\nvim\init.lua:0
412.964  002.357  002.357: require('conform')
412.995  003.323  000.606: require('conform')
413.173  000.165  000.165: require('lsp.core.util')
413.400  000.221  000.221: require('lsp.formatter.conform')
414.047  000.172  000.172: require('lsp.usercmds.formatter')
414.291  000.205  000.205: require('lsp.usercmds')
414.586  000.218  000.218: require('lsp.usercmds.workspace_diagnostics')
414.852  000.210  000.210: require('lsp.languages')
415.045  000.185  000.185: require('lsp.languages.app.csharp')
415.220  000.153  000.153: require('lsp.languages.app.java')
415.406  000.167  000.167: require('lsp.languages.app.dart')
415.612  000.186  000.186: require('lsp.languages.documentation.markdown')
415.929  000.278  000.278: require('lsp.languages.documentation.markdown_words')
416.173  000.182  000.182: require('lsp.languages.scripting.lua')
416.389  000.199  000.199: require('lsp.languages.scripting.shell')
429.826  000.270  000.270: require('lsp.languages.systems.c')
430.066  000.201  000.201: require('lsp.languages.systems.go')
430.245  000.158  000.158: require('lsp.languages.systems.zig')
430.448  000.179  000.179: require('lsp.languages.webdev.astro')
430.729  000.275  000.275: require('lsp.languages.webdev.astro.usercmds')
430.999  000.221  000.221: require('lsp.languages.webdev.astro.autocmds')
431.223  000.195  000.195: require('lsp.servers.webdev.astro.autotag')
435.112  000.231  000.231: require('nvim-ts-autotag._log')
435.334  000.210  000.210: require('nvim-ts-autotag.config.init')
435.983  000.192  000.192: require('nvim-ts-autotag.utils')
435.993  000.429  000.237: require('nvim-ts-autotag.config.ft')
435.999  000.658  000.229: require('nvim-ts-autotag.config.plugin')
436.010  001.450  000.351: require('nvim-ts-autotag.internal')
436.015  003.905  002.454: require('nvim-ts-autotag')
436.019  004.052  000.147: sourcing C:/Users/bartl/AppData/Local/nvim-data/lazy/nvim-ts-autotag/plugin/nvim-ts-autotag.lua
436.050  004.236  000.183: sourcing nvim_exec2() called at C:\Users\bartl\AppData\Local\nvim\init.lua:0
436.069  000.006  000.006: sourcing nvim_exec2() called at C:\Users\bartl\AppData\Local\nvim\init.lua:0
436.110  000.006  000.006: sourcing nvim_exec2() called at C:\Users\bartl\AppData\Local\nvim\init.lua:0
436.873  005.644  001.397: require('nvim-ts-autotag')
437.207  000.309  000.309: require('lsp.languages.webdev.typescript')
437.607  000.355  000.355: require('lsp.languages.webdev.html')
437.925  000.275  000.275: require('lsp.core.registry')
438.193  000.257  000.257: require('lsp.servers.bashls')
451.921  000.279  000.279: require('lsp.servers.lua_ls.ignore')
452.460  000.299  000.299: require('lsp.core.root_scope')
452.472  000.538  000.240: require('lsp.servers.lua_ls.rootresolver')
452.743  000.267  000.267: require('lsp.servers.lua_ls.library_profiles')
452.752  001.485  000.401: require('lsp.servers.lua_ls')
454.081  000.285  000.285: require('lsp.servers.lua_ls.reload')
454.367  000.223  000.223: require('lsp.servers.gopls')
455.807  000.192  000.192: require('lsp.servers.marksman.config')
456.010  000.194  000.194: require('lsp.servers.marksman.diagnostics_handler')
456.504  000.323  000.323: require('lib.nvim.cross.fs._cwd')
456.512  000.495  000.172: require('lsp.servers.marksman.rootresolver')
456.516  001.171  000.289: require('lsp.servers.marksman')
456.699  000.176  000.176: require('lsp.servers.marksman.code_action_handler')
458.804  000.500  000.500: require('lib.nvim.cross.executable')
458.817  000.733  000.233: require('lsp.servers.webdev.html')
461.197  000.346  000.346: require('lsp.servers.webdev.ts_ls')
462.901  000.252  000.252: require('lsp.servers.webdev.tailwindcss')
464.025  000.243  000.243: require('lsp.servers.csharp')
471.223  000.240  000.240: require('lsp.lspdoctor.@types')
471.474  000.214  000.214: require('lsp.lspdoctor.health')
471.702  000.222  000.222: require('lsp.lspdoctor.debug')
471.934  000.223  000.223: require('lsp.lspdoctor.inspect')
471.946  001.299  000.400: require('lsp.lspdoctor')
472.416  000.223  000.223: require('lsp.tools.eslint_prettier.core.find_root')
472.647  000.222  000.222: require('lsp.tools.eslint_prettier.core.check_config')
473.184  000.311  000.311: require('lib.nvim.cross.uv.spawn_capture')
473.392  000.198  000.198: require('lsp.tools.eslint_prettier.eslint')
473.401  000.745  000.236: require('lsp.tools.eslint_prettier.eslint.fix')
473.784  000.190  000.190: require('lsp.tools.eslint_prettier.prettier')
473.791  000.386  000.197: require('lsp.tools.eslint_prettier.prettier.format')
473.958  000.164  000.164: require('lsp.tools.eslint_prettier.autocmds')
474.132  000.170  000.170: require('lsp.tools.eslint_prettier.usercmds')
474.140  002.150  000.241: require('lsp.tools.eslint_prettier')
474.796  000.172  000.172: require('lsp.tools.lsp_signature.open_floating_preview')
475.144  000.172  000.172: require('lsp.tools.lsp_signature.split_lines')
475.151  000.349  000.177: require('lsp.tools.lsp_signature.format_signature_help')
475.306  000.152  000.152: require('lsp.tools.lsp_signature.state')
475.681  000.136  000.136: require('lsp.tools.lsp_signature.utils.helper')
475.688  000.375  000.240: require('lsp.tools.lsp_signature.highlights.parameters')
475.962  000.129  000.129: require('lsp.tools.lsp_signature.format_hover')
475.968  000.277  000.148: require('lsp.tools.lsp_signature.show_hover')
476.162  000.191  000.191: require('lsp.tools.lsp_signature.fallback_providers')
476.206  000.032  000.032: sourcing nvim_exec2() called at C:\Users\bartl\AppData\Local\nvim\init.lua:0
476.218  000.004  000.004: sourcing nvim_exec2() called at C:\Users\bartl\AppData\Local\nvim\init.lua:0
476.225  000.003  000.003: sourcing nvim_exec2() called at C:\Users\bartl\AppData\Local\nvim\init.lua:0
476.231  000.004  000.004: sourcing nvim_exec2() called at C:\Users\bartl\AppData\Local\nvim\init.lua:0
476.238  000.003  000.003: sourcing nvim_exec2() called at C:\Users\bartl\AppData\Local\nvim\init.lua:0
476.240  001.833  000.272: require('lsp.tools.lsp_signature.request_and_show')
476.244  002.029  000.196: require('lsp.tools.lsp_signature')
476.459  000.190  000.190: require('lsp.tools.ts_type_lookup')
476.694  000.228  000.228: require('lsp.tools.ts_type_lookup.cmds')
479.741  000.006  000.006: sourcing nvim_exec2() called at C:\Users\bartl\AppData\Local\nvim\init.lua:0
479.795  000.002  000.002: sourcing nvim_exec2() called at C:\Users\bartl\AppData\Local\nvim\init.lua:0
480.335  000.316  000.316: sourcing C:/Users/bartl/AppData/Local/nvim-data/lazy/telescope.nvim/plugin/telescope.lua
480.353  000.474  000.159: sourcing nvim_exec2() called at C:\Users\bartl\AppData\Local\nvim\init.lua:0
480.365  000.003  000.003: sourcing nvim_exec2() called at C:\Users\bartl\AppData\Local\nvim\init.lua:0
480.406  000.002  000.002: sourcing nvim_exec2() called at C:\Users\bartl\AppData\Local\nvim\init.lua:0
485.874  001.210  001.210: require('plenary.strings')
487.348  000.539  000.539: require('plenary.log')
487.402  001.048  000.509: require('telescope.log')
489.147  000.610  000.610: require('plenary.compat')
489.184  001.341  000.730: require('plenary.job')
489.447  000.260  000.260: require('telescope.state')
489.519  002.113  000.513: require('telescope.utils')
489.539  003.655  000.494: require('telescope.sorters')
491.590  007.451  002.586: require('telescope.config')
492.268  000.306  000.306: require('plenary.window.border')
492.527  000.249  000.249: require('plenary.window')
492.741  000.205  000.205: require('plenary.popup.utils')
492.751  001.153  000.392: require('plenary.popup')
492.994  000.238  000.238: require('telescope.pickers.scroller')
493.199  000.198  000.198: require('telescope.actions.state')
493.392  000.187  000.187: require('telescope.actions.utils')
493.743  000.176  000.176: require('telescope.actions.mt')
493.759  000.362  000.186: require('telescope.actions.set')
494.121  000.174  000.174: require('telescope.config.resolve')
494.130  000.369  000.194: require('telescope.pickers.entry_display')
494.319  000.184  000.184: require('telescope.from_entry')
494.521  013.691  003.547: require('telescope.actions')
494.527  014.075  000.384: require('nvchad.configs.telescope')
494.880  000.163  000.163: require('config.telescope.file_browser.keymaps')
495.350  000.190  000.190: require('pickers.entry_actions.extract.telescope')
495.369  000.482  000.292: require('pickers.entry_actions.adapters.telescope')
495.379  000.849  000.204: require('config.telescope')
495.759  000.195  000.195: require('telescope._extensions')
495.773  000.391  000.196: require('telescope')
496.688  000.152  000.152: sourcing E:/repos/pdfport.nvim/plugin/pdfport.lua
496.705  000.355  000.203: sourcing nvim_exec2() called at C:\Users\bartl\AppData\Local\nvim\init.lua:0
496.721  000.006  000.006: sourcing nvim_exec2() called at C:\Users\bartl\AppData\Local\nvim\init.lua:0
496.776  000.003  000.003: sourcing nvim_exec2() called at C:\Users\bartl\AppData\Local\nvim\init.lua:0
500.043  000.229  000.229: require('pdfport.config.DEFAULTS')
500.052  000.464  000.235: require('pdfport.config')
500.218  000.162  000.162: require('pdfport.util.notify')
500.236  003.324  002.698: require('pdfport')
500.596  000.175  000.175: require('pdfport.core.registry')
500.603  000.351  000.176: require('pdfport.core.resolver')
500.805  000.199  000.199: require('pdfport.core.dispatcher')
501.061  000.248  000.248: require('pdfport.core.composer')
501.355  000.286  000.286: require('pdfport.backends')
501.661  000.290  000.290: require('pdfport.producers')
501.926  000.248  000.248: require('pdfport.renderers.buffer')
502.189  000.253  000.253: require('pdfport.renderers.float')
502.907  000.367  000.367: require('pdfport.platform')
502.928  000.729  000.362: require('pdfport.renderers.system')
503.431  000.255  000.255: require('pdfport.core.rasterize')
503.593  000.660  000.405: require('pdfport.renderers.terminal')
504.492  000.514  000.514: require('pdfport.util.page_range')
504.836  001.230  000.716: require('pdfport.bindings.usrcmds')
505.995  010.138  001.957: require('pdfport.integrations.telescope')
509.110  000.125  000.125: require('plenary.tbl')
509.119  000.272  000.147: require('plenary.vararg.rotate')
509.123  000.423  000.151: require('plenary.vararg')
509.267  000.141  000.141: require('plenary.errors')
509.274  000.722  000.157: require('plenary.async.async')
509.818  000.119  000.119: require('plenary.async.structs')
509.849  000.283  000.164: require('plenary.async.control')
509.868  000.427  000.144: require('plenary.async.util')
509.871  000.569  000.142: require('plenary.async.tests')
509.874  001.550  000.260: require('plenary.async')
510.062  000.184  000.184: require('telescope.debounce')
510.281  000.214  000.214: require('telescope.mappings')
510.487  000.199  000.199: require('telescope.pickers.highlights')
510.663  000.171  000.171: require('telescope.pickers.window')
510.868  000.201  000.201: require('telescope.pickers.layout')
511.193  000.158  000.158: require('telescope.algos.linked_list')
511.200  000.326  000.168: require('telescope.entry_manager')
511.351  000.148  000.148: require('telescope.pickers.multi')
511.369  003.355  000.362: require('telescope.pickers')
511.840  000.254  000.254: require('telescope.make_entry')
512.014  000.168  000.168: require('telescope.finders.async_static_finder')
512.475  000.138  000.138: require('plenary.class')
512.558  000.376  000.237: require('telescope.async_job')
512.564  000.545  000.170: require('telescope.finders.async_oneshot_finder')
512.776  000.208  000.208: require('telescope.finders.async_job_finder')
512.784  001.413  000.236: require('telescope.finders')
513.130  000.168  000.168: require('telescope.previewers.previewer')
513.518  000.197  000.197: require('telescope.previewers.utils')
524.952  011.816  011.620: require('telescope.previewers.term_previewer')
536.624  011.664  011.664: require('telescope.previewers.buffer_previewer')
536.633  023.847  000.199: require('telescope.previewers')
536.640  029.051  000.436: require('telescope._extensions.themes')
536.976  000.331  000.331: require('telescope._extensions.terms')
537.952  061.004  005.682: require('telescope')
537.960  061.221  000.217: require('lsp.tools.ts_type_lookup.ts_telescope_picker')
538.259  000.271  000.271: require('lsp.tools.ts_type_lookup.noice_integration')
538.651  000.173  000.173: require('lsp.tools.deprecated_help.lsp_common')
538.945  000.119  000.119: require('lsp.tools.deprecated_help.helper')
539.067  000.117  000.117: require('lsp.tools.deprecated_help.lsp.lua_ls.catch')
539.207  000.136  000.136: require('lsp.tools.deprecated_help.lsp.lua_ls.diagnostic')
539.337  000.112  000.112: require('lsp.tools.deprecated_help.defaults')
539.342  000.684  000.201: require('lsp.tools.deprecated_help.lsp.lua_ls.lua_ls')
539.464  000.108  000.108: require('lsp.tools.deprecated_help.lsp.lua_ls.publish_diagnostics')
539.468  001.203  000.238: require('lsp.tools.deprecated_help')
539.904  000.150  000.150: require('lsp.diagnostics.util')
540.071  000.162  000.162: require('lsp.diagnostics.loclist')
540.192  000.116  000.116: require('lsp.diagnostics.quickfix')
540.197  000.593  000.165: require('lsp.diagnostics.commands')
540.317  000.117  000.117: require('lsp.diagnostics.keymaps')
540.321  000.848  000.138: require('lsp.diagnostics')
541.165  514.705  123.915: sourcing C:\Users\bartl\AppData\Local\nvim\init.lua
541.219  001.942: sourcing vimrc file(s)
543.087  000.121  000.121: sourcing C:\Program Files\Neovim\share\nvim\runtime\filetype.lua
544.839  000.186  000.186: sourcing C:\Program Files\Neovim\share\nvim\runtime\syntax\synload.vim
544.993  001.405  001.219: sourcing C:\Program Files\Neovim\share/nvim/runtime/syntax/syntax.vim
545.018  002.273: inits 3
547.732  002.714: reading ShaDa
548.631  000.078  000.078: sourcing C:\Users\bartl\AppData\Local\nvim-data\lazy\vim-matchup\autoload\matchup\ts_engine.vim
549.701  000.100  000.100: sourcing C:\Users\bartl\AppData\Local\nvim-data\lazy\vim-matchup\autoload\matchup\re.vim
550.036  000.236  000.236: require('gitsigns.async')
550.475  002.328: opening buffers
551.405  000.201  000.201: require('gitsigns.hunks')
551.730  000.154  000.154: require('gitsigns.diff')
551.927  000.190  000.190: require('gitsigns.cache')
551.938  000.525  000.182: require('gitsigns.manager')
552.071  000.131  000.131: require('gitsigns.message')
552.240  000.155  000.155: require('gitsigns.repeat')
552.284  001.377  000.366: require('gitsigns.actions')
552.639  000.174  000.174: require('gitsigns.signs')
552.653  000.365  000.191: require('gitsigns.sign_renderer')
553.144  000.147  000.147: require('gitsigns.blame_formatter')
553.165  000.361  000.214: require('gitsigns.current_line_blame')
553.179  000.601: BufEnter autocommands
553.191  000.012: editing files in windows
553.613  000.005  000.005: sourcing nvim_exec2() called at VimEnter Autocommands for "*":0
553.656  000.002  000.002: sourcing nvim_exec2() called at VimEnter Autocommands for "*":0
556.638  000.169  000.169: require('github_stats.config.DEFAULTS')
556.648  000.388  000.219: require('github_stats.config')
557.296  000.206  000.206: require('lib.nvim.net.curl.@types')
557.306  000.464  000.257: require('lib.nvim.net.curl')
557.310  000.659  000.195: require('github_stats.api')
557.492  000.179  000.179: require('github_stats.storage')
557.665  000.168  000.168: require('github_stats.fetcher')
557.871  000.201  000.201: require('github_stats.analytics')
558.225  000.146  000.146: require('github_stats.state.ui_state')
558.378  000.147  000.147: require('github_stats.dashboard.state')
558.547  000.164  000.164: require('github_stats.dashboard.render')
559.053  000.144  000.144: require('lib.nvim.window.center')
559.220  000.160  000.160: require('lib.nvim.window.find_usable')
559.365  000.139  000.139: require('lib.nvim.window.focus_helpers')
559.515  000.145  000.145: require('lib.nvim.window.open_named_scratch')
559.655  000.134  000.134: require('lib.nvim.window.open_scratch_split')
559.805  000.145  000.145: require('lib.nvim.window.tag')
559.811  001.093  000.225: require('lib.nvim.window')
559.954  000.140  000.140: require('github_stats.dashboard.movement')
560.311  000.219  000.219: require('github_stats.visualization')
560.319  000.360  000.141: require('github_stats.dashboard.detail')
560.509  000.187  000.187: require('github_stats.dashboard.actions')
560.515  001.964  000.183: require('github_stats.bindings.keymaps')
560.520  002.643  000.223: require('github_stats.dashboard')
560.522  006.841  002.603: require('github_stats')
560.937  000.152  000.152: require('github_stats.bindings.usrcmds.fetch')
561.235  000.147  000.147: require('github_stats.date_presets')
561.412  000.171  000.171: require('github_stats.bindings.usrcmds.utils')
561.418  000.476  000.158: require('github_stats.bindings.usrcmds.show')
561.568  000.147  000.147: require('github_stats.bindings.usrcmds.summary')
561.762  000.186  000.186: require('github_stats.bindings.usrcmds.referrers')
561.903  000.137  000.137: require('github_stats.bindings.usrcmds.paths')
562.059  000.151  000.151: require('github_stats.bindings.usrcmds.debug')
562.332  000.138  000.138: require('github_stats.retention')
562.338  000.275  000.137: require('github_stats.bindings.usrcmds.compact')
562.527  000.187  000.187: require('github_stats.bindings.usrcmds.chart')
562.850  000.169  000.169: require('github_stats.export')
562.856  000.324  000.155: require('github_stats.bindings.usrcmds.export')
563.185  000.176  000.176: require('github_stats.diff')
563.191  000.332  000.157: require('github_stats.bindings.usrcmds.diff')
563.359  000.165  000.165: require('github_stats.bindings.usrcmds.dashboard')
563.369  002.824  000.291: require('github_stats.bindings.usrcmds')
563.677  000.160  000.160: require('github_stats.bindings.autocmds')
564.021  000.211  000.211: require('github_stats.background')
575.172  000.323  000.323: require('insights.conflicts')
695.025  131.468: VimEnter autocommands
698.420  000.206  000.206: sourcing C:\Users\bartl\AppData\Local\nvim-data\lazy\vim-visual-multi\autoload\vm\plugs.vim
699.038  000.166  000.166: sourcing C:\Users\bartl\AppData\Local\nvim-data\lazy\vim-visual-multi\autoload\vm\maps.vim
699.441  000.132  000.132: sourcing C:\Users\bartl\AppData\Local\nvim-data\lazy\vim-visual-multi\autoload\vm\maps\all.vim
700.135  004.509  004.006: sourcing C:/Users/bartl/AppData/Local/nvim-data/lazy/vim-visual-multi/plugin/visual-multi.vim
700.154  004.696  000.186: sourcing nvim_exec2() called at UIEnter Autocommands for "*":0
700.196  000.002  000.002: sourcing nvim_exec2() called at UIEnter Autocommands for "*":0
700.243  000.002  000.002: sourcing nvim_exec2() called at UIEnter Autocommands for "*":0
700.614  000.285  000.285: require('snacks.picker')
700.850  000.228  000.228: require('snacks.picker.config')
701.294  000.253  000.253: require('snacks.util')
701.461  000.604  000.351: require('snacks.picker.config.highlights')
701.712  000.244  000.244: require('snacks.picker.config.defaults')
702.038  000.320  000.320: require('snacks.picker.config.sources')
702.245  000.201  000.201: require('snacks.picker.config.layouts')
704.050  002.444: UIEnter autocommands
734.148  028.124  028.124: sourcing C:\Program Files\Neovim\share\nvim\runtime\autoload\provider\clipboard.vim
734.171  001.997: before starting main loop
735.560  000.328  000.328: require('nvchad.stl.default')
736.200  000.005  000.005: sourcing nvim_exec2()
736.240  000.002  000.002: sourcing nvim_exec2()
739.013  000.160  000.160: require('filetree.config.DEFAULTS')
739.021  000.372  000.212: require('filetree.config')
739.351  000.139  000.139: require('filetree.util.notify')
739.369  000.345  000.205: require('filetree.adapter')
739.708  000.144  000.144: require('filetree.util.usercmd')
739.731  000.360  000.216: require('filetree.commands')
739.935  000.201  000.201: require('filetree.features')
740.219  000.131  000.131: require('filetree.util.autocmd')
740.225  000.285  000.154: require('filetree.util.tree_attach')
740.361  000.127  000.127: require('filetree.util.map')
740.368  004.103  002.413: require('filetree')
740.917  000.157  000.157: require('lib.nvim.neotree.node.@types')
740.924  000.351  000.194: require('lib.nvim.neotree.node')
740.961  000.572  000.221: require('filetree.adapter.neotree')
741.145  000.178  000.178: require('filetree.util.progress')
741.647  000.136  000.136: require('filetree.util.platform')
741.662  000.310  000.174: require('filetree.util.pdf')
741.805  000.136  000.136: require('filetree.util.confirm')
741.812  000.661  000.215: require('filetree.features.system.pdf_create')
742.225  000.174  000.174: require('filetree.util.select')
742.233  000.383  000.210: require('filetree.features.system.open_with')
742.712  000.128  000.128: require('filetree.util.path')
742.736  000.297  000.168: require('filetree.util.buffer')
742.901  000.162  000.162: require('filetree.util.window')
742.907  000.666  000.207: require('filetree.features.fileops.open_variants')
743.097  000.182  000.182: require('filetree.features.nav.layout_guard')
743.672  000.165  000.165: require('lib.nvim.ui.statusline.@types')
743.678  000.359  000.194: require('lib.nvim.ui.statusline')
743.683  000.558  000.199: require('filetree.features.ui.breadcrumbs')
743.983  000.242  000.242: require('filetree.features.git.git_status')
744.181  000.150  000.150: require('filetree.util.root')
744.796  000.187  000.187: require('lib.nvim.fs.chdir.@types')
744.806  000.384  000.198: require('lib.nvim.fs.chdir')
745.175  000.166  000.166: require('lib.nvim.fs.dir_guard.@types')
745.181  000.372  000.206: require('lib.nvim.fs.dir_guard')
745.209  001.021  000.265: require('filetree.features.nav.cwd_mode')
745.415  000.198  000.198: require('filetree.features.infra.project_root')
756.404  000.398  000.398: require('filetree.features.compare.diff')
756.790  000.364  000.364: require('filetree.features.system.open_in_fm')
757.569  000.313  000.313: require('filetree.util.confirm_choice')
757.811  000.232  000.232: require('filetree.util.markdown_refs')
758.046  000.226  000.226: require('filetree.util.refs_picker')
758.289  000.235  000.235: require('lib.nvim.cross.fs.mutate')
758.731  000.202  000.202: require('lib.nvim.neotree.watch.@types')
758.741  000.445  000.243: require('lib.nvim.neotree.watch')
758.748  001.938  000.486: require('filetree.features.fileops.smart_rename')
759.051  000.253  000.253: require('filetree.features.fileops.smart_create')
759.282  000.221  000.221: require('filetree.features.nav.no_name_guard')
759.898  000.267  000.267: require('filetree.util.fs')
760.166  000.259  000.259: require('filetree.util.ignore')
760.176  000.846  000.320: require('filetree.features.paths.markdown_links')
760.515  000.329  000.329: require('filetree.features.org.session')
761.388  000.408  000.408: require('filetree.features.search.grep_in_dir')
761.743  000.340  000.340: require('filetree.features.ui.size_info')
764.222  001.449  001.449: require('neo-tree.utils._compat')
764.281  001.961  000.512: require('neo-tree.utils')
765.777  000.263  000.263: require('nui.object')
766.562  000.250  000.250: require('vim.version')
767.659  001.623  001.373: require('nui.utils')
767.690  001.903  000.281: require('nui.text')
767.715  002.475  000.309: require('nui.line')
768.281  000.230  000.230: require('nui.tree.util')
768.305  000.587  000.356: require('nui.tree')
768.859  000.213  000.213: require('nui.utils.buf_storage')
769.128  000.262  000.262: require('nui.utils.autocmd')
769.360  000.224  000.224: require('nui.utils.keymap')
769.888  000.273  000.273: require('nui.layout.utils')
769.897  000.531  000.258: require('nui.split.utils')
769.921  001.613  000.382: require('nui.split')
770.502  000.353  000.353: require('nui.popup.border')
770.525  000.601  000.248: require('nui.popup')
770.874  000.346  000.346: require('neo-tree.ui.highlights')
771.165  000.286  000.286: require('neo-tree.ui.popups')
771.954  000.244  000.244: require('neo-tree.collections')
772.197  000.236  000.236: require('neo-tree.health.typecheck')
772.207  000.765  000.284: require('neo-tree.events.queue')
772.213  001.043  000.278: require('neo-tree.events')
772.429  000.212  000.212: require('neo-tree.ui.windows')
772.453  007.710  000.547: require('neo-tree.ui.renderer')
772.752  000.296  000.296: require('neo-tree.sources.filesystem.lib.filter_external')
773.500  000.228  000.228: require('neo-tree.sources.filesystem.lib.globtopattern')
773.513  000.503  000.276: require('neo-tree.sources.common.file-nesting')
773.520  000.762  000.259: require('neo-tree.sources.common.file-items')
773.758  000.235  000.235: require('neo-tree.sources.filesystem.lib.fs_watch')
774.303  000.249  000.249: require('neo-tree.git.utils')
774.515  000.206  000.206: require('neo-tree.git.cmd')
775.087  000.285  000.285: require('neo-tree.git.parser')
775.099  000.577  000.292: require('neo-tree.git.ls-files')
775.360  000.258  000.258: require('neo-tree.git.diff')
775.374  001.610  000.320: require('neo-tree.git')
775.953  000.339  000.339: require('neo-tree.sources.filesystem.lib.lua-glob')
775.966  000.589  000.250: require('neo-tree.sources.filesystem.lib.ignored')
775.980  011.694  000.492: require('neo-tree.sources.filesystem.lib.fs_scan')
776.474  000.243  000.243: require('nui.input')
776.481  000.497  000.255: require('neo-tree.ui.inputs')
776.500  014.719  000.567: require('neo-tree.sources.manager')
777.367  000.478  000.478: require('neo-tree.defaults')
777.700  000.324  000.324: require('neo-tree.setup.mapping-helper')
778.026  000.316  000.316: require('neo-tree.setup.netrw')
778.414  000.368  000.368: require('neo-tree.sources.common.hijack_cursor')
778.429  001.923  000.436: require('neo-tree.setup')
779.121  000.378  000.378: require('neo-tree.setup.deprecations')
780.663  000.013  000.013: sourcing nvim_exec2()
780.698  000.005  000.005: sourcing nvim_exec2()
780.711  000.003  000.003: sourcing nvim_exec2()
780.722  000.003  000.003: sourcing nvim_exec2()
780.734  000.002  000.002: sourcing nvim_exec2()
780.742  000.002  000.002: sourcing nvim_exec2()
780.752  000.002  000.002: sourcing nvim_exec2()
780.761  000.002  000.002: sourcing nvim_exec2()
780.775  000.005  000.005: sourcing nvim_exec2()
780.792  000.006  000.006: sourcing nvim_exec2()
780.812  000.002  000.002: sourcing nvim_exec2()
780.848  000.006  000.006: sourcing nvim_exec2()
780.871  000.003  000.003: sourcing nvim_exec2()
780.880  000.003  000.003: sourcing nvim_exec2()
780.890  000.002  000.002: sourcing nvim_exec2()
780.899  000.002  000.002: sourcing nvim_exec2()
780.912  000.002  000.002: sourcing nvim_exec2()
780.963  000.002  000.002: sourcing nvim_exec2()
780.973  000.002  000.002: sourcing nvim_exec2()
780.983  000.002  000.002: sourcing nvim_exec2()
780.992  000.002  000.002: sourcing nvim_exec2()
781.002  000.002  000.002: sourcing nvim_exec2()
781.012  000.004  000.004: sourcing nvim_exec2()
781.021  000.003  000.003: sourcing nvim_exec2()
781.030  000.002  000.002: sourcing nvim_exec2()
781.041  000.005  000.005: sourcing nvim_exec2()
781.052  000.002  000.002: sourcing nvim_exec2()
781.061  000.002  000.002: sourcing nvim_exec2()
781.071  000.003  000.003: sourcing nvim_exec2()
781.080  000.002  000.002: sourcing nvim_exec2()
781.090  000.002  000.002: sourcing nvim_exec2()
781.104  000.002  000.002: sourcing nvim_exec2()
781.115  000.002  000.002: sourcing nvim_exec2()
781.124  000.002  000.002: sourcing nvim_exec2()
781.136  000.004  000.004: sourcing nvim_exec2()
781.145  000.002  000.002: sourcing nvim_exec2()
781.154  000.002  000.002: sourcing nvim_exec2()
781.162  000.002  000.002: sourcing nvim_exec2()
781.171  000.002  000.002: sourcing nvim_exec2()
781.182  000.002  000.002: sourcing nvim_exec2()
781.191  000.002  000.002: sourcing nvim_exec2()
781.215  000.003  000.003: sourcing nvim_exec2()
781.260  000.006  000.006: sourcing nvim_exec2()
783.330  002.060  002.060: require('neo-tree.sources.filesystem')
784.399  000.356  000.356: require('neo-tree.sources.buffers.lib.items')
784.416  001.062  000.705: require('neo-tree.sources.buffers')
785.107  000.319  000.319: require('neo-tree.sources.git_status.lib.items')
785.119  000.693  000.374: require('neo-tree.sources.git_status')
786.147  000.334  000.334: require('neo-tree.sources.document_symbols.lib.client_filters')
786.504  000.347  000.347: require('neo-tree.sources.document_symbols.lib.kinds')
786.518  001.043  000.361: require('neo-tree.sources.document_symbols.lib.symbols_utils')
786.525  001.397  000.354: require('neo-tree.sources.document_symbols')
787.114  000.262  000.262: require('neo-tree.sources.diagnostics.lib.items')
787.355  000.232  000.232: require('neo-tree.sources.diagnostics.highlights')
787.590  000.227  000.227: require('neo-tree.sources.diagnostics.defaults')
787.605  001.071  000.350: require('neo-tree.sources.diagnostics')
788.133  000.223  000.223: require('neo-tree.sources.tests.defaults')
788.142  000.528  000.305: require('neo-tree.sources.tests')
788.533  000.308  000.308: require('neo-tree.command.parser')
789.558  000.295  000.295: require('neo-tree.sources.common.container')
789.582  000.624  000.329: require('neo-tree.sources.common.components')
789.594  000.979  000.355: require('neo-tree.sources.document_symbols.components')
790.814  000.278  000.278: require('plenary.scandir')
790.835  000.645  000.367: require('neo-tree.sources.filesystem.lib.fs_actions')
791.120  000.281  000.281: require('neo-tree.sources.common.help')
791.554  000.428  000.428: require('neo-tree.sources.common.preview')
791.919  000.356  000.356: require('neo-tree.sources.common.node_expander')
791.964  002.110  000.400: require('neo-tree.sources.common.commands')
792.794  000.407  000.407: require('neo-tree.sources.common.filters.filter_fzy')
792.807  000.837  000.429: require('neo-tree.sources.common.filters')
793.225  003.626  000.679: require('neo-tree.sources.document_symbols.commands')
793.745  000.377  000.377: require('neo-tree.sources.filesystem.components')
794.637  000.500  000.500: require('neo-tree.sources.filesystem.lib.filter')
794.771  001.016  000.516: require('neo-tree.sources.filesystem.commands')
795.417  000.355  000.355: require('neo-tree.sources.diagnostics.components')
795.726  000.299  000.299: require('neo-tree.sources.diagnostics.commands')
796.269  000.380  000.380: require('neo-tree.sources.git_status.components')
796.684  000.403  000.403: require('neo-tree.sources.git_status.commands')
797.227  000.426  000.426: require('neo-tree.sources.buffers.components')
797.693  000.454  000.454: require('neo-tree.sources.buffers.commands')
798.213  000.330  000.330: require('neo-tree.sources.tests.components')
798.589  000.367  000.367: require('neo-tree.sources.tests.commands')
798.957  000.149  000.149: sourcing nvim_exec2()
799.783  000.008  000.008: sourcing nvim_exec2()
799.799  000.002  000.002: sourcing nvim_exec2()
799.807  000.002  000.002: sourcing nvim_exec2()
799.813  000.002  000.002: sourcing nvim_exec2()
799.824  000.004  000.004: sourcing nvim_exec2()
799.832  000.001  000.001: sourcing nvim_exec2()
799.839  000.001  000.001: sourcing nvim_exec2()
800.816  000.394  000.394: require('neo-tree.clipboard')
801.103  000.279  000.279: require('neo-tree.clipboard.sync.base')
801.710  000.326  000.326: require('filetree.features.lsp.lsp_diagnostics')
802.106  000.337  000.337: require('filetree.features.fileops.buffer_save')
802.408  000.289  000.289: require('filetree.features.paths.lua_require_copy')
802.707  000.289  000.289: require('filetree.features.paths.path_copy')
803.027  000.280  000.280: require('filetree.features.fileops.open_replace')
803.369  000.332  000.332: require('filetree.features.infra.file_watcher')
804.002  000.266  000.266: require('filetree.util.line_count')
804.027  000.626  000.360: require('filetree.features.ui.preview')
804.317  000.254  000.254: require('filetree.features.ui.context_menu')
804.597  000.269  000.269: require('filetree.features.search.live_search')
804.880  000.273  000.273: require('filetree.features.ui.window_style')
805.181  000.275  000.275: require('filetree.features.infra.hooks_api')
805.426  000.235  000.235: require('filetree.features.infra.handle_guard')
806.040  000.601  000.601: require('filetree.features.infra.watcher_quarantine')
806.846  000.414  000.414: require('filetree.features.fileops.trash.platform')
807.234  000.382  000.382: require('filetree.features.fileops.trash.undo')
807.272  001.211  000.416: require('filetree.features.fileops.trash')
807.668  000.348  000.348: require('filetree.features.ui.opened_sync')
808.077  000.365  000.365: require('filetree.features.infra.ignore_list')
808.922  000.454  000.454: require('filetree.features.nav.tree_traverse')
809.519  000.577  000.577: require('filetree.features.fileops.rename_batch')
810.197  000.664  000.664: require('filetree.features.fileops.copy_move')
810.645  000.365  000.365: require('filetree.features.ui.tree_reset')
811.146  000.493  000.493: require('filetree.features.ui.node_info')
811.674  000.505  000.505: require('filetree.features.ui.cursor_hide')
812.318  000.542  000.542: require('filetree.features.nav.cwd_sync')
813.089  000.691  000.691: require('filetree.features.org.marks')
813.699  000.546  000.546: require('filetree.features.ui.window_size_cycler')
815.187  000.676  000.676: require('filetree.bindings.keymaps')
815.585  000.389  000.389: require('filetree.bindings.autocmds')
815.593  001.470  000.406: require('filetree.bindings')
815.606  001.886  000.417: require('filetree.features.ui.cheatsheet')
816.182  000.568  000.568: require('filetree.features.search.filter')
816.579  000.370  000.370: require('filetree.features.nav.buffer_cycle')
817.049  000.461  000.461: require('filetree.features.paths.copy_file_list')
817.439  000.371  000.371: require('filetree.features.system.shell_run')
817.793  000.345  000.345: require('filetree.features.ui.current_hl')
818.419  000.565  000.565: require('filetree.features.search.find_files')
818.850  000.418  000.418: require('filetree.features.system.pdf_open')
819.812  000.271  000.271: require('pickers.engines')
820.025  000.205  000.205: require('lib.nvim.lua_ls.get_module_path')
820.037  001.176  000.700: require('filetree.features.fileops.create_from_template')
820.243  000.198  000.198: require('filetree.features.fileops.link_create')
820.436  000.185  000.185: require('filetree.features.nav.reveal_alt')
820.650  000.207  000.207: require('filetree.features.nav.auto_reveal')
821.744  000.293  000.293: require('filetree.attach')
822.310  000.245  000.245: require('neo-tree.command.completion')
822.318  000.549  000.303: require('neo-tree.command')
822.426  086.838  019.951: require('filetree')
822.950  000.007  000.007: sourcing nvim_exec2()
822.975  000.002  000.002: sourcing nvim_exec2()
826.116  002.907  002.907: require('base46.colors')
826.128  003.695  000.779: require('base46')
826.326  000.194  000.194: require('base46.themes.tokyonight')
827.303  000.291  000.291: require('vim.lsp.client')
827.516  000.203  000.203: require('lib.nvim.progress.styles.statusline')
828.067  002.347: first screen update
828.070  000.003: --- NVIM STARTED ---

